# https://github.com/mikedh/trimesh
v 0.07282152 0.36722505 9.99693648
v -2.22539080 -1.21867828 9.90463681
v 2.66401352 -0.20109176 9.90998414
v -1.24023140 1.65663469 9.91946098
v -0.00000000 -0.00000000 10.00000000
v 0.63873811 0.24221656 9.99359437
v -1.23299328 0.25385024 9.97954367
v 0.80443030 -0.37252696 9.98882098
v -0.09666905 0.31277875 9.99770891
v -1.75953562 -1.41490902 9.91646334
v 2.99481846 0.18962356 9.88644449
v -3.01262609 2.02815846 9.79299910
v 0.37943436 -1.10228117 9.97115825
v 2.14046480 1.43125657 9.89667420
v -3.75809818 -0.46924219 9.81688917
v 4.12288985 -1.65680646 9.72267666
v -0.62267168 0.90469828 9.97693849
v -0.91625637 -1.76571115 9.91990213
v 4.09945209 1.21377259 9.75417080
v -3.16142474 1.66926377 9.81136738
v 2.37627985 -2.88165224 9.74154467
v 0.91059982 3.76932616 9.66840811
v -4.49716957 -1.25215346 9.70809081
v 4.49447450 0.06080431 9.74414088
v -3.53957532 3.03418586 9.63203872
v 0.69026071 -2.32484930 9.87313002
v 1.57461568 0.61109350 9.96063126
v -3.97590418 0.73219839 9.78824670
v 1.77702874 -1.96963089 9.87351731
v -1.11065758 3.68519682 9.67759031
v -2.14633200 -2.51304072 9.80007561
v 4.37366619 1.52568342 9.70480413
v -4.47498211 0.99975609 9.72365189
v 0.26939870 -1.74902619 9.93087405
v 0.87908929 1.70466724 9.92548707
v -2.83750011 -1.54695639 9.84497637
v 4.34226776 -1.99229156 9.67068133
v -1.56333187 2.21831902 9.85910312
v -0.66618042 -3.22411587 9.76058836
v 5.84243436 1.40242928 9.51800154
v -5.16714504 1.90209125 9.57690841
v 2.00244033 -3.77442218 9.62631216
v 0.72231835 2.58963190 9.84322273
v -3.12454537 -2.15812445 9.77186285
v 6.07089969 0.62771319 9.51897697
v -2.72439617 1.98384930 9.81810751
v -0.59700496 -2.50037666 9.85557108
v 1.61109723 3.09950813 9.75096588
v -4.24078393 0.44654377 9.76807633
v 4.29032005 -1.09036417 9.74011761
v -1.21701400 3.97851077 9.62261965
v -2.76080320 -2.75421547 9.73257766
v 4.67850385 0.52445265 9.71625729
v -3.90364693 0.39858848 9.80406931
v 4.18098092 -4.13733527 9.38200686
v 1.59035761 4.59061882 9.48691550
v -4.36787402 -2.15125730 9.65264581
v 6.16906892 -2.56145433 9.35786438
v -2.10636167 2.48384028 9.80555081
v -0.41072428 -3.42615677 9.73348309
v 3.28856382 1.71023453 9.79777426
v -6.58673713 1.73041918 9.37138736
v 5.56430825 -3.67174066 9.28804398
v 0.24336401 5.33558580 9.34518794
v -3.37221779 -3.38190270 9.59550976
v 7.06246904 1.22956237 9.31978869
v -4.25059250 2.93612473 9.57348612
v 0.65187052 -5.24829660 9.36224942
v 3.55686589 4.36210370 9.40108027
v -4.28352518 -2.00613956 9.67595699
v 4.72177081 -3.22655823 9.47624673
v -2.40386746 2.61951525 9.77269869
v -1.11076086 -5.59348018 9.26208455
v 4.18684150 1.22752638 9.74412086
v -5.08645175 -0.04892240 9.67113946
v 2.81189316 -2.49067012 9.76044214
v -0.08305706 4.74667262 9.48601822
v -6.37274766 -3.87021794 9.12084821
v 8.11730255 -0.00969982 9.13932755
v -5.74955903 3.95103357 9.20855954
v -0.62841873 -3.97227188 9.63786328
v 5.37563377 4.30222637 9.19507209
v -6.79172945 1.09964016 9.37713585
v 3.44628166 -3.70786026 9.53522219
v -1.24576005 5.07953176 9.38853682
v -5.48789891 -3.63166973 9.30639310
v 6.06385227 1.99716827 9.43581882
v -4.72693806 1.71213704 9.64941262
v 3.55190624 -5.82608834 9.04212790
v 3.77391096 4.50980051 9.34880497
v -5.94653016 -2.33321426 9.42020109
v 6.00999980 -3.07917685 9.31429284
v -3.67644386 5.37639026 9.15281482
v -1.56796897 -5.06185690 9.38070557
v 3.71404526 3.37966079 9.56425506
v -5.60610477 0.54803714 9.59215361
v 3.28285644 -4.83204315 9.32354759
v -1.25033135 4.75258323 9.46416822
v -3.69906091 -3.81665345 9.49236980
v 6.14015030 -1.01426677 9.49301965
v -5.38555888 4.97696595 9.04101574
v 2.17350761 -5.40964423 9.26351081
v 5.78643032 3.87023028 9.21803199
v -8.97471064 0.02650400 8.93662856
v 6.31281914 -2.45684342 9.34635633
v -4.06082259 4.65766568 9.28631892
v -1.46833369 -4.90303639 9.42213663
v 6.16869572 3.78166896 9.17228376
v -6.94144435 0.96983920 9.35607014
v 2.77611374 -5.41460662 9.22188113
v 3.01496915 5.99454835 9.04193301
v -6.27296730 -1.84843272 9.41509083
v 7.12535974 -2.12679430 9.23563625
v -5.47164100 4.52985422 9.13211220
v -2.01146449 -4.19721194 9.54771742
v 6.34990106 5.07025049 8.85969301
v -6.06817237 -1.18160153 9.49598840
v 4.21218357 -3.70584781 9.45836587
v -0.70783246 5.81459007 9.21131466
v -4.51705463 -3.54667113 9.45031443
v 8.98213147 2.20519915 8.81300393
v -6.21966969 4.16293144 9.08992331
v 4.55226938 -5.75115660 8.95091360
v 3.32402634 4.58858431 9.37442731
v -5.44055180 -2.08475291 9.52199858
v 7.32679681 -1.87438557 9.22052254
v -4.17881126 4.96133340 9.20295931
v -2.31470747 -6.69638176 8.87304705
v 5.51478129 3.46866369 9.33002715
v -6.19428386 1.95482770 9.41856324
v 3.73917328 -5.98059500 8.97819424
v 3.46658440 6.59042471 8.81429705
v -5.22859486 -3.79745200 9.31430485
v 7.32247834 -1.30170251 9.26510917
v -6.20890905 3.80246015 9.16167407
v 0.08503035 -7.09862489 8.80922390
v 6.44210455 5.58327203 8.70460730
v -7.23323812 -1.45263983 9.27265963
v 5.86088084 -3.38917407 9.29017801
v -3.01237570 6.87050329 8.76081758
v -2.58506954 -5.31280772 9.26199211
v 6.93837618 2.08483631 9.27539419
v -9.13442312 2.84500036 8.69156103
v 2.20777239 -4.98184200 9.36754396
v 4.57646272 6.16259876 8.82525090
v -6.49303308 -2.30925245 9.33220580
v 7.01412261 -2.64070476 9.19789470
v -7.01084502 5.34716216 8.66050771
v -2.08994225 -5.75225122 9.17616927
v 7.31784530 4.46409799 8.81789772
v -6.94379310 0.04537367 9.37790058
v 4.18009281 -4.32436756 9.34454526
v 1.27463059 5.22685826 9.35155527
v -4.57942471 -4.99442183 9.14717903
v 8.37084868 -0.21861533 9.08080293
v -5.98234559 5.27206370 8.87128542
v -0.41985842 -5.59905017 9.27485200
v 5.80267519 5.26204478 8.90370523
v -6.83193475 -1.84749430 9.31741238
v 9.94951785 -1.37444691 8.62624899
v -4.45012094 5.43752580 9.05032354
v -3.40985462 -7.24528873 8.58850764
v 7.40144506 4.38813978 8.81739941
v -9.63427177 3.37447547 8.46960893
v 5.80408802 -6.35510647 8.58068731
v 1.87887356 6.98286490 8.80035049
v -8.25109615 -3.46548884 8.81148383
v 10.05517596 -2.93030561 8.42063252
v -3.66843371 5.73212101 9.05717635
v 1.75836238 -5.86263175 9.16249335
v 6.49969327 4.28761363 9.01487628
v -9.18283326 -0.93665297 8.86165751
v 8.28088890 -3.30006395 8.83269677
v -3.38785123 7.24659358 8.59019512
v -6.99345822 -4.63156788 8.84527674
v 8.49217959 3.53893721 8.74096478
v -6.96964389 2.81270790 9.18367417
v 0.79902811 -7.94471194 8.47276490
v 6.54036566 6.53834298 8.38486350
v -8.36404687 -3.30009698 8.81308093
v 9.22250939 -0.32529350 8.87069901
v -3.66364010 5.34038806 9.16345968
v -1.44086924 -8.15415760 8.36240012
v 7.43359090 2.18193268 9.16894253
v -10.02716405 1.43327509 8.59947574
v 5.09205484 -7.29517100 8.35850611
v 3.61931618 7.65892870 8.40561640
v -7.48420957 -6.04258169 8.35276862
v 9.61805355 0.69517805 8.75548249
v -6.49318379 5.39032251 8.74906003
v 2.17243531 -8.22568598 8.29145170
v 7.29323674 4.00020030 8.92134245
v -8.41832857 -0.68936233 9.05934473
v 7.36705000 -5.85665876 8.43723878
v -0.80438418 6.18464750 9.10155490
v -5.05549878 -6.91431824 8.50661939
v 7.99959078 4.59722570 8.63762310
v -9.88110225 4.24634070 8.22052279
v 6.87588158 -6.99150622 8.15203063
v 2.77246872 6.72795033 8.82952073
v -10.48139701 -2.87837691 8.29776073
v 9.63220587 -2.25501105 8.63395154
v -8.72647604 5.74154013 8.14315155
v 0.09281521 -8.64885488 8.17020233
v 9.91523056 3.34867560 8.39274782
v -11.00518499 1.64375105 8.27771850
v 7.73290940 -4.17029887 8.79323719
v -1.50668525 6.42925195 9.00340153
v -4.67626613 -5.34115435 9.04732302
v 8.30829870 2.46344163 8.94683811
v -7.23961219 6.52889378 8.24329504
v 0.98208311 -7.33090539 8.71053773
v 5.07707878 7.47112122 8.29143970
v -10.24317519 -0.36194047 8.58551792
v 8.66317052 -2.44440856 8.86463504
v -2.06413544 6.59152631 8.92325706
v -0.87600004 -7.81925185 8.52258832
v 8.09850834 4.16976436 8.71068390
v -10.63404381 0.57498609 8.46063477
v 6.83935089 -4.86748452 8.81906241
v -0.52140856 8.42465495 8.26968396
v -7.00680266 -5.52135182 8.61261548
v 9.60660991 -1.57712185 8.70762820
v -6.76311276 5.61150414 8.63539083
v 0.59411754 -7.09352807 8.80614207
v 10.22777679 4.84060416 7.96455701
v -8.68147858 1.19787228 8.97330764
v 8.43804961 -5.79729536 8.20138154
v -0.13082668 8.46989562 8.25297901
v -3.59239495 -6.91806795 8.68922970
v 9.89950922 0.72358737 8.67566872
v -7.43085140 4.61471185 8.75961849
v 1.50468005 -6.85582372 8.86250895
v 2.33911320 7.00932540 8.76334960
v -9.82540660 -5.47781134 7.90753823
v 12.07726039 -0.01895314 7.97087108
v -8.58717077 6.31984718 7.98835435
v -4.70806527 -6.75726344 8.61190608
v 9.83597767 2.57637740 8.53599952
v -11.89969920 -1.50871135 7.97418591
v 9.93879822 -4.99107462 8.01458635
v -0.66090481 8.77215488 8.10496697
v -9.66616832 -5.70561484 7.88497527
v 11.54072234 0.92052841 8.14409737
v -10.50564510 4.60783870 7.93544781
v 1.35100880 -9.06044845 7.94093711
v 8.99353367 6.35644043 7.86267167
v -11.68592178 -1.39662869 8.06181662
v 8.40785355 -6.31042136 8.03919099
v -0.38897914 9.31224341 7.83714840
v -1.62936911 -6.90855970 8.83876445
v 8.45876822 3.36170986 8.78006845
v -10.29008705 5.33893946 7.80127943
v 2.06084809 -7.76338194 8.49420482
v 3.74810911 6.72567010 8.73977321
v -7.90332584 -5.37799872 8.45752630
v 9.29845151 -3.45021245 8.54950574
v -6.73598831 6.22868174 8.45066489
v 2.01856997 -8.85942703 8.00606926
v 5.56583873 6.10538055 8.69990774
v -9.18218497 -2.12814709 8.76977630
v 11.13406415 -4.18624385 7.82428438
v 0.44351219 8.66303154 8.16064374
v -8.03187253 -6.43004803 8.09298896
v 11.62753430 3.94514194 7.69952685
v -9.22345585 6.56940188 7.71693323
v 2.14195803 -8.62273191 8.11220626
v 3.62302700 8.76755429 7.90910682
v -9.70505522 -1.26266945 8.70312489
v 11.89348153 -1.00756914 8.01155891
v -2.70334969 8.10562007 8.30496819
v -3.10521315 -7.40126451 8.55823093
v 8.69483538 6.90737780 7.73916564
v -11.43260299 2.27971834 8.06313016
v 6.85518660 -6.06415212 8.47983670
v 0.12514011 7.81708987 8.53448683
v -9.01483964 -6.57152218 7.77752377
v 12.77564773 -1.95114331 7.58312099
v -8.45028878 4.94734605 8.44214600
v 1.19135694 -8.64983197 8.14812952
v 8.81545592 5.08497955 8.31143349
v -11.99346001 1.18383689 7.96343857
v 8.36920586 -4.84632886 8.48825510
v -2.91466597 8.27258803 8.21342245
v -4.23460771 -8.59849740 7.91564267
v 9.66629681 3.61073034 8.41702372
v -9.70177499 4.28661832 8.26451335
v 6.44564668 -5.97975333 8.58610562
v 6.65340045 7.27747326 8.08669086
v -11.56090624 -4.42976827 7.60691110
v 12.52158739 -0.71500853 7.78301007
v -3.48571650 7.44664265 8.50393412
v -4.49784376 -8.46706696 7.94226571
v 10.53973357 3.52174333 8.16799875
v -13.14277915 1.87988313 7.43277807
v 6.48023095 -8.07741013 7.77843635
v -1.11469571 8.10940035 8.39414329
v -6.66043489 -7.80940022 7.86157984
v 11.67191817 -1.31263586 8.07315292
v -9.42912935 6.67351238 7.61440775
v 3.22130322 -7.62451617 8.45983468
v 5.28850390 8.43551970 7.83467658
v -10.03747307 -4.86044048 8.01952496
v 10.37502686 -2.65324602 8.36426581
v -3.99144253 8.67075667 7.91219723
v -2.89106894 -7.93666544 8.36149400
v 10.87881194 3.07100245 8.13764599
v -13.22999020 0.83778698 7.47862889
v 4.50098209 -7.88618592 8.20331841
v 4.67453851 8.92711412 7.68881645
v -9.78786300 -4.89046393 8.08825184
v 10.96913788 1.11954168 8.32841213
v -6.33039928 6.87154030 8.30636528
v 0.25702486 -9.75884055 7.59320958
v 6.17307623 7.77256288 7.97641389
v -11.18917426 -0.84881640 8.26924285
v 10.75478998 -4.12257494 7.97057165
v -2.48601585 8.13768979 8.30800418
v -4.58795941 -9.73210578 7.25552190
v 13.01123433 0.88666012 7.57149511
v -11.97438049 4.06094601 7.53817578
v 3.75508624 -8.33962638 8.09716009
v 3.62231440 9.66274110 7.43118896
v -12.29307855 -2.42685749 7.72026155
v 12.35121377 -3.84327887 7.43620084
v -8.18276705 7.06800824 7.81393531
v -5.06756121 -8.90751991 7.63649104
v 8.36328713 6.02574150 8.14716359
v -11.80046540 3.17988361 7.79058297
v 7.38991928 -8.53191673 7.34809913
v -0.28311330 8.64389024 8.17144283
v -9.24346053 -6.78812538 7.62628422
v 12.65395312 0.06389960 7.74387195
v -6.93019096 8.39747489 7.52674994
v 2.80379807 -9.52429988 7.59724335
v 5.88765830 7.90813300 7.97113235
v -10.17625947 -3.48219578 8.28985774
v 11.02669482 -5.11326101 7.61464415
v -6.05238988 9.37092073 7.19816857
v -7.99788917 -7.05908329 7.86520716
v 11.96648150 3.36316687 7.69244872
v -11.52929491 0.84072086 8.15197530
v 3.88490999 -8.61339712 7.95319207
v 3.46600278 8.81982910 7.90086362
v -9.56260007 -7.86701794 7.04503485
v 11.73128191 -1.13437688 8.06364311
v -9.39689017 5.35338612 8.07387111
v -1.20952190 -8.38473178 8.26971361
v 8.79253106 7.15175726 7.61187024
v -11.93014163 0.48733242 8.01949985
v 9.05664418 -7.49608677 7.38379174
v -3.56082403 9.14000199 7.72666848
v -7.15048367 -8.01949783 7.65730901
v 13.31929931 3.19710606 7.14885888
v -12.94044962 2.88345801 7.37840993
v 0.45746946 -9.80661845 7.56343589
v 2.58699340 9.46527279 7.64908303
v -11.73890300 -5.21711201 7.31112410
v 13.43699313 -3.46852715 7.03667782
v -5.03875108 9.11099476 7.53387771
v -3.91147660 -8.56508601 7.97310058
v 12.82883221 2.91584271 7.42135686
v -12.02488432 4.77697744 7.32861060
v 9.25226474 -6.38281581 7.77766562
v 2.32625713 10.69691397 6.91317834
v -9.82018747 -5.11606884 8.01610999
v 12.53227253 -0.56105984 7.78431953
v -9.98566734 7.76297506 6.94893581
v -0.29018550 -8.95441320 8.02139133
v 6.67646216 9.51647506 6.97179022
v -13.42866743 -0.08067479 7.41045411
v 11.00903115 -5.21440311 7.59051144
v -3.78046820 8.36950102 8.08049054
v -8.30172953 -6.50266134 7.99857263
v 12.57011999 2.06716380 7.65498765
v -11.46338827 5.74655690 7.24367522
v 2.85788904 -9.08638702 7.82711343
v 2.04338260 10.11174639 7.31524787
v -8.89886099 -5.79670478 8.07888860
v 11.41611310 -2.11348453 8.08905671
v -8.25369163 7.27029039 7.71213908
v 0.40365585 -9.84559477 7.54166534
v 11.61916309 4.85431342 7.46831400
v -14.15885617 -1.65090614 6.97641517
v 10.81312534 -5.94743897 7.41944592
v -0.46248783 9.69300410 7.62817455
v -6.30754762 -9.34918664 7.15583859
v 13.02390254 0.31922816 7.58611883
v -13.23218681 4.31399485 6.92502360
v -0.57116372 -9.69951118 7.62265569
v 9.55372899 6.84546810 7.50697717
v -12.71100956 -4.66822358 7.06555640
v 12.41025798 -3.38725558 7.50979632
v -6.36924326 7.63810605 7.99556133
v -5.72917348 -8.35493189 7.79549541
v 13.11712832 1.39819913 7.49108568
v -12.96304740 4.73264088 6.93074548
v 6.45848170 -8.33065066 7.66339836
v 2.56463905 9.80170275 7.46032024
v -9.37287692 -5.97310806 7.88545477
v 12.10377693 -2.89594960 7.72316658
v -6.19955556 8.99387796 7.37836956
v -2.83800769 -11.04012525 6.61933524
v 9.39097325 7.86464212 7.10368657
v -12.51472533 1.41791333 7.74285907
v 12.77714503 -5.40124390 6.79854174
v -3.87655124 9.41960675 7.53710690
v -10.03765328 -6.00169050 7.66826981
v 13.63879675 0.14064615 7.31348167
v -9.97958140 7.31697476 7.16290925
v 2.80072992 -9.03704303 7.85760930
v 3.63305194 8.92598068 7.82879000
v -13.06893499 -4.26493448 7.01544286
v 13.37296015 -2.34592336 7.26945995
v -4.42690192 9.08329022 7.64403230
v -2.35610359 -10.63192289 6.95508294
v 12.97405336 3.69677577 7.20032221
v -14.57652469 0.41086957 6.84150595
v 8.87443851 -8.48034347 6.95329551
v 4.74865360 9.37959882 7.43382400
v -8.48834519 -7.96491036 7.33427117
v 15.03076590 0.49291958 6.58870492
v -9.95925225 5.95035698 7.71148437
v 3.75646536 -11.02727501 6.51363528
v 9.05360101 7.62525452 7.32571323
v -13.42480133 -3.48510198 7.03885528
v 10.89105375 -5.00439633 7.69516589
v -4.36853546 10.05393649 7.09251730
v -8.36151662 -8.13972596 7.28522694
v 12.90628751 2.65204884 7.43175595
v -14.81557693 1.32136087 6.65947990
v 4.37085866 -10.66366543 6.68464281
v 1.93245959 10.57499938 7.02594519
v -12.21604273 -5.94385239 6.85493456
v 14.87566382 0.49007789 6.67621985
v -11.55104532 7.00400061 6.69631693
v 1.67338094 -10.68086156 6.97118137
v 7.67112375 8.08809873 7.49760571
v -13.32832738 1.67228108 7.37197550
v 11.25301505 -5.44296878 7.42801066
v -0.74039433 9.87867830 7.51600845
v -12.44700395 -6.03691832 6.71345810
v 13.71277748 4.51034144 6.62936800
v -10.77006755 6.99001197 7.02038011
v 5.79062889 -9.94456124 6.90392155
v 10.45378286 7.90434011 6.70159254
v -12.60075273 -1.89542727 7.66214896
v 13.45829454 -3.04876928 7.11248680
v -3.51624744 11.34603353 6.30036244
v -6.39648046 -9.84168010 6.83541973
v 13.86475245 2.84028966 6.95389945
v -12.91028971 3.67562567 7.23371003
v 10.46426183 -7.75315593 6.77558974
v 4.79911894 9.69347841 7.24434595
v -13.45095943 -5.72377225 6.34091676
v 14.49112390 -3.46024546 6.49464133
v -11.33736883 5.63000801 7.33338025
v -2.60550084 -10.79657890 6.81877399
v 11.97907253 6.90128843 6.55420111
v -14.99071023 -3.24845134 6.25537210
v 11.85631032 -6.14408534 6.93392344
v -2.64285291 10.52725107 6.99993991
v -8.58597766 -7.59347760 7.47951732
v 13.56609752 4.06875292 6.82880536
v -14.11546639 3.03801836 6.78869483
v 8.57335526 -9.46400645 6.46657974
v 5.97294447 9.06293532 7.38753955
v -12.80199476 -4.40081487 7.10067608
v 14.87772717 -0.90319512 6.65588070
v -4.67100223 11.23904457 6.19717157
v -3.77884141 -11.10974474 6.44778249
v 8.83266682 7.61119446 7.39927075
v -14.94819502 2.63635055 6.40693566
v 10.25102653 -7.06032710 7.18152838
v 3.07808288 11.07132962 6.56916031
v -8.89058522 -8.75196500 6.79678680
v 15.19537727 0.00628792 6.50193124
v -9.81513363 7.18387140 7.27866027
v 0.83331139 -11.41579081 6.47350551
v 4.78216166 9.37113738 7.43319678
v -13.73086756 -1.32680490 7.21688395
v 14.29590710 -3.87238951 6.49939517
v -0.65458532 10.99979369 6.79095862
v -5.72823947 -10.31941885 6.66841429
v 11.75962659 6.23229928 6.94009241
v -13.66710898 2.38042860 7.12629743
v 4.04913470 -10.93974768 6.53535535
v 6.60402371 8.76649753 7.41218624
v -10.58918967 -7.06819094 7.05429811
v 14.32959429 -2.91355401 6.70021516
v -7.44114332 10.44260254 6.13934785
v -3.41520483 -10.90196506 6.65286469
v 7.38850331 9.23365026 6.96125271
v -14.68658117 0.75107279 6.76944367
v 10.77827821 -8.73532676 6.08633153
v -5.82503557 11.21137909 5.97099542
v -5.25664116 -9.89239584 7.04264310
v 14.26997821 1.56061392 6.92888729
v -11.94163921 7.39574109 6.32768058
v 2.40693845 -10.48347452 7.05023250
v 3.28626099 11.62142933 6.10528570
v -13.63161734 -6.51695232 5.88803023
v 14.45556752 -3.80180301 6.42925132
v -3.55555564 10.16156317 7.13774077
v -5.54390927 -10.21223318 6.77977041
v 14.82307801 3.17520811 6.37088883
v -12.82258150 5.29138394 6.81553114
v 10.27631512 -7.60592593 6.92012841
v 6.36166497 10.53623120 6.36738278
v -9.35420891 -7.73184161 7.18019457
v 14.15283148 -1.14918960 7.02405799
v -8.75265607 9.21481455 6.56572369
v 2.54033982 -11.72163267 6.10913092
v 10.91606488 6.42929578 7.19988858
v -15.62436860 -3.20758153 5.86490192
v 10.65251310 -9.14479184 5.87054843
v -6.35433182 9.52780505 7.03984118
v -6.05512061 -9.51368006 7.11387122
v 13.50075253 5.17563612 6.52127242
v -15.39438562 2.11903763 6.22555418
v 7.77135617 -10.08011077 6.30413462
v 6.89725049 10.51358266 6.24340696
v -11.62679853 -6.48512562 6.89292781
v 15.02347238 -4.75023067 5.79181040
v -7.55357861 9.60296128 6.68958811
v -1.43116058 -11.91942764 6.02863982
v 12.67090244 7.84019415 5.70461746
v -15.86817735 1.05117191 6.04641567
v 10.15323182 -8.94110250 6.22074024
v 2.22112710 12.21791047 5.69395871
v -10.14913922 -8.73901612 6.34872759
v 14.56783623 2.11554084 6.70488031
v -11.39239085 7.01457344 6.75905365
v 1.34406945 -11.09078754 6.69919606
v 8.86022813 9.55216883 6.31040663
v -13.44476149 -4.82347989 6.66852092
v 14.58742929 -2.18356619 6.68450692
v -4.90011760 11.77572121 5.68921462
v -3.91808909 -11.38186037 6.21174799
v 15.94254179 2.47903220 5.80753495
v -13.18358353 6.41703342 6.18440027
v 9.14303107 -9.29017483 6.38297926
v -0.67393133 11.82908813 6.13975012
v -10.80884596 -8.23321297 6.37692653
v 16.22231958 -2.18957200 5.66377259
v -11.56682005 6.61900988 6.86152194
v 3.79826137 -10.51799902 6.87205703
v 7.47090513 9.67541514 6.66635762
v -16.61208735 0.82643691 5.54130705
v 13.43864092 -5.50247320 6.43383200
v -5.63772335 11.42007385 5.83870060
v -10.51126377 -7.35984589 6.95010532
v 14.05801806 5.48768342 6.09989628
v -15.86769087 3.44371545 5.63767254
v 5.74146267 -11.59582979 5.65662876
v 4.77670468 11.60711596 5.86667987
v -13.69373289 -3.46095617 6.91352064
v 15.59680611 -2.85708595 5.96296373
v -9.29371986 8.32288764 6.90071172
v -5.25704485 -11.40141674 5.94276978
v 10.38527925 9.26525832 5.90619634
v -14.74046995 4.75482711 5.96920992
v 6.24392565 -10.70163382 6.27322588
v 2.82452379 11.93965851 5.88621616
v -14.61285629 -5.80242380 5.62605528
v 14.48836020 -1.88197824 6.77847347
v -13.11007132 7.70456357 5.53616763
v 3.50422618 -10.58960701 6.86222988
v 9.33321190 8.29084832 6.90452699
v -15.75989723 -2.86767112 5.85247847
v 10.88197870 -9.32625812 5.63367210
v -4.66990979 10.85003977 6.49819136
v -8.04244588 -10.32999103 6.03354545
v 13.70441511 6.22227771 5.98663609
v -13.07676711 7.18690687 5.85604476
v 7.39991897 -9.75913488 6.63182431
v 5.25477236 11.08843021 6.20088200
v -12.05837428 -8.80783239 5.40091017
v 14.74316453 0.79484746 6.73639241
v -5.26662075 11.22498380 6.08814917
v -0.45571627 -11.33575071 6.54502143
v 11.88773604 8.14129214 5.93400133
v -15.98143099 -1.86168730 5.88286282
v 10.89035022 -9.66158140 5.37241919
v -1.93471217 11.56527202 6.29422956
v -10.52346738 -7.84808020 6.70371353
v 16.36547779 1.38869820 5.67324252
v -10.05417761 8.09328260 6.75401535
v 6.75283211 -10.56812642 6.24194723
v 8.21357534 10.88309231 5.52209564
v -15.11435647 -3.33225886 6.16067924
v 14.90523232 -5.34245728 5.63677619
v -3.51347719 10.89375124 6.64604779
v -6.49470976 -11.36421193 5.66186978
v 14.34320376 2.53745825 6.76065711
v -16.46795844 1.30377315 5.60768300
v 10.43473580 -10.05880919 5.27355121
v -1.67134299 11.64333047 6.24896703
v -14.55784884 -4.24181717 6.24662827
v 15.86545986 -1.21483898 6.03455630
v -12.31001317 7.26746387 6.21627721
v -3.15911547 -11.01626515 6.60061095
v 7.45926949 9.57090748 6.73629755
v -16.51032450 2.29154529 5.43308738
v 13.14180583 -5.91788173 6.42325478
v -4.79169739 11.80091802 5.68909793
v -8.92199884 -10.29389475 5.74493285
v 15.84887464 3.90431362 5.51618809
v -13.51208607 5.74090778 6.30141831
v 2.31351609 -11.60458471 6.22978198
v 4.86499173 12.09803817 5.38822342
v -13.82610796 -5.99813617 6.01827413
v 14.98432344 -3.47857430 6.20399243
v -10.19885872 8.20301692 6.63998356
v -4.38681242 -10.68332545 6.66805779
v 12.51044049 8.25023074 5.53358180
v -15.87415394 1.20238411 6.02994723
v 12.57610793 -7.81397854 5.77264001
v 1.79591503 12.37589688 5.57864735
v -11.29053694 -9.10528893 5.59318384
v 15.13856879 2.87333715 6.24792533
v -12.95572418 5.72819718 6.59197115
v 0.48835315 -12.42251259 5.59948533
v 11.55428137 7.62388745 6.38685429
v -16.92794708 -2.43890615 5.07124042
v 13.71809430 -6.82422583 5.67940741
v -8.22488592 10.92222286 5.48341446
v -4.92630393 -11.80618298 5.65540170
v 15.74135893 2.11419054 6.00548302
v -15.68993883 3.01037401 5.86760113
v 6.37492772 -11.44846474 5.62031324
v 0.14653469 11.80870265 6.16594459
v -14.33351537 -5.27493231 6.02253744
v 14.08012631 -4.62186574 6.39870668
v -11.83959467 7.08737627 6.52925371
v 0.82559503 -11.58235024 6.34089930
v 13.93756060 7.75608806 4.96987930
v -15.79922855 -3.53313753 5.66110124
v 10.97741787 -8.41270758 6.19831583
v -4.24552938 12.22260500 5.39419996
v -7.25815028 -11.03259745 5.72126149
v 14.12793084 4.18242100 6.50583457
v -14.91715111 4.30461784 6.01117401
v 6.18035983 -10.75563540 6.24786472
v 9.68761162 10.57009098 5.18470630
v -15.36628463 -0.88059741 6.37374921
v 15.48454680 -1.09390332 6.28692051
v -3.22472959 11.27037495 6.39893318
v -3.25915942 -12.52560299 5.25502203
v 13.44766913 8.13858579 5.03503419
v -15.50801960 4.57976503 5.52751699
v 10.84985147 -9.77685872 5.29972495
v -0.69744461 12.47720842 5.53958096
v -13.73937540 -6.74180008 5.71021545
v 16.40224460 -3.15378563 5.32174660
v -13.29613906 7.00510184 5.83040628
v 5.03217627 -11.73224373 5.70030732
v 7.68625833 11.01792875 5.59259638
v -14.88014057 -4.09061413 6.09986969
v 13.41725281 -8.01748153 5.14056790
v -2.81976637 11.62259015 6.16235577
v -6.18127603 -11.17826429 5.90872462
v 15.79059411 1.80967072 6.01737232
v -15.44707954 6.31749133 4.75487603
v 3.63174814 -12.81177464 4.87347851
v 2.21225657 11.59179917 6.24952523
v -12.41510962 -9.17937627 4.90070941
v 13.82773628 -5.23821975 6.32481937
v -11.77442963 8.17149181 5.97190833
v -5.86458895 -11.98169483 5.25326140
v 14.14559854 7.67124370 4.88066110
v -16.99093259 -2.25655728 5.05607741
v 10.97050284 -10.27196244 4.79763023
v -3.29781476 12.66469674 5.09849396
v -9.37861915 -9.48347273 6.16755274
v 15.78987106 -1.21801393 6.08363657
v -16.08954464 5.11041765 4.86563083
v 6.30847464 -12.09637522 5.00186530
v 7.02961907 11.15257104 5.68912864
v -16.19397742 -4.81851708 4.91117249
v 13.48993944 -6.69527552 5.88068018
v -4.62557503 11.22418526 6.21762536
v -8.56493815 -9.89805006 6.17394658
v 15.84623388 4.81408151 5.18883886
v -17.60207159 1.42534501 4.65175578
v 10.54767223 -10.56077120 4.75581890
v 4.38865648 11.26763593 6.22562656
v -15.00130584 -4.61818734 5.85331088
v 15.80957794 -4.70062354 5.26250211
v -12.75168767 9.03180380 4.80559418
v 3.84663398 -11.88038284 5.79399766
v 13.46703986 6.76926048 5.85610635
v -15.76824221 1.34418649 6.08585208
v 13.95784046 -6.92230298 5.47701193
v -2.41889982 11.73598210 6.10920958
v -9.54078330 -10.28215791 5.50049681
v 16.02987883 3.61063740 5.47418087
v -14.77364065 6.66891674 5.06640534
v 0.61594244 -12.67307973 5.34081334
v 5.99839825 12.40723000 4.75261116
v -15.18910360 -3.58268720 6.05128504
v 14.57242105 -6.91800218 5.06365271
v -4.78714187 12.31323984 5.18516968
v -1.78691927 -12.57973349 5.37294447
v 16.52129610 5.21120495 4.43757461
v -17.48038970 -0.80075768 4.82949382
v 11.97755389 -8.83313653 5.42743804
v 0.00234808 12.70317217 5.31786982
v -14.07683553 -6.65457844 5.54789671
v 17.09517709 4.10910917 4.40844465
v -13.32708532 7.00857193 5.81085642
v 1.71012858 -12.86224980 5.07356883
v 12.90157632 8.53063386 5.10336635
v -16.81904889 -4.32612037 4.57842547
v 15.65798052 -6.18971246 4.65608374
v -3.66721021 12.47150400 5.24496989
v -4.56618663 -13.04847329 4.37209260
v 16.91226655 2.90089088 4.97531260
v -13.79057325 6.23687520 5.93015601
v 3.08201742 -12.13308518 5.67431450
v 7.79127876 10.96356863 5.60373483
v -16.68951472 -4.27031125 4.71808564
v 17.06676271 -0.26936207 5.21048516
v -11.59082860 10.08431809 4.60609105
v -3.59142770 -12.23534710 5.49912953
v 13.09070491 8.16855925 5.24429648
v -16.07907220 1.50679058 5.86146609
v 14.70392278 -7.80030706 4.34816452
v -2.16358605 13.32858897 4.45798134
v -13.35076469 -8.07491629 5.14388896
v 17.09931705 2.00193152 5.01219770
v -14.34252609 6.92174299 5.22297035
v 6.39933158 -11.87317234 5.20651690
v 6.28378410 11.79045076 5.32392622
v -15.94059800 -6.15543749 4.43109419
v 15.59895240 -5.83094060 4.90480564
v -6.28268418 11.98482378 5.12774289
v -6.27497800 -11.14205299 5.91442762
v 12.94831407 8.72401708 4.92537331
v -16.69147580 0.29745827 5.50539134
v 7.63142510 -10.97995285 5.64432440
v -1.17474954 12.33726339 5.65746946
v -12.39809309 -9.06381617 5.00594472
v 16.40983377 0.09829027 5.71620899
v -8.73684862 11.29040704 4.92565457
v -1.86403541 -13.00833283 4.89120748
v 8.47756581 10.59313743 5.67094185
v -16.52761128 -4.96798877 4.55414338
v 16.17483423 -6.20739106 4.17953140
v 0.63654003 12.77750827 5.22844216
v -10.44052071 -10.41232501 4.95618456
v 17.65463508 1.35588403 4.61100735
v -15.58327339 6.43274094 4.57156617
v 7.46138096 -12.25674497 4.39477402
v 6.97773275 11.15521618 5.70277624
v -16.04687185 -3.30711575 5.54649264
v 15.48729195 -4.72785312 5.48647977
v -4.83221571 12.04198741 5.45103418
v -3.70657999 -12.78840296 4.88665809
v 12.19335871 10.08303971 4.20057864
v -17.66102192 0.01254840 4.69276104
v 9.08868128 -10.93762955 5.11657169
v 2.43490430 12.46550399 5.42734981
v -14.69543218 -8.11587082 4.09104955
v 17.01191006 4.33689927 4.39195958
v -12.74871443 9.21324587 4.65203102
v -0.88933444 -12.64725229 5.35836291
v 7.03558475 11.44222078 5.42554212
v -17.08209717 -0.75050698 5.17688622
v 14.20469332 -7.95487101 4.62949669
v -1.49001537 12.59323824 5.38151233
v -6.28130966 -12.68406365 4.31643761
v 17.38959576 4.10909806 4.11049687
v -16.99409400 2.59735116 4.98014724
v 6.18400675 -12.26340539 4.85788236
v 6.97395988 12.18782556 4.67138298
v -15.47968507 -6.02512953 4.89494972
v 17.88456366 -0.26319861 4.47267341
v -8.32493299 11.07511121 5.30652116
v -3.94316250 -12.04701024 5.62231648
v 12.75365799 8.10456028 5.49028312
v -18.02836579 2.61292285 3.96359962
v 14.39634897 -6.94437198 5.17235545
v -3.42372806 12.83703883 4.88156885
v -12.60484329 -10.02970067 3.94596490
v 18.25127255 -0.90231022 4.04486243
v -14.87596645 7.56448551 4.38687292
v 8.22836109 -11.64109152 4.77960504
v 9.50493885 11.49613555 4.32154524
v -15.81945803 -6.68494246 4.19221314
v 16.30796202 -4.70140223 4.86713025
v -10.52709771 9.98941294 5.28627150
v -7.29055054 -11.20767330 5.55737699
v 13.48804380 9.27098188 4.03951451
v -15.47281633 5.30778274 5.25612518
v 7.57421087 -12.14219218 4.48688419
v 6.38513009 12.68025503 4.28320085
v -13.05074254 -9.25958431 4.39464525
v 18.17838342 -2.28168312 3.88236805
v -14.79119471 6.81558026 4.96585811
v 2.49764268 -12.91859829 4.92615784
v 14.48608759 8.48599671 3.94118268
v -16.66274646 -2.21269383 5.33031087
v 12.05985798 -10.27749558 4.08591002
v -1.55526086 13.25876772 4.61131378
v -11.97082229 -10.03397948 4.40770416
v 14.88173154 7.60318951 4.35210915
v -17.54915246 3.66603611 4.12717317
v 12.00193293 -10.46922804 3.90834820
v 3.92142923 13.47835447 3.92621144
v -16.23214548 -4.34248283 5.07428858
v 16.43077093 -3.21739754 5.28268016
v -9.10478187 12.14113430 3.70964303
v 0.74113447 -12.66487697 5.34548287
v 13.19869875 8.11233381 5.21533477
v -17.12322525 -1.39606959 5.08257439
v 11.26784659 -10.80946110 4.04079719
v -0.09168787 12.70167614 5.31926037
v -14.21848842 -7.55885827 4.90558035
v 16.79771300 1.62434929 5.31850901
v -11.87021170 9.32634620 5.11042217
v 1.47187238 -13.64118342 4.09332846
v 7.98241861 12.46498955 3.87482440
v -14.93236896 -7.76112809 4.18149850
v 17.76973338 -2.17684202 4.35351366
v -2.92568078 13.59787081 3.95997362
v -7.34736426 -11.55132918 5.21540148
v 17.61735858 3.30641606 4.18907274
v -16.92841346 4.73993620 4.28624232
v 7.54541733 -12.55099243 3.96919219
v -0.77835503 13.39704341 4.48099417
v -12.41325974 -9.53684281 4.58856342
v 18.07257969 2.49611323 3.94668451
v -11.73497631 9.67001531 4.90029999
v 4.64818967 -13.42181463 3.81236026
v 14.51154994 6.88579454 5.12647703
v -17.09035071 -2.49280591 4.92119541
v 11.88014486 -10.48479158 3.98213284
v -5.10002975 13.07846979 4.18052799
v -12.67001245 -9.51744870 4.42821692
v 17.24885530 1.06128011 5.01185226
v -13.49501235 8.08933353 5.03864152
v 1.23124062 -12.93444240 5.02648435
v 8.48193727 12.04761856 4.18392710
v -15.37583410 -6.94656561 4.41014345
v 16.60291979 -6.46717832 3.53512990
v -11.45979175 10.33189579 4.44125054
v -5.04255758 -12.77978441 4.58859481
v 15.81204431 7.39662369 3.63032222
v -17.43347296 1.51330786 4.79590269
v 8.32008706 -12.15478308 4.12702924
v 0.85889477 13.36274788 4.52263506
v -11.21707672 -10.59579649 4.31811513
v 17.89879962 -2.43305627 4.15658963
v -15.13184615 6.65854995 4.80122811
v 1.90724974 -13.87530704 3.67754168
v 11.04897893 9.94796421 5.04944636
v -15.82003333 -5.43329545 4.93065163
v 13.44449305 -9.65028893 3.66348815
v -5.48810259 13.21872022 3.84842516
v -6.84978818 -12.95144416 3.70392105
v 16.47190991 6.73908328 3.46186270
v -17.35696648 0.71835961 4.94515695
v 12.28037861 -10.21253559 3.99303762
v 2.70096183 13.16206927 4.60224030
v -16.75695657 -4.35848440 4.62150012
v 17.59034665 -3.36227778 4.19768042
v -12.23145450 9.65524513 4.60055417
v 1.41058113 -13.47025563 4.34270704
v 13.11119183 10.01037460 3.53375880
v -18.00194317 1.14724752 4.28923571
v 15.71416648 -5.63869410 4.91275779
v -4.06288863 13.66846022 3.58316878
v -6.91541480 -12.87410095 3.79222061
v 18.44618682 -0.35515834 3.85726417
v -18.25436251 3.72000041 3.24717738
v 1.42826795 -13.98149443 3.55092112
v 4.25778599 13.23841312 4.19242708
v -17.42612054 -2.46888166 4.62315092
v 17.42650639 -4.38903386 3.93923986
v -8.53084977 11.99908922 4.22088440
v -5.92113572 -12.90304071 4.15212802
v 16.32452035 5.91732645 4.22082891
v -16.40974862 6.69725160 3.57005481
v 7.36254246 -12.07986726 4.64687956
v 3.44915383 13.06985873 4.59405028
v -14.63010995 -7.90997934 4.32227620
v 18.25712854 -3.09979277 3.52118932
v -12.72195495 10.09439636 3.77498107
v 2.45725485 -13.49152601 4.19429740
v 8.36264359 12.19148427 4.05681563
v -18.34750363 1.85865411 3.78244656
v 14.70287719 -7.32285842 4.70354633
v -8.22103864 12.06699743 4.28800615
v -6.89191003 -12.27014437 4.60558568
v 15.54813125 7.31048248 3.97635395
v -16.39847787 4.66191832 4.80761431
v 10.61023864 -11.03855852 4.20716695
v 1.54664566 13.27655592 4.58923859
v -17.03248223 -5.76570114 3.56354219
v 17.04840876 -5.84536941 3.48597321
v -12.55679946 9.10835768 4.86925220
v -4.76758088 -13.17449768 4.14445187
v 14.05127396 8.20186469 4.55438114
v -18.01106721 -0.17482718 4.34589235
v 14.27677841 -9.44795064 3.06114558
v -0.12830888 13.53882859 4.30456398
v -8.02418960 -12.06170723 4.38670634
v 17.33706959 2.49975608 4.69885824
v -15.26309728 6.47288007 4.81020308
v 3.26707023 -13.72554385 3.68814696
v 7.72823074 12.52834730 3.91265139
v -17.63340962 -3.08492177 4.24688745
v 15.56448502 -6.14642058 4.75880903
v -2.05593427 14.20660288 3.04008938
v -7.78942633 -12.78184638 3.49568777
v 16.99304351 5.91129012 3.50410329
v -18.49602794 2.73027006 3.34083556
v 11.76045947 -10.25208382 4.32544402
v 3.34302422 14.09707196 2.98039286
v -13.35976825 -9.66607497 3.72201128
v 18.12027591 2.08694800 3.99727260
v -9.62904205 12.34033322 3.02302625
v -1.50878726 -14.28839347 2.94854503
v 9.24265040 11.27019561 4.71075536
v -17.73202964 2.18027306 4.39102201
v 11.06850800 -11.34938590 3.48192240
v -0.41601272 13.76768804 3.96391591
v -13.29376889 -8.70682113 4.70384486
v 17.60442210 4.27456096 3.79476599
v -17.16670844 4.25337725 4.27615353
v 10.16978801 -12.08356206 3.04128606
v 5.53088005 13.62929038 3.12944524
v -16.66721140 -6.17862813 3.68566838
v 18.68980827 -1.47081306 3.42217826
v -5.58698919 13.48552417 3.37194376
v 0.09457654 -14.04292174 3.51449807
v 17.78842760 4.44176454 3.48201026
v -18.35774553 -1.90141291 3.76051368
v 13.14927113 -9.44614660 4.13721272
v 2.39129107 13.77751508 3.76908770
v -12.27786163 -10.53425971 3.60461503
v 18.82771834 -1.24982923 3.26879195
v -11.60937080 11.40798687 2.90940982
v 0.41371738 -13.68543370 4.08860887
v 9.77659284 11.33623605 4.35762463
v -18.15034766 -2.05148718 3.97123800
v 14.96683231 -9.02750241 2.78892941
v 0.10689841 13.72992159 4.02673429
v -7.16238815 -12.58544815 4.09608785
v 18.49471312 2.78228007 3.32353961
v -17.38157088 3.20608250 4.46114554
v 8.80840695 -12.22100257 3.77146171
v 3.15476833 13.33619826 4.29715663
v -12.20965629 -9.95218847 4.32557560
v 18.37865320 -0.21743823 3.94147987
v -14.95522967 8.68240898 3.25287197
v -0.14373604 -13.98696087 3.61191266
v 12.12759870 11.06919548 2.96206914
v -18.87572044 1.98528680 3.02903899
v 14.49660706 -9.52481761 2.67229118
v 1.79592255 14.17982824 3.13533401
v -14.88488717 -7.94936164 4.06503929
v 17.52065424 2.94891301 4.40360543
v -13.83310889 9.62669840 3.31257173
v -0.45655447 -14.18261583 3.24798465
v 13.51123553 9.86138423 3.33778140
v -17.97044379 -3.57215168 3.68707979
v 15.20225305 -8.93409600 2.59772539
v -9.65519083 12.05496050 3.47947333
v -10.90790403 -11.65210036 3.14826047
v 16.15511148 5.95111659 4.36036039
v -16.44562486 5.76747589 4.19540872
v 7.36901467 -12.64431420 3.92010381
v -0.57446344 13.95331500 3.65874118
v -12.68290728 -10.80747151 2.80610307
v 18.39585972 -0.82532129 3.88527356
v -10.55697875 12.04232807 2.77222910
v 4.86282610 -14.02962909 2.57060532
v 11.19179851 10.65069009 4.27426935
v -17.21621224 -5.06640880 3.80687373
v 16.70483338 -5.06896580 4.33790223
v -2.17394750 14.19887660 3.03560366
v -13.74005819 -9.93594597 2.98760797
v 19.16906714 2.07112636 2.49604551
v -17.15267997 5.32927365 3.71801772
v 9.82606175 -11.52758664 4.09902609
v 11.06522735 11.75718295 2.82028898
v -18.25425566 -3.72758880 3.24345778
v 18.56344137 -1.53502165 3.57804702
v -10.17923479 11.26612589 4.20528480
v -6.95265127 -13.28067570 3.08636883
v 12.53341514 9.90343949 4.13981926
v -18.94431575 -1.76087383 2.98331136
v 12.99397691 -10.08341167 3.54967144
v -1.38627313 14.41486023 2.67754601
v -9.30853907 -12.42957333 3.11024834
v 18.88996382 1.61444286 3.10385329
v -17.23324716 5.94797340 3.16702861
v 5.90920153 -13.17326843 3.76080672
v 6.87429754 12.82619746 3.88199133
v -17.70434051 -3.69065315 3.94782715
v 16.69739131 -6.27969857 3.57390343
v -1.72274951 13.63191334 4.08256532
v -10.78544356 -12.07130729 2.48106447
v 16.83606465 6.86530264 2.86164415
v -18.28845285 3.00681594 3.51637975
v 11.58803912 -11.55089335 2.67023692
v 1.38757776 13.96898650 3.57673932
v -12.77673777 -10.54867422 3.11983931
v 18.92696858 -3.17729292 2.44043313
v -9.26369541 12.49890286 3.01889588
v -0.67326055 -14.58031249 2.32470002
v 13.00485028 10.15797261 3.44365077
v -19.10982002 -1.36033550 2.80735546
v 16.09057498 -8.00994344 2.59964457
v 1.36356369 14.33219345 2.87072359
v -12.82959708 -10.46113293 3.19569205
v 18.25801698 2.88288747 3.60102880
v -16.64311100 6.75465177 3.23632413
v 10.47969907 -12.06601788 2.79961588
v 7.20151807 13.38333416 2.72552292
v -16.78664489 -5.99748235 3.68314580
v 19.17839656 -2.48941476 2.30064588
v -4.59622925 13.68754104 3.38416088
v 0.39925333 -14.61445195 2.24381915
v 13.03361490 10.66490613 2.64197096
v -18.66587828 3.99759220 2.40700942
v 9.34319368 -12.47153460 3.00793295
v 0.89562567 14.38786555 2.79190243
v -17.11496444 -6.75651846 2.54565678
v 18.93495027 -1.51533241 3.05718283
v -13.25846210 10.53736101 2.58920307
v -3.42917862 -13.79335180 3.53577645
v 14.99215718 8.83522280 3.01909855
v -19.26701595 -0.19859328 2.67917815
v 14.30064567 -8.90777353 3.68875518
v -6.38634394 13.58828540 2.78222282
v -13.28045012 -9.89281826 3.52286638
v 18.36363527 3.33919463 3.27697592
v -14.27640998 8.69531383 3.92966404
v 12.44601328 -10.81482850 3.04823507
v 4.83138414 14.08955613 2.43624298
v -17.64591848 -6.03534851 2.44260303
v 18.60474694 0.83957270 3.62664677
v -9.16015823 12.87780585 2.30589447
v 2.05907061 -14.57386127 2.13100873
v 10.79685321 11.90834447 2.79837729
v -19.09576907 -3.22510982 2.05306749
v 14.56624763 -9.48467233 2.64089486
v 0.00309115 13.97319657 3.63622345
v -11.32479678 -11.62723479 2.80207948
v 18.41442788 0.94385834 3.85113877
v -15.77165513 8.29986909 2.68270603
v 8.58131542 -13.04345699 2.44461374
v 5.89335004 13.65788722 2.90023800
v -17.77150498 -6.05280633 2.18186379
v 17.59632524 -4.14344234 3.86808240
v -2.54827524 14.55502227 2.05465506
v -6.53811132 -13.23314299 3.38879169
v 18.61067550 4.28625449 2.29027640
v -18.94016049 1.41556255 3.07034114
v 13.87964194 -9.74534133 3.10310335
v 5.00087003 14.07616058 2.38460888
v -12.70489239 -10.48701611 3.28139229
v 19.14482971 -0.93610136 2.82478557
v -14.45982695 9.56258063 2.66214966
v -0.47569059 -14.05821294 3.47942304
v 14.43997137 9.42728417 2.89350830
v -18.99524522 2.80685162 2.50871412
v 17.58243174 -5.42124613 3.10682177
v 2.27874704 14.62657542 1.90232660
v -8.52536605 -12.32096286 3.78947808
v 17.33264944 6.62677068 2.31893136
v -15.40756836 8.77966240 2.52840521
v 6.44775243 -13.29852199 3.31757694
v 3.84687405 13.73935201 3.52174728
v -18.14458280 -3.16490789 3.63891301
v 16.63525026 -7.32318918 2.64233927
v -5.01860446 13.72689361 3.15559799
v -8.21167291 -12.87815365 3.07122122
v 14.19360184 9.01751720 3.67357357
v -18.94090813 -0.66029206 3.18068050
v 9.25217574 -12.77383562 2.46554689
v -0.80746355 14.45131684 2.64933476
v -12.01856102 -11.67926947 1.80664170
v 19.52349216 0.10174697 2.16880436
v -17.17205477 6.29649536 2.94274604
v 1.47280091 -14.71948942 1.77844983
v 8.23712440 13.23021392 2.28965712
v -17.61505197 -6.58426283 1.77755470
v 13.45635805 -10.75154703 1.83186029
v -0.88416597 14.58478630 2.29436745
v -5.16391700 -13.87474951 2.78820366
v 17.67655780 6.21794826 2.16825359
v -17.19083081 6.34438308 2.86869540
v 9.63521721 -12.88103915 1.74582511
v 5.06313570 14.19864326 1.99762628
v -17.81974080 -4.52121162 3.39546212
v 18.09924503 -5.65478245 1.97294853
v -8.63615421 12.97376835 2.55849847
v -4.49050831 -14.19540293 2.32359030
v 13.42037030 10.44914204 2.53908251
v -19.20510926 0.69537245 2.75246011
v 12.47736582 -10.46006873 3.52857177
v 2.37082882 14.56290255 2.08274955
v -13.81331582 -9.57912285 3.39352832
v 19.14175006 1.08455265 2.80634485
v -18.47739717 5.13442492 1.71168402
v 9.31039439 -12.50939978 2.96314248
v 11.22683874 12.08610590 1.88885278
v -18.00046491 -5.54108739 2.31295251
v 15.47499697 -8.70078772 2.54657126
v -8.67889297 13.17044781 2.01880206
v -6.91734006 -13.65110541 2.28345982
v 17.92733158 5.78370670 2.18757115
v -19.49696544 -0.99912194 2.12683341
v 10.74882325 -11.52919819 3.46973668
v 2.96179325 13.97847206 3.31112238
v -12.49200630 -10.68136018 3.20626436
v 19.19311984 3.11585268 1.89502822
v -16.29427616 8.19786491 1.93784857
v 0.42251666 -14.65709678 2.11545595
v 15.96760772 8.49258118 2.05031550
v -17.80592275 -5.58367761 2.62309584
v 13.52219940 -10.00615170 3.12863993
v -0.68831780 14.43302903 2.70153628
v -6.19433418 -13.86929879 2.21706032
v 19.16100855 2.37037506 2.39097211
v -14.59255824 9.85875379 1.88852364
v 7.70755595 -13.65264514 1.51865002
v 3.85951088 13.80552552 3.40121312
v -17.21089037 -7.03727014 1.98393925
v 16.74129118 -7.44465895 2.30214500
v -7.87505110 13.39610149 2.17666647
v -7.12680109 -13.80558932 1.61046587
v 17.78691221 5.50492927 2.72724854
v -19.52740002 1.72390423 1.83012069
v 9.91351531 -12.06196709 3.28144246
v 1.42094546 14.73371212 1.73615044
v -13.66854594 -10.08836318 2.83889906
v 19.79755953 -0.07202390 1.41839827
v -17.94281500 5.41067704 2.55000922
v 6.96850173 -13.38736361 2.86461060
v 5.56004943 14.25466620 1.40083824
v -17.71830804 -6.52060543 1.61813782
v 19.28636003 -3.30820586 1.46457461
v -3.05203048 13.96915598 3.30810826
v -10.92925288 -12.27734630 1.77350226
v 16.52723402 7.95723622 1.88983457
v -18.92132657 1.65312041 3.04651757
v 10.62960865 -12.29363681 2.14065594
v 3.81210297 14.03115306 2.97787555
v -18.26258291 -4.73430123 2.58029316
v 19.41145549 2.26984106 1.87323033
v -9.86771641 12.48135482 2.53369552
v -5.30108880 -13.95181457 2.54206851
v 16.33101343 7.96862317 2.25892501
v -19.00454099 -4.02894980 1.57874607
v 11.70346999 -11.27431427 3.04364782
v -0.02232352 14.23182463 3.15910588
v -9.92251415 -12.83213941 1.48391926
v 17.85227684 5.71932606 2.40540396
v -14.13281811 10.39633890 1.42428606
v 7.01169353 -13.58918589 2.37387293
v 4.02347956 14.05830339 2.84863613
v -19.10439612 -3.31739922 1.96579246
v 16.75733256 -7.31030847 2.45897726
v -5.42807780 14.17588901 1.82216656
v -5.80615721 -14.19741002 1.40962587
v 12.69011812 10.94868423 2.54224931
v -18.05541029 5.97248123 1.62695114
v 15.81980185 -8.95524011 1.33815399
v 2.83141508 14.37854921 2.47186928
v -16.61309869 -7.60009024 2.30857473
v 19.18015926 3.42284984 1.68026949
v -11.66622435 11.82460267 1.95755823
v 3.05282599 -14.72092978 1.16463998
v 12.81039254 10.67757061 2.88134017
v -19.13229985 -3.05631946 2.08258988
v 15.59982465 -8.56399895 2.56220386
v -9.35526925 12.46015144 3.01949431
v -5.78475994 -14.21502168 1.35153731
v 18.85817648 2.81596660 2.75099947
v -17.10487625 7.43753239 1.50682398
v 9.34020368 -13.00960502 1.72278998
v 9.35944517 13.09607784 1.36921508
v -13.27744022 -10.80367084 2.01299511
v 19.83524316 -0.38632642 1.25477079
v -9.60350030 12.85602412 1.86724201
v -2.60447457 -14.35622348 2.58914384
v 10.96157584 12.15624769 2.06965489
v -19.45344784 0.84862739 2.25183633
v 12.62173848 -11.45004749 1.38009723
v -3.81124048 14.23056269 2.52282569
v -12.69847655 -11.36335044 1.51590190
v 19.32757436 -1.89123677 2.24087905
v -13.55936044 10.87234104 1.22439222
v -1.04305937 -14.44107855 2.65357331
v 14.12966922 10.47197871 1.16159158
v -18.92378730 -3.62839285 2.14973327
v 18.68032792 -3.23353261 2.84856888
v -11.90331647 11.94420226 1.08238458
v -6.86591144 -13.59557573 2.46248786
v 19.31433478 3.02686354 1.63314458
v -16.93019778 7.10999841 2.42373902
v 13.59808658 -10.75559693 1.53570945
v 7.27387962 13.79773240 1.46985798
v -17.44191606 -6.99701748 1.47840023
v 19.13091109 -3.03532576 2.09935788
v -15.64004427 9.18129019 1.17572325
v -3.63334870 -14.65232849 1.13207422
v 13.01519251 10.56246063 2.84015689
v -19.46366596 -0.82663388 2.23332207
v 15.38225859 -9.18523722 1.83013176
v -8.68398009 12.89935683 2.68225600
v -10.45463682 -12.28555271 2.36495382
v 17.54998565 7.06592547 0.89977144
v -18.42167899 4.95796384 2.05800067
v 8.68738268 -13.15641680 2.05009209
v 6.53283434 13.82935677 2.08087147
v -15.86888369 -8.59396490 2.05417631
v 18.95268305 -4.43648598 1.20466365
v -13.98758622 10.39270611 1.75589042
v -3.33057670 -14.66817940 1.26576216
v 11.88241632 11.58309823 2.25205465
v -19.20221005 -0.75446903 2.75059886
v 14.55403232 -10.19914572 0.90154363
v 3.56302736 14.27607377 2.49912767
v -16.46490771 -7.83982858 2.21581896
v 18.88981108 3.73418921 2.14391018
v -15.23887735 9.13344811 2.20650278
v 6.48808255 -13.58558102 2.72873027
v 14.16793691 10.42514595 1.23025949
v -19.31542499 -1.40255309 2.41956570
v 14.16302168 -10.38960298 1.37009478
v -9.36007452 13.00583452 1.70842148
v -10.66053587 -12.22908028 2.26305045
v 18.50663986 4.78032432 2.05422681
v -19.59358427 2.52737813 1.08807752
v 12.87197613 -11.21741020 1.62895169
v 6.37534366 13.98907100 1.69221436
v -17.84890897 -5.88843401 2.22342051
v 19.59025852 1.19703082 1.84894726
v -11.17419989 11.90643376 2.40384341
v -1.87605260 -14.77135128 1.46475957
v 12.54086029 11.61585176 0.84480790
v -19.45372323 -1.59296719 2.06406530
v 17.31948431 -6.73585771 2.20082499
v 1.10504652 14.55985577 2.34034333
v -8.74571054 -13.20649823 1.83354087
v 19.60794861 -0.57687579 1.93240345
v -16.30755757 8.24816708 1.81089244
v 1.56332237 -14.76779921 1.56877442
v 11.28125023 12.09052737 1.79278576
v -18.59914481 -4.55135636 2.07638036
v 19.07695564 -3.29448870 2.04782661
v -3.66227871 14.70982471 0.69174384
v -1.40508943 -14.64952195 2.03097964
v 19.19728735 3.76617000 1.24980936
v -19.67038231 1.27467502 1.59589573
v 9.71744688 -12.77936833 1.95181510
v -2.55109781 14.70440508 1.50844509
v -15.99240331 -8.60373915 1.77793646
v 19.26709443 3.60108831 1.19636322
v -13.26419937 10.89580250 1.80318347
v -2.40348467 -14.81618275 0.99583871
v 12.96195603 11.18677544 1.54187969
v -19.77665040 -0.42265034 1.46343162
v 15.86266968 -8.99947065 1.04793242
v -4.64510708 14.44721560 1.35661144
v -10.49096785 -12.42663669 1.96295943
v 16.89507047 7.75180202 1.39006785
v -17.35707775 6.73426470 2.12773700
v 10.12493328 -12.77750344 1.34513555
v 6.36851714 13.96944533 1.76895652
v -16.93113912 -7.31687703 2.13073880
v 19.65270187 -2.12552705 1.19786778
v -14.78889652 9.74743590 1.75907767
v 2.73968355 -14.55001350 2.00832240
v 15.83470707 8.52457642 2.24018860
v -18.66631204 4.67296508 1.78522884
v 14.94013956 -9.46031457 2.10270489
v 4.08694797 14.61933982 0.91393771
v -11.56375395 -12.04976599 1.42757159
v 17.93479907 5.77407462 2.18357402
v -13.79929836 10.82903392 0.52511038
v 2.09351194 -14.54124357 2.21980126
v 11.17466769 12.31611883 1.16848296
v -18.82497001 -4.94255140 0.74018590
v 18.46400672 -5.25169227 1.58499699
v -7.41390332 13.87933858 0.80155588
v -6.45944205 -13.94810731 1.76135455
v 16.40399995 8.05639457 1.96985035
v -16.74462797 7.67555616 1.92880438
v 5.25151264 -14.43678482 0.68844508
v 4.01449222 14.65337118 0.73435685
v -17.07808121 -7.71495045 0.79451089
v 19.41867831 2.45491182 1.74649586
v -15.67006813 8.84810961 1.95374274
v 1.53185523 -14.75022162 1.64803055
v 12.09082146 11.65608646 1.75181416
v -19.94652780 0.74259727 0.53751087
v 17.46021151 -6.72386931 1.92138860
v 1.44944876 14.78810591 1.50999138
v -12.24511151 -11.63162730 1.54379708
v 19.85672169 1.71149064 0.35466066
v -14.97202514 9.64288780 1.62259743
v 5.17211666 -14.41912227 0.95256218
v 10.42704775 12.47358628 1.91517626
v -15.47630397 -9.05237819 1.92373568
v 19.13687160 -3.62567775 1.61324968
v -13.39527778 10.85946317 1.65203370
v 0.72503003 -14.75589753 1.75977265
v 18.47804597 4.78581319 2.11208314
v -18.99826096 3.92756387 1.70605617
v 11.07810679 -12.09696161 2.06892530
v -0.50245086 14.65929895 2.10427580
v -16.00542605 -8.53004592 1.90211942
v 19.43747619 -3.27302096 0.88597115
v -11.27423657 12.38577755 0.20443281
v -3.27734702 -14.79313156 0.23232565
v 9.28528087 13.27920734 0.27154245
v -19.80967280 -1.74195594 0.73864000
v 18.60314769 -4.47110800 2.14380992
v -4.59223009 14.51024850 1.07297383
v -10.55061126 -12.44029579 1.84078839
v 15.91986726 8.89743591 1.20635570
v -19.51678586 3.26394516 0.19735898
v 6.47810532 -14.18842492 0.19184321
v 0.99552548 14.90271040 1.02236007
v -18.33005943 -5.74283065 1.15948539
v 19.05800310 -3.82046232 1.64652616
v -9.05045325 13.29243482 0.99697440
v -4.54980097 -14.40361483 1.61819409
v 13.00951392 11.28941011 1.02144286
v -19.82967132 -0.97782145 1.12742409
v 14.15116064 -10.56595711 0.56447317
v -0.27930473 14.88726869 1.21570277
v -11.96598934 -11.98651747 0.58949784
v 18.50734533 5.23099359 1.48596037
v -18.92325261 4.76992731 0.60459560
v 8.86289777 -13.40776005 0.68217213
v 9.72165114 13.04712237 0.84602102
v -19.39217907 -2.08979740 2.01118033
v 19.51068043 -2.07907928 1.70651539
v -6.90546455 13.85443755 1.66419813
v -9.55351803 -13.13753527 0.68830124
v 15.20926334 9.57793228 1.18223175
v -19.52700369 3.17544440 0.43874787
v 10.90417259 -12.43306724 1.25380092
v 7.93427996 13.72846834 0.70496902
v -12.43420444 -11.65426760 0.99112433
v 19.49228858 -3.18578456 0.70845297
v -16.24402322 8.29721496 1.85356241
v 4.63565525 -14.39779277 1.57984982
v 11.86610473 12.05681195 0.43756262
v -18.72545237 -4.59840183 1.71506487
v 16.83132468 -8.03016136 0.71923423
v -0.91499987 14.88993521 1.11930346
v -7.39500823 -13.66549148 1.82493652
v 19.52580054 2.87425378 1.00701242
v -14.82060069 10.03657952 0.56325692
v 3.27440937 -14.55347363 1.78455313
v 7.58664531 13.80620895 0.94579227
v -14.71839635 -10.14622160 0.29750237
v 18.85113792 -5.00889381 0.08930540
v -14.68651516 10.14271132 0.59542152
v -8.22580549 -13.60741570 0.88877135
v 17.94847374 6.41778348 1.07578777
v -19.76355459 -1.41005457 1.21111894
v 10.31934739 -12.74875915 1.06856430
v -1.10553263 14.75258087 1.72225546
v -9.66844871 -13.10488796 0.54975952
v 19.89147709 0.99001337 0.80415983
v -13.77281570 10.86417315 0.34567963
v 2.64088849 -14.73668255 1.31776715
v 12.92145213 11.12571552 1.80138790
v -19.40250621 -3.59700486 0.36778891
v 16.67114557 -7.84943799 1.77041520
v -9.57216661 13.08587538 0.99331778
v -11.71523818 -12.15569107 -0.12969446
v 19.80173875 2.10258036 0.08925246
v -19.57588193 2.72023301 0.95261244
v 6.83404987 -14.08391592 0.40670972
v 6.52063814 14.11440988 0.91083670
v -17.19264976 -7.66200107 0.10736539
v 19.67576982 1.14573914 1.62252587
v -9.67157864 13.11846191 0.35902692
v -2.92502673 -14.67055950 1.48504500
v 14.20704749 10.53100813 0.50011382
v -19.99881435 -0.02387553 -0.10771609
v 17.77477455 -6.59482840 1.29795053
v 2.05640587 14.91980004 -0.09629556
v -9.56073265 -12.94033171 1.65072850
v 18.74836286 5.22300333 -0.01957171
v -16.35946071 8.34211445 1.47062373
v 8.71308020 -13.39411427 1.13410939
v 2.95653469 14.81012077 0.57482575
v -15.60040783 -9.31972678 0.74402369
v 18.76538072 -5.18490077 0.13051636
v -12.18427693 11.83469675 0.79808466
v -6.56713608 -14.16821546 -0.03384697
v 16.57271596 8.28981328 0.89084394
v -18.65616280 5.40346776 -0.10122652
v 12.68390261 -11.53243992 0.81841314
v -0.34447868 14.99223390 -0.27176238
v -15.69866212 -9.28689414 -0.23720738
v 19.81314488 -2.03903612 -0.10940686
v -14.02596167 10.48798179 1.38931838
v 3.19206770 -14.68202452 1.28351546
v 16.19511424 8.78201626 0.39028190
v -19.57934721 -2.19363841 1.42253368
v 13.78940865 -10.86084036 0.19323479
v -1.39104238 14.96354709 0.04121213
v -12.59043462 -11.65264374 0.14746990
v 19.05201125 4.50360895 0.49068857
v -18.45027343 5.78940436 0.01783181
v 3.17051118 -14.69214638 1.24481238
v 10.77062545 12.50064269 1.24371268
v -17.85819271 -6.49521302 1.23333226
v 18.56708610 -5.57345254 -0.09942230
v -13.22004136 11.25228720 -0.18641979
v 0.88467323 -14.84789840 1.34984348
v 17.65389287 6.90198637 0.95542234
v -19.73922645 -2.33935544 0.39808950
v 12.72865463 -11.43546283 1.17278397
v -4.12095161 14.64347750 0.67199724
v -12.02377762 -11.97804730 0.30189547
v 19.71631416 -2.43835159 -0.41745489
v -18.66383222 5.29862452 0.66134444
v 3.47508988 -14.61101437 1.44919421
v 7.19449017 13.96730156 0.59594914
v -19.35484421 -3.77478882 -0.12082607
v 19.69975235 -2.58928802 0.01416080
v -4.92067592 14.52792689 0.37682810
v -10.54195305 -12.60751244 1.25405024
v 18.46839146 5.71198683 -0.47836400
v -19.76408233 1.31521806 1.25557278
v 12.15563592 -11.90307351 0.29972657
v 4.27891432 14.62889047 0.55645326
v -17.61960336 -7.09347476 0.15528204
v 19.83794487 -0.97990738 1.08959722
v -13.09303749 11.32637489 -0.35602088
v 2.99774842 -14.70545813 1.28142236
v 16.91993402 7.97511105 0.40153024
v -19.46367118 2.81551749 1.32973804
v 17.84863180 -6.76381029 -0.15375049
v -2.27865153 14.90104505 0.13032288
v -11.31255012 -12.34041966 0.56912631
v 19.36314056 3.32150682 1.16786329
v -15.85816468 8.96312965 1.19331969
v 4.28242958 -14.64035412 0.39114049
v 12.26721081 11.78821361 0.78613270
v -15.34449668 -9.49006809 1.05324258
v 19.12643551 -4.15710586 0.92961632
v -8.04088109 13.73388973 0.07118993
v -4.18038002 -14.55179724 1.23201458
v 13.67717311 10.90965320 -0.57941287
v -19.96773561 0.22519997 0.54757981
v 16.46727953 -8.40713709 0.89099006
v -0.69377169 14.95482131 0.69364662
v -11.45184895 -12.29560178 -0.14787668
v 19.93560716 -0.56457483 0.70797418
v -10.89128553 12.57304555 -0.29417996
v -0.23781005 -14.96600327 0.66229727
v 15.48784532 9.47510914 -0.36119922
v -18.84443031 -4.94933406 -0.57861173
v 15.07761746 -9.83489220 -0.42122156
v -0.40661675 14.98977123 0.30822516
v -12.19162899 -11.83609894 -0.75985805
v 15.58703046 9.39734924 0.11024863
v -19.78181808 2.04011441 0.56578341
v 10.86255598 -12.59076129 0.21131739
v 0.06330444 14.99925918 0.09420951
v -16.55594094 -8.37597482 0.54252773
v 19.36883492 -3.56845176 0.74335084
v -13.41129139 11.12549978 -0.14976333
v -7.08571520 -14.02694695 0.03723405
v 14.50535925 10.24464011 0.86776471
v -19.64708435 2.80178892 -0.09550327
v 12.14466051 -11.91202088 0.24861422
v -0.17865064 14.99154798 0.32354731
v -9.89620531 -13.00503167 0.58907894
v 19.85806599 1.70321282 -0.35355311
v -13.09965630 11.29286051 0.64832838
v 0.21131661 -14.99316687 0.28270837
v 6.12357402 14.27952535 0.03294126
v -19.10843196 -4.36717414 0.49032569
v 19.73818058 -2.40642449 -0.16532685
v -10.83614264 12.60640143 -0.11308830
v -0.21435138 -14.94181647 -0.87337799
v 18.21827901 6.18145740 -0.20290540
v -19.91657584 -1.06349598 -0.57430353
v 7.87290259 -13.72888423 -0.85700459
v 7.56282322 13.85618568 0.60853286
v -17.49942917 -7.13493481 -0.90389732
v 19.17869276 -4.25440174 -0.00456022
v -15.85056289 9.05863776 -0.84810599
v 0.45389217 -14.98174638 0.43786870
v 15.78819539 9.11923327 -0.85031579
v -19.87285586 -1.60656650 -0.34679097
v 15.77932711 -9.10296463 0.96165486
v -8.48981860 13.54608566 -0.65327880
v -6.98076283 -14.04027121 0.45194344
v 17.55351033 7.11414391 -0.68903671
v -15.00175177 9.83587961 0.85982154
v 10.54187660 -12.71644196 -0.58909537
v 6.70135995 14.07456307 -0.85525769
v -18.79583186 -5.12541403 0.06065352
v 19.48698375 -3.36400067 0.18657522
v -12.79246612 11.53003951 -0.05434445
v 2.16995486 -14.85964424 0.82793638
v 16.57239473 8.39702582 0.03371210
v -19.20589503 4.14072458 -0.40389642
v 9.03649590 -13.31052477 -0.91824959
v 1.78869425 14.90604033 0.67008587
v -10.29005152 -12.82400181 -0.66150501
v 19.24123443 4.06991649 -0.28609228
v -12.96628577 11.40771935 -0.36139887
v 7.68150037 -13.83483453 0.42520014
v 13.97241931 10.72962621 -0.16205550
v -19.11539598 -4.40684576 0.13845326
v 18.21719394 -6.16147791 0.40082017
v -9.05990129 13.34668468 0.55577334
v -4.19945694 -14.66524114 0.06918011
v 19.17706365 4.24770613 0.20234390
v -19.95646700 0.01087868 0.65939641
v 14.57862557 -10.23471831 -0.55731863
v 7.44863469 13.87320872 -0.76749680
v -15.49616758 -9.42201931 -0.71546308
v 18.27218222 -6.01931970 0.65470215
v -16.25514059 8.58663854 -1.08330586
v -5.09210179 -14.50389454 0.15158285
v 15.60575255 9.30201672 -0.81144838
v -19.85482280 1.59584821 0.56091196
v 15.70225332 -9.20767190 -0.82417665
v 1.52409846 14.92631449 -0.63193457
v -7.75579306 -13.82276636 -0.20596327
v 19.68186310 2.66021256 0.10417537
v -17.61827445 6.97027107 -0.89772530
v 8.71352163 -13.49556613 0.26801659
v 7.14435862 13.93499426 -0.96721561
v -18.24385843 -6.11259403 -0.42926857
v 19.87105277 -1.55706455 0.45583123
v -13.98036710 10.70607469 0.44169680
v 0.06802312 -14.98824550 0.39434559
v 13.71750824 10.90483778 -0.32582879
v -18.43257790 5.68727101 -0.82730863
v 11.79397813 -12.09788558 -0.42089029
v -2.46900510 14.85798324 0.60049681
v -13.83110520 -10.73591694 -0.97391191
v 19.28679660 3.73788070 -0.89174078
v -15.83985383 9.13978864 0.38440053
v 2.48466443 -14.87359021 0.36738605
v 8.23943621 13.61734796 -0.78334349
v -19.97956094 0.51995486 0.29005042
v 18.49074836 -5.67500826 -0.45760626
v -9.22977608 13.25092907 -0.81491583
v -9.52813589 -13.17414009 -0.40838991
v 19.56925637 3.09198236 0.10956598
v -19.08153288 4.46964915 0.30784692
v 10.88337288 -12.55197919 -0.60403382
v 6.25718617 14.22284218 0.55278984
v -19.19407708 -4.19814218 0.25255819
v 19.96360716 -0.73572981 0.35074236
v -9.22311510 13.25046875 -0.83680240
v -7.51431993 -13.73982247 -1.40723743
v 15.18430360 9.74310633 -0.41104142
v -19.99006762 0.07067681 -0.31157517
v 16.07567305 -8.91309424 -0.29167330
v -6.04786712 14.29774799 -0.00216469
v -16.18593205 -8.65053239 -1.11595827
v 18.45406350 5.40934784 -1.36270930
v -18.82778692 4.55456797 -1.46935856
v 5.46463196 -14.42917769 0.02442406
v 12.27393219 11.84215801 -0.10110454
v -16.85240849 -8.02556886 -0.61034743
v 17.00008395 -7.58369674 -1.47925481
v -4.78336775 14.56156581 0.20051022
v -2.10945127 -14.91123884 0.25987375
v 19.23036941 3.76119595 -1.12287467
v -19.12227027 4.01537520 -1.19113868
v 12.57579885 -11.50847098 -1.26408818
v 6.94462668 13.95239975 -1.19301322
v -18.10045772 -6.02013789 -1.40917539
v 19.26346758 3.29995199 -1.54591235
v -14.15807338 10.59001795 0.20849597
v -3.52395603 -14.71012556 -0.85034144
v 16.15156418 8.84614266 0.04562344
v -18.73018091 -5.22791049 0.38464053
v 18.38782297 -5.44450875 -1.51574046
v -4.54610483 14.57379444 -0.65972698
v -7.71075367 -13.82461766 -0.44025385
v 19.28781297 3.83328787 -0.68143853
v -17.67240742 6.99910787 -0.38636361
v 11.80849472 -11.92999803 -1.37272465
v 3.73099998 14.64595478 -1.08848635
v -16.27113878 -8.65547242 -0.71831476
v 19.48334720 -3.37104218 0.22172497
v -8.50888779 13.40206531 -1.43897903
v -0.56061123 -14.94021444 -0.84674726
v 17.47268142 6.94355940 -1.49944769
v -18.85415185 4.98816948 0.26766823
v 16.07581621 -8.85658817 -0.72813947
v -3.45148741 14.77466918 -0.06044270
v -14.58466591 -10.26297644 -0.09555639
v 19.75971383 -2.31003478 -0.12944480
v -18.29828648 5.78637509 -1.18837213
v 8.29128554 -13.50125378 -1.34111892
v 8.78764765 13.47081006 -0.21026848
v -18.65969595 -5.38876917 0.21860632
v 19.10813587 -4.42844200 0.06117245
v -9.16175331 13.12359509 -1.57145118
v -11.71317906 -11.93215110 -1.55628876
v 18.94094676 4.74494857 -0.55106543
v -18.98265301 4.71996308 -0.11560693
v 8.45422223 -13.57390352 -0.49220109
v 6.10341039 14.28424778 0.05262070
v -19.05717142 -4.53373129 -0.26575093
v 19.09763367 -4.15868966 -1.06468954
v -11.46963412 12.06522901 -1.55377160
v 3.68392416 -14.74097680 -0.17606604
v 17.19982895 7.61454902 -0.52151619
v -19.84700169 -1.80248112 -0.28312276
v 11.52669018 -12.18814562 -0.87248724
v -7.14710279 13.85202361 -1.39655695
v -7.99925737 -13.55411809 -1.53370518
v 19.41513308 3.54833850 -0.40900188
v -15.94744288 9.05070167 0.11406387
v 0.03071527 -14.86876376 -1.31982047
v 9.92367753 13.02309892 -0.04343918
v -18.63754053 -5.23149586 -0.99835925
v 19.88962064 -1.56961173 0.07601581
v -8.84326239 13.30659724 -1.32415496
v -4.29964348 -14.57634806 -0.97323668
v 15.19898071 9.51743554 -1.41041364
v -18.93212835 4.77764093 -0.49880409
v 9.50775621 -13.10815151 -1.01714427
v 3.50853385 14.76587989 -0.14067008
v -10.51955279 -12.54646747 -1.54046842
v 19.73806017 -1.59376501 -1.21380299
v -15.43472401 9.46728601 -0.77909459
v 0.33059871 -14.80900163 -1.58212121
v 13.86673512 10.73942219 -0.81751471
v -19.70725834 -1.12272129 -1.53159022
v 16.23563797 -8.32479286 -1.81660335
v -7.56897356 13.60373170 -1.85151209
v -12.19416145 -11.81956359 -0.85778303
v 19.88744552 0.97129103 -0.83850221
v -17.47200593 7.28800084 -0.27496360
v 8.39488758 -13.39990526 -1.60566177
v 4.61947918 14.50130641 -1.09718713
v -15.81337456 -8.80010411 -1.75091523
v 19.89445839 -1.19255276 -0.64849860
v -10.73494028 12.42352592 -1.61025855
v -7.87062181 -13.58483286 -1.57864981
v 16.73501316 7.95245832 -1.37020392
v -19.60823721 2.94893651 -0.11945216
v 10.46272636 -12.76540628 -0.45621187
v -6.09264057 14.19283691 -1.09203764
v -14.08909206 -10.56198779 -0.89112892
v 19.48816465 -2.19269948 -1.70763035
v -17.25336275 7.07280016 -1.82955087
v -0.64152093 -14.97397906 -0.49371814
v 14.32340551 10.46546840 -0.17826558
v -18.25754347 -6.01817421 -0.75395671
v 15.17847926 -9.66248550 -0.95315106
v -10.96049273 12.46992749 -0.92530667
v -5.31801315 -14.45543715 -0.24232752
v 17.64917704 6.75243588 -1.36455836
v -16.62573114 8.06234322 -1.41660321
v 14.42939824 -10.32189360 -0.77223338
v -0.05744766 14.99305915 -0.30281717
v -13.76246975 -10.87498835 -0.29363120
v 19.60009558 1.23119474 -1.81255523
v -8.74038060 13.13500718 -2.05478510
v 3.74945002 -14.64683221 -1.06718112
v 16.40834189 8.54232205 -0.50980907
v -19.04771795 -3.45592998 -1.99697505
v 14.89828773 -9.46337119 -2.16975995
v -6.29363794 14.04336524 -1.56394602
v -13.43818124 -10.97048453 -1.16801197
v 19.81392959 -0.51579629 -1.31674065
v -16.79767881 8.10590552 -0.50691364
v 8.23935138 -13.54992137 -1.19503481
v 4.44518034 14.42786477 -1.59470335
v -18.83906130 -3.83894434 -2.17311876
v 16.89577334 -7.95633133 -0.70601104
v -9.48482934 13.08001174 -1.21283413
v 0.72848303 -14.69347580 -1.97801889
v 17.54032920 6.91901470 -1.34440645
v -18.29905715 6.00092450 -0.53027896
v 12.83316789 -11.41728465 -0.94454568
v -0.54392083 14.60591779 -2.26085038
v -14.00597119 -10.26804358 -2.02464973
v 19.92347065 0.05592772 -0.87317758
v -10.95803704 12.53180069 -0.42675657
v -3.30412584 -14.66990319 -1.27418623
v 15.54357000 8.96213250 -1.97526214
v -17.46856724 -7.15872481 -0.96731260
v 18.87310023 -4.20518802 -1.75844856
v -10.08506718 12.83483417 -1.16541946
v -6.68472788 -13.92366328 -1.63244305
v 19.37787899 3.08474675 -1.37668739
v -17.01706980 7.64342645 -1.28043540
v 10.82438983 -12.59968497 -0.38945410
v 5.85612989 14.32177338 -0.51479768
v -17.38126662 -6.68998490 -2.14041643
v 19.78609438 -0.07982030 -1.45766445
v -12.09150733 11.53800276 -2.06929222
v -6.51043933 -14.12484576 -0.85549424
v 14.99130084 9.55552780 -1.79828859
v -19.08656300 -3.27768468 -2.03740403
v 9.75778002 -12.67013601 -2.20198154
v -1.87606393 14.87311375 -0.89708254
v -11.08073797 -12.33228212 -1.30801268
v 19.46262750 -1.77299767 -1.97595860
v -13.57537980 10.91748674 -0.97634955
v 4.13943067 -14.62742528 -0.78882649
v 12.16231373 11.36382463 -2.37181927
v -17.38019147 -7.23210474 -1.11189374
v 18.17842991 -5.45096882 -2.04459447
v -2.91945224 14.70541432 -1.32606166
v -7.94316011 -13.61852343 -1.34090535
v 17.32097923 7.41126352 -0.76419666
v -19.41446815 1.97105695 -2.01069909
v 14.80100061 -9.97736778 -0.99453427
v 7.68213039 13.78069516 -0.91807329
v -17.09276311 -7.72744420 -0.64813282
v 19.02637268 -4.21790298 -1.26186584
v -14.24742680 10.36706102 -1.21885876
v 3.67691311 -14.49342086 -1.80566098
v 15.03940893 9.73742894 -1.14582886
v -19.39140126 -2.18891254 -1.96568198
v 14.58597929 -9.55047411 -2.50476203
v 0.87574989 14.93595355 -0.81264695
v -6.01207379 -13.97469344 -2.04138987
v 17.16086339 7.10665742 -1.98235012
v -18.88061874 4.83586520 -0.69782698
v 4.75855817 -14.35999021 -1.64025758
v 11.40896192 12.20542988 -1.11753690
v -16.22289734 -8.65140618 -0.96909401
v 19.45118503 -0.97400632 -2.23410182
v -13.25590470 10.75686924 -2.15487264
v 1.92497401 -14.76540187 -1.47551119
v 14.31013065 10.31371459 -1.23623652
v -19.10913482 4.02818333 -1.22416096
v 14.16705368 -9.85978903 -2.57231130
v -0.43614978 14.74401583 -1.82659304
v -13.86849642 -10.58796711 -1.44628356
v 19.86049593 1.31678704 -0.78710905
v -12.56971420 11.59033624 -0.89203664
v 7.41564299 -13.85738812 -0.95217386
v 10.54386819 12.18127908 -2.50169184
v -17.55145378 -6.60703403 -1.89349655
v 19.13601405 -4.17932369 -0.83080868
v -10.31699080 12.57068186 -1.77704990
v -11.26546743 -11.86022709 -2.39886203
v 18.09187764 6.26643855 -0.84760509
v -19.53726672 2.90288115 -0.91027129
v 14.35500385 -10.37565333 -0.79822487
v 2.98843933 14.44226558 -2.25066974
v -13.27677934 -10.83749273 -1.93163859
v 19.51203891 2.22814989 -1.61665470
v -13.42223378 10.52122626 -2.40054122
v -4.79835641 -14.22209920 -2.08494797
v 14.48158337 9.97067529 -1.84031880
v -19.13628709 -4.08744392 -1.01252549
v 13.85870469 -10.24434641 -2.31108804
v -1.12566811 14.48558613 -2.53465182
v -8.63601259 -13.37181392 -1.37322673
v 18.98119699 3.59513996 -2.04550282
v -17.50783630 6.63574950 -1.94900453
v 4.22322184 -14.34200826 -2.03024601
v 11.74743421 11.75638790 -2.01782063
v -17.36411738 -7.28541702 -1.01584708
v 18.71454562 -4.97512536 -1.20025556
v -10.49397239 12.13296604 -2.65386016
v -4.53732805 -14.18374865 -2.33246576
v 14.78207540 9.76568918 -1.72814335
v -19.35119647 -1.68416351 -2.26322194
v 8.10905276 -13.28217072 -2.27017147
v 5.76100409 14.24933703 -1.20876193
v -12.22649510 -11.61121608 -1.64561653
v 19.36182871 0.30708481 -2.49759598
v -15.17926075 9.50217728 -1.50599191
v 0.34680086 -14.88047565 -1.24789460
v 6.99831221 13.96926631 -1.01333084
v -19.12149852 -4.05505635 -1.13307519
v 13.96558289 -10.21941873 -2.19645006
v -3.49853597 14.52971604 -1.76414792
v -8.91664815 -13.06852152 -2.05386085
v 19.37480720 2.43338801 -1.87682932
v -15.55070165 8.94526142 -1.99511816
v 6.86754502 -13.72387269 -2.12142852
v 8.94614109 12.92474362 -2.39742382
v -13.77197478 -10.49741978 -1.89927794
v 19.46008676 -2.21360083 -1.77439154
v -11.88982845 11.80599993 -1.64639054
v -3.79017036 -14.59529217 -1.31604018
v 13.40754050 10.63966787 -2.17881341
v -19.06349166 -3.11913969 -2.19586134
v 15.17863586 -8.97618893 -2.56758445
v 2.59814459 14.56462171 -2.00828501
v -16.40234694 -8.06982973 -1.94873680
v 19.65022263 0.26327929 -1.85374771
v -15.30791623 9.13073535 -2.08888632
v 8.44064564 -13.23312828 -2.08798524
v 4.87737941 14.41169392 -1.32024602
v -17.11449564 -7.47720727 -1.38752672
v 17.29493587 -6.91756158 -1.98832851
v -7.20149513 13.47036723 -2.52780931
v -6.31586083 -13.56194720 -2.87791653
v 17.49274035 5.94668909 -2.78999471
v -18.73862471 3.11497433 -2.81131866
v 10.64433993 -12.32762212 -2.03277296
v 4.78250320 14.23120571 -2.06635422
v -16.79655721 -6.88951960 -2.89363913
v 19.39961045 0.44207178 -2.41390180
v -16.05525175 8.09227929 -2.54023333
v 5.11871720 -14.33832971 -1.44130947
v 12.66731189 11.32139210 -1.70839577
v -19.57107628 -1.34735019 -1.85375835
v 13.40732090 -10.12926807 -3.07571388
v -3.40966274 14.27256565 -2.56076005
v -11.84105386 -11.89644006 -1.43081574
v 19.31405748 -0.40472366 -2.58243981
v -14.72321622 9.28465093 -2.73742707
v 9.54576488 -12.37185950 -3.03177083
v 11.95145199 11.67832980 -1.91725328
v -15.97492411 -8.19352227 -2.52253886
v 19.60217016 -2.00337750 -1.46797273
v -5.57867719 13.64864888 -3.07017638
v -5.66781003 -13.98368313 -2.24962382
v 14.83933747 8.88056401 -3.14605528
v -18.97540993 0.46219688 -3.14460008
v 9.12130662 -12.89415360 -2.30379358
v 0.37718779 14.33613097 -2.93600799
v -11.98628805 -11.01842339 -3.18184793
v 19.62615167 1.81232139 -1.49791888
v -17.36372309 6.85111635 -1.94011283
v 4.01105584 -14.24849108 -2.39728383
v 13.76415364 10.60814133 -1.61941408
v -18.18313915 -5.35968387 -2.13919556
v 15.88391740 -8.80794934 -1.56374699
v -0.63768761 14.77752775 -1.68601246
v -3.96093132 -14.35040307 -2.13342522
v 19.05179561 3.32250961 -2.08590930
v -17.68629719 5.50130125 -2.88927604
v 7.73277609 -13.33394346 -2.45590443
v 6.11620744 13.71034749 -2.66536429
v -15.86588793 -8.43303627 -2.33693050
v 18.83494706 -4.16373631 -1.89894506
v -12.83083179 11.31640813 -1.38794724
v 2.65922866 -14.39758132 -2.47044172
v 14.99552097 9.09276377 -2.65285752
v -19.16852290 -2.08006014 -2.49378765
v 15.55017087 -8.08178977 -3.24330275
v 1.03250687 14.26318293 -3.05228135
v -13.58638591 -9.95706866 -3.12871824
v 19.49041157 1.83276676 -1.88097322
v -18.78383197 4.31553348 -1.87474176
v 0.58446541 -14.69620073 -1.98096880
v 9.50307489 13.01294095 -1.47043070
v -17.99473292 -5.10208597 -2.73458195
v 17.68614463 -5.41203261 -2.96348632
v -9.24079213 12.47704664 -3.07608501
v -3.61490987 -14.08804392 -2.91939936
v 17.17842354 5.98686809 -3.20864479
v -19.21726818 -0.55076164 -2.74578474
v 8.51801716 -13.22165772 -2.04120557
v 1.87649756 14.04782047 -3.37823364
v -10.84746413 -11.95537190 -2.65674206
v 19.67949545 1.33375740 -1.54555446
v -15.45408933 8.63864987 -2.66937239
v -2.04323602 -14.16607300 -3.12509863
v 12.86505550 10.42352020 -3.21462263
v -17.30640226 -6.08582792 -2.94297253
v 17.78254749 -6.10253214 -2.09612518
v -8.30459484 12.89172471 -2.98216125
v -12.12376504 -11.05267244 -2.99325074
v 17.90061614 6.17306479 -1.71920374
v -19.11202238 2.68274222 -2.34178061
v 4.00132252 -14.25258976 -2.39051205
v 3.14607210 14.27464108 -2.63878141
v -18.49249479 -2.95776357 -3.25864186
v 18.72358542 -3.14800117 -2.82000572
v -11.29409764 11.60928011 -2.86542644
v -6.19710841 -13.87449971 -2.20059810
v 13.43097586 10.30044464 -2.78335044
v -19.15862368 0.11005035 -2.86904200
v 14.26032092 -9.63245946 -2.81484567
v -1.94059717 14.66555301 -1.86228371
v -13.14148108 -10.29895572 -3.11188337
v 18.35192651 3.86908449 -3.02464003
v -14.76647584 8.93341223 -3.16520605
v 5.57607706 -13.83012859 -2.68642148
v 14.09006108 9.93123540 -2.55582462
v -19.14963172 -0.69797074 -2.84717128
v 14.68758599 -8.78121771 -3.43477642
v -2.66544203 13.90808575 -3.50040149
v -2.77131619 -14.39781591 -2.43883289
v 19.13523936 2.29211199 -2.47500333
v -19.22662133 0.49191784 -2.73435733
v 5.57898798 -13.74013818 -2.88295606
v -1.71678335 14.36134933 -2.75630701
v -15.28964644 -7.96887386 -3.65145783
v 18.81508035 -3.15348384 -2.66053146
v -12.73575089 10.57437850 -3.12306008
v 1.26689585 -14.72486328 -1.79821823
v 14.64958026 8.97474470 -3.24795450
v -18.88285136 -0.82461536 -3.24919423
v 16.36509911 -7.21112610 -3.15192334
v -7.42489240 13.08110447 -3.18849515
v -11.57134317 -11.68063863 -2.42635446
v 18.76677868 1.14473008 -3.37188396
v -18.88979770 2.94335940 -2.63505247
v 2.30733963 -13.89164412 -3.59181644
v 8.37404055 13.05761441 -2.58660168
v -16.71399933 -6.96416976 -2.93345392
v 17.11811819 -6.33733658 -2.98208031
v -13.70822973 10.30704722 -2.40945118
v -8.84327931 -12.66122048 -3.03344155
v 17.62421900 4.87926029 -3.43012489
v -18.60029462 -0.48492184 -3.66097654
v 9.84593569 -12.68948780 -2.04904005
v -0.68795899 14.02983118 -3.52121272
v -13.40960805 -9.66501288 -3.67817181
v 19.14324357 -1.53536977 -2.70856802
v -12.62369957 11.25825786 -1.95651307
v 0.94387812 -14.57711035 -2.31004754
v 11.92469823 11.67967724 -1.95488264
v -18.14460021 -3.07624055 -3.67253037
v 16.62171482 -6.90483564 -3.12089412
v -2.32169499 14.40325601 -2.53983297
v -8.80308144 -12.46303006 -3.40472679
v 18.23450558 3.19284720 -3.51353291
v -18.53322304 4.75508422 -2.02006311
v 12.29424100 -11.26820363 -2.40431403
v 4.64711233 13.45479834 -3.76066465
v -16.74697921 -6.01836001 -3.71303137
v 17.18512859 -6.19706871 -3.01654525
v -10.82320142 12.06980008 -2.44292410
v -2.42163209 -14.06888423 -3.25015053
v 16.81177208 6.33447227 -3.39227167
v -18.86855015 -0.80896733 -3.27163519
v 16.91958931 -6.46276194 -3.14143814
v -6.14626891 13.37531400 -3.32342700
v -15.10472820 -9.20726332 -2.29882524
v 19.01005925 1.14928663 -3.01120624
v -17.34658229 4.64802213 -3.89515008
v 5.93459284 -13.83257512 -2.48094582
v 13.60436319 10.18081481 -2.76841248
v -18.32493943 -2.03146608 -3.77027734
v 18.98646201 -1.63877701 -2.94702723
v -7.32194138 12.92629141 -3.51219469
v -10.74166615 -11.47187394 -3.55858589
v 15.59847690 8.01063749 -3.26370043
v -16.67991193 7.42146022 -2.44253792
v 6.89550300 -13.37884581 -2.92580521
v -1.09638299 14.05911681 -3.44254934
v -15.68916052 -8.67739995 -2.23542106
v 19.43694706 0.25029478 -2.35019764
v -15.70228790 7.89874841 -3.26045228
v 5.39797191 -14.02791539 -2.29273327
v 13.37029836 9.55712800 -3.83585774
v -18.04925490 -3.19554889 -3.74401394
v 16.86963692 -6.93239605 -2.73764046
v -7.27777700 13.32797545 -2.79457204
v -10.48940857 -12.07610577 -2.77104815
v 18.75092523 3.36340741 -2.65949596
v -16.21104617 7.87726260 -2.59271191
v 2.45250553 -13.72876389 -3.83769180
v 3.31680652 14.30112436 -2.52011146
v -16.19875087 -6.47805849 -3.96848825
v 16.92363838 -5.48832213 -3.87430029
v -6.72806478 12.93539338 -3.78376600
v -2.76641164 -14.02045078 -3.27428559
v 17.58344443 4.71894043 -3.57890408
v -17.45882428 4.72327290 -3.72587120
v 14.81092023 -9.46735567 -2.30721454
v -5.16574999 13.41051788 -3.66046220
v -14.33555757 -9.23936797 -3.26841524
v 19.34527309 1.45565270 -2.34485777
v -13.13746899 9.46134810 -4.13114342
v 5.46511736 -13.46280250 -3.46105159
v 9.99652670 12.01175094 -3.30029676
v -17.20540664 -5.50463098 -3.53926564
v 17.16763741 -6.05194501 -3.16856705
v -10.66736014 11.81741840 -3.07970421
v -2.30070461 -14.20966942 -2.98945158
v 16.31024697 7.94548184 -2.33149740
v -18.93594634 1.26767750 -3.10535972
v 8.47951275 -12.98277996 -2.66687271
v 8.42475620 12.71616800 -3.22316480
v -14.44597151 -9.32116050 -3.03535023
v 17.60058696 -5.93327585 -2.62844404
v -14.88358792 9.08798326 -2.81289816
v 3.42763793 -13.66310713 -3.75415969
v 15.41000843 8.36258206 -3.09057844
v -19.17180306 1.89903698 -2.55101419
v 10.73432846 -11.87900388 -2.91164330
v 1.39673981 13.72850589 -3.96824925
v -14.59019806 -9.31721868 -2.86339960
v 17.93106981 4.25632922 -3.40109952
v -16.77980625 6.16898779 -3.56308370
v 6.60588467 -12.61092157 -4.29047752
v 9.54721264 11.59845179 -4.17423058
v -18.96694634 -2.36883006 -2.75132708
v 17.21520503 -5.17123183 -3.74486397
v -4.33680302 13.44196900 -3.87206795
v -6.18545539 -13.35508061 -3.34136709
v 13.90490878 9.43194491 -3.48208212
v -17.54844502 4.46795585 -3.76041747
v 6.45458268 -13.00375295 -3.79869790
v -3.23370302 13.59575638 -3.90290140
v -15.02463414 -7.65388399 -4.18672597
v 18.37338908 0.23644415 -3.94712508
v -17.08130610 6.52374931 -2.85341879
v -0.85432662 -14.30221300 -2.98411715
v 14.74418818 8.99521332 -3.11295872
v -18.77420179 -1.18014076 -3.35609068
v 17.99486514 -3.86792515 -3.52092924
v -5.30556108 13.20775153 -3.92833011
v -8.02855306 -12.94148905 -3.07393522
v 15.03513803 7.79179402 -4.06239104
v -17.94298865 1.84234842 -4.24308084
v 5.58319922 -13.30555078 -3.67743899
v 1.17647766 14.00592332 -3.53116636
v -17.92366979 -4.03694293 -3.52738501
v 16.68742963 -5.79617191 -3.93078127
v -10.26017194 12.10334761 -2.92832656
v -7.31798036 -12.89076217 -3.57178948
v 16.53752144 6.76498084 -3.35970406
v -17.78861721 -2.35269826 -4.29315622
v 15.84632833 -6.94940772 -3.96980487
v 1.81825789 13.37819164 -4.43041652
v -11.85232038 -10.99343179 -3.34171378
v 17.99734293 0.86121888 -4.32368690
v -15.64602020 6.46312015 -4.49835684
v 5.75312414 -13.57426154 -3.13557030
v 11.13964263 11.02740682 -3.86406536
v -18.93227549 -2.49081821 -2.76311869
v 14.64455390 -7.72207502 -4.45890585
v -4.72460102 13.97434145 -2.76178186
v -5.89786432 -13.67272030 -2.86668742
v 17.97695211 5.00055526 -2.84494625
v -17.78214037 2.43749016 -4.27881610
v 12.44834331 -9.97780183 -4.12460190
v 2.11914814 14.06594296 -3.30811660
v -16.57327845 -5.11125822 -4.44077885
v 18.87867177 0.32758746 -3.29412251
v -14.15482791 8.47436188 -4.24175891
v -5.06582600 -13.73394667 -3.12292600
v 9.63769913 12.28003688 -3.12358372
v -17.69692841 -4.65480223 -3.47488442
v 12.83612191 -10.69703977 -2.81996460
v -6.39081375 12.44282801 -4.58025349
v -6.20653704 -12.64590776 -4.39256427
v 15.80076160 6.25429417 -4.49433058
v -14.77820005 8.14759083 -3.98717196
v 1.08622209 -13.57261150 -4.22271821
v 6.83133954 13.12668785 -3.42797421
v -18.07354689 -4.68490255 -2.92949150
v 18.20724454 -2.21852812 -3.86478526
v -13.13763261 9.96066827 -3.57143328
v -7.33754137 -12.38437090 -4.28654905
v 16.39382680 6.19986016 -3.96572023
v -18.19304612 0.76435607 -4.12233015
v 14.80665593 -7.89771549 -4.17959296
v 5.39857897 13.04655678 -4.13083192
v -13.91383957 -9.13826485 -3.80613345
v 18.78857933 -2.41278753 -3.02654406
v -11.06805275 10.44791000 -4.56722229
v 6.77726401 -12.37577095 -4.52174662
v 13.90050707 9.52906314 -3.36705616
v -18.38593769 -3.25656294 -3.28266670
v 14.53516251 -7.68031535 -4.57883281
v -1.33043538 13.20647098 -4.69484192
v -11.99474921 -10.83310658 -3.44574920
v 16.98828587 6.41314731 -3.09357737
v -17.59454004 3.02263162 -4.30667639
v 3.61351497 -13.87149044 -3.34909040
v 5.61797596 13.28106167 -3.70345007
v -16.27045134 -7.36836840 -3.11254662
v 18.55127246 -2.48223608 -3.35024326
v -11.01268443 10.96408667 -4.03150058
v 2.47509247 -13.21304782 -4.56895056
v 10.60032834 10.59068015 -4.69662188
v -17.95023529 -2.44402432 -4.09786326
v 11.17859580 -11.47553420 -3.19871849
v -4.54762594 12.92677853 -4.53457775
v -13.58624549 -8.55988230 -4.61392831
v 17.60086950 0.20853693 -4.74689586
v -15.62049773 7.70947970 -3.54739036
v 0.56728354 -13.73414662 -4.01066347
v 9.32155586 11.71607276 -4.15570423
v -17.89008397 -0.88457015 -4.43153043
v 16.74193560 -6.76327486 -3.09793006
v -8.85209957 12.23551600 -3.72468258
v -7.65108354 -12.40156515 -4.12434236
v 13.10429772 9.20927585 -4.40178072
v -17.80256335 4.80113809 -3.24381381
v 6.39316617 -12.41997019 -4.60692801
v -3.16339352 14.02829346 -3.16775505
v -10.90015179 -11.38719986 -3.55897569
v 18.53690910 2.86745369 -3.23131535
v -15.99412237 6.99560749 -3.78107884
v 4.15879861 -13.69878411 -3.50330229
v 12.09319843 10.68898428 -3.55793638
v -18.57422786 -0.42226487 -3.69733241
v 12.77275644 -10.13759863 -3.67943135
v -5.77013372 13.03300704 -4.02285709
v -10.09741525 -11.63415691 -3.78858716
v 16.83237180 6.51446054 -3.21035736
v -17.91157703 3.47199913 -3.79949641
v 9.12398739 -12.39046101 -3.30991482
v 6.22978129 13.11222258 -3.72611777
v -14.18097816 -7.87001575 -4.71140566
v 17.62758182 -0.06807780 -4.72387870
v -5.32781383 13.28069292 -3.80971246
v -3.38060663 -13.06657061 -4.61091462
v 16.59089978 4.87865224 -4.53951306
v -16.75562433 3.32858168 -4.98879350
v 14.60080760 -8.92851898 -3.35763036
v 0.71534389 14.08815745 -3.41473792
v -8.98574802 -11.72771626 -4.32267193
v 17.18221527 2.23317987 -4.89656860
v -11.81333311 10.41522027 -4.11088472
v 1.27725103 -13.95259806 -3.61523700
v 7.79061830 12.72440085 -3.58697631
v -17.36681128 -1.94545969 -4.78710008
v 17.64406780 -3.04627650 -4.24821869
v -2.50632267 13.31471611 -4.43144846
v -10.55844357 -10.65579894 -4.65455753
v 14.04896030 9.03702472 -3.78944213
v -16.06158356 5.90542709 -4.47289583
v 10.34378344 -11.47416311 -3.83895454
v 6.98644400 12.13969506 -4.72214423
v -11.56363793 -10.28046279 -4.42698121
v 17.59774869 -4.50338079 -3.68324341
v -11.95386865 9.42093594 -4.98297289
v -0.85458343 -13.82966655 -3.84878176
v 14.44272688 7.03435581 -5.08525694
v -17.87590435 -1.68782292 -4.34130182
v 14.11747314 -8.44815206 -4.29577376
v 0.75032444 13.35772505 -4.53404413
v -12.39480612 -8.96558867 -5.08595710
v 18.65942017 1.71014174 -3.41419013
v -14.89887346 6.41857117 -5.11816816
v 9.95879751 -11.08776656 -4.53499997
v 10.08489652 11.77204460 -3.60307436
v -17.25790291 -3.38517265 -4.52196118
v 17.96293780 -3.56729783 -3.69829528
v -6.55071290 13.05508786 -3.67736446
v -4.83313710 -12.59681277 -4.86167553
v 16.58959920 5.40255780 -4.26895997
v -18.55912607 -1.40326375 -3.60756601
v 13.76456046 -8.05942553 -4.87499983
v -2.77487460 12.82543365 -4.99675635
v -12.57483559 -8.77520748 -5.12291510
v 17.50931887 1.84255844 -4.67408169
v -13.72614856 8.23034129 -4.77411809
v 3.11287741 -12.78396786 -4.99419831
v 5.75115343 11.97501225 -5.29124910
v -18.43804110 -1.57652210 -3.72894465
v 14.84722255 -6.57052485 -5.06976631
v -2.16948769 13.66238939 -3.98283039
v -5.48030279 -12.30576051 -5.01882198
v 16.18845914 6.21263309 -4.16284877
v -14.28361259 7.25024427 -5.06279740
v 9.67877547 -11.47766544 -4.24624961
v 6.87969455 12.93985209 -3.70806881
v -16.52305736 -4.25568788 -4.86804521
v 16.66803535 -4.43653371 -4.66864267
v -9.81961969 10.90840801 -4.79664749
v -3.51650600 -13.25101891 -4.34381947
v 9.96995102 10.70458905 -4.92157681
v -18.49807794 1.41257529 -3.68353736
v 12.58712083 -9.12670256 -4.83428815
v -3.63204300 13.36290945 -4.16398844
v -15.13009511 -7.86300899 -3.91042563
v 17.46303118 0.53771405 -4.86128897
v -15.90042259 4.36679362 -5.32156741
v 2.06258593 -13.13979116 -4.71182279
v 8.67149938 10.83853642 -5.38429800
v -17.58499590 -1.27024683 -4.68773470
v 18.30030318 -2.31819609 -3.72642814
v -4.41307567 12.49284008 -5.07604947
v -5.84887915 -12.05169527 -5.18604370
v 17.05006272 3.64390715 -4.62844257
v -18.14546388 0.30638568 -4.20045405
v 5.06981843 -12.03655158 -5.40219937
v 3.64879164 13.07521221 -4.54849818
v -13.36254941 -8.25848308 -5.00483037
v 17.74739046 0.11581027 -4.60994274
v -9.91301642 10.80912359 -4.84823710
v -1.33101324 -13.58566917 -4.18638376
v 11.82101553 9.13273825 -5.29113987
v -16.96226812 -4.47694992 -4.37747978
v 11.94649676 -8.79746913 -5.47012982
v -1.82013918 13.07466444 -4.81615983
v -10.41288974 -9.88004897 -5.43215647
v 16.87083944 4.68403039 -4.36949888
v -13.11225847 8.37615086 -5.08281322
v 8.41635026 -11.69393014 -4.63835879
v 10.63065369 11.01206751 -4.22509936
v -14.65701627 -8.43734084 -3.82799389
v 15.18363769 -6.24273796 -5.00434778
v -4.67980631 13.17295396 -4.17155467
v 0.35284815 -13.20859439 -4.73582103
v 16.79551966 4.43740857 -4.55260962
v -18.10350711 0.60585250 -4.23114890
v 11.31417870 -9.85693456 -4.98151500
v 1.25663275 13.02417748 -4.92081938
v -10.60326303 -11.13390755 -4.09849214
v 17.46561835 -1.42553679 -4.77858388
v -11.66075856 9.51176588 -5.07899089
v 7.29483799 -12.64778268 -3.94970302
v 13.03858926 9.23016024 -4.43102377
v -16.75229633 -4.64607048 -4.49959744
v 17.39381906 -4.23738040 -4.04766478
v -8.12320268 11.59374197 -4.87477794
v -3.64019738 -13.50085893 -3.95941072
v 15.85171843 4.27878841 -5.38923496
v -16.73128840 4.86025842 -4.41783665
v 5.33433782 -12.81577059 -4.45969588
v 3.22812646 12.79222424 -4.96643395
v -15.69735623 -6.49522069 -4.43261522
v 17.47449640 -0.80988554 -4.83414691
v -9.64778485 10.66083765 -5.12029425
v -5.69517431 -12.16678054 -5.10880538
v 13.00776194 8.83066930 -4.80014942
v -17.33030731 -1.06090002 -4.94114218
v 14.15261701 -6.71008088 -5.46942999
v -4.44741310 12.69128298 -4.84448722
v -12.77439937 -9.52375732 -4.34645842
v 15.69873167 5.98567086 -4.73959775
v -14.26314225 7.44254342 -4.95199656
v -0.23440536 -13.71310126 -4.05078575
v 5.16023208 13.13501532 -4.08210867
v -16.99714550 -4.04876160 -4.52644659
v 16.15388274 -3.39493234 -5.44431304
v -8.39364505 11.02330923 -5.32735854
v -8.69477628 -10.64318154 -5.54569597
v 16.52245444 4.44253222 -4.79380101
v -16.47475745 5.49585577 -4.32682336
v 10.65702448 -9.58880420 -5.54458646
v 4.77411662 12.67642563 -4.78365860
v -15.54232196 -6.55393960 -4.52971689
v 16.20650363 -0.54534065 -5.84851552
v -15.75411142 6.01409630 -4.67725611
v 3.20128179 -13.40089065 -4.19796324
v 13.03523539 8.26463305 -5.21183800
v -16.67565282 1.01008123 -5.47970802
v 12.65285533 -9.52236355 -4.43577861
v -5.46293087 11.69356201 -5.63613637
v -11.53300888 -10.39292603 -4.32916714
v 16.66702714 3.89015045 -4.88125533
v -15.60477893 6.44167774 -4.54757102
v 1.90121249 -12.16922302 -5.76875853
v 3.87333994 12.90443710 -4.71576314
v -14.94060413 -6.23192164 -5.18977514
v 17.27478300 -0.36766459 -5.03342719
v -6.97398860 11.48791465 -5.40245937
v 1.69260898 -13.29764472 -4.54904749
v 14.90417970 6.84755538 -4.86074015
v -16.10855079 2.10725707 -5.75804463
v 14.11488792 -5.93276903 -5.87784323
v -3.19693449 13.14342588 -4.54612835
v -10.77996273 -10.84530178 -4.32114472
v 17.63260654 0.37058893 -4.71293521
v -14.23813313 5.57093647 -5.96031961
v 2.29415611 -12.12151394 -5.77767261
v 11.60013074 9.75414094 -4.90645961
v -17.14321037 -1.43388486 -5.06100734
v 15.23901381 -6.75393886 -4.65504828
v -10.54568288 10.49515312 -4.82103415
v -6.62516740 -11.75109098 -5.25873396
v 15.21019592 7.12899050 -4.42433100
v -15.55084668 6.50574690 -4.55321811
v 8.76708020 -10.34961732 -5.76004313
v -0.78331940 12.14883937 -5.85227622
v -13.54347193 -8.11432902 -4.98801882
v 17.05524149 -1.69784094 -5.09887247
v -12.86140185 9.40021399 -4.40149821
v 2.18050304 -12.41458686 -5.50569702
v 10.76318710 9.62851605 -5.46211978
v -16.13454596 2.76006070 -5.61545704
v 12.55927275 -7.93482124 -5.70818078
v 0.64070406 12.98482548 -4.99614963
v -9.39004555 -11.22498673 -4.68578870
v 16.26371644 0.73722910 -5.79925196
v -12.99756446 8.70314288 -4.90932991
v 2.27749368 -13.28770325 -4.49786456
v 5.86229595 12.01735482 -5.21757795
v -16.52360652 -3.92047557 -4.99113600
v 15.88159474 -0.32953483 -6.07416443
v -6.31152041 11.06697718 -5.96711974
v -4.28886469 -12.32659161 -5.27923865
v 11.24184888 9.90506031 -4.98002674
v -16.91487787 1.02342684 -5.29208980
v 11.26825804 -8.36097672 -6.09813801
v 1.87244342 13.07176642 -4.81464307
v -9.12846112 -11.02782777 -5.01174458
v 16.35527707 -1.99287801 -5.60009723
v -14.64784215 7.50054622 -4.62131350
v 4.07787653 -12.83298892 -4.75911008
v 6.02686602 11.51679150 -5.65417297
v -15.79730978 -2.27670701 -5.94201312
v 16.43708836 -3.23434191 -5.27315964
v -3.10786987 12.25814499 -5.54996598
v -6.84876314 -11.51405796 -5.41775246
v 14.65229652 5.46357329 -5.74983510
v -15.69502668 1.47101900 -6.12003288
v 6.03075908 -12.32911434 -4.83205885
v 8.46030247 10.82084695 -5.48320131
v -13.63390092 -7.36113459 -5.42645237
v 16.61302850 -1.56549089 -5.46924068
v -13.84872098 7.71109024 -5.06222871
v 3.06464904 -11.75616176 -6.01884519
v 14.07397936 6.96896896 -5.37546766
v -17.32052084 0.94157737 -4.96042934
v 10.19635165 -10.03995105 -5.40447305
v -5.66644839 11.43504398 -5.81869251
v -12.08570814 -9.06827473 -5.18995618
v 15.11850893 3.57263201 -6.09794364
v -15.40174190 3.47821154 -5.94303941
v 2.42857722 -11.78084106 -6.06974889
v 4.41090657 12.79677703 -4.72809302
v -17.09391675 -1.83228953 -5.04553029
v 15.05796236 -4.90559397 -5.71130042
v -3.85112962 12.35439391 -5.33443329
v -3.62219533 -12.17576971 -5.55259554
v 15.53046476 5.20957636 -5.25728861
v -13.86322057 5.06454565 -6.36811955
v 10.58761539 -9.17607772 -5.87819692
v -0.84243143 13.11758756 -4.83182485
v -15.20926861 -4.80681046 -5.64804909
v 16.52884515 -2.02834566 -5.46541785
v -10.08159655 9.78146693 -5.66279076
v 3.07873236 -11.58880741 -6.15964769
v 8.19814587 9.81455921 -6.35501656
v -16.81272045 -0.23794872 -5.41368114
v 15.01229762 -5.36288235 -5.55655311
v 0.36935343 12.03783839 -5.96335885
v -6.12150166 -10.63895632 -6.35029897
v 15.03016569 3.89329163 -6.06520944
v -15.57161918 5.94505636 -4.86547634
v 9.66924075 -9.98160518 -5.68729818
v 5.13254408 12.09669680 -5.32716243
v -16.51267114 -4.08077758 -4.94284358
v 14.87105898 -6.79206209 -4.92033966
v -4.53185994 12.24503294 -5.31273862
v -1.35471335 -12.14525365 -5.82944582
v 14.34359668 6.39618204 -5.51203933
v -16.51614236 -2.21264574 -5.44319288
v 8.71224377 -10.06577241 -5.99943259
v 1.30848679 11.78773287 -6.14948151
v -11.05353521 -8.39017000 -6.17804130
v 16.57718038 3.17616764 -5.17838767
v -13.27651849 7.86090386 -5.33569104
v 0.73746646 -13.04972346 -4.91703606
v 7.81062528 11.65785742 -4.93416930
v -15.26264685 -4.67984506 -5.65942995
v 15.28565130 -3.46443225 -6.02103517
v -2.64468656 12.88832192 -4.94219145
v -8.75942945 -9.89105257 -6.11038466
v 12.98995429 7.70078037 -5.60881621
v -13.51149723 5.79760547 -6.27862184
v 11.49553178 -8.95895109 -5.59382067
v 1.33563365 12.67112197 -5.30991587
v -11.23755456 -8.69815156 -5.89946056
v 15.37398761 -4.08789131 -5.78645655
v -8.54705537 10.23570294 -5.93065662
v -1.78475782 -12.19233498 -5.75635697
v 11.51117333 7.61584158 -6.41053670
v -16.68247971 -2.56748228 -5.24346788
v 12.95359394 -7.15374624 -5.94189989
v 0.46261727 12.73875948 -5.27483011
v -12.37642360 -7.90523125 -5.82507594
v 16.17159260 -0.92293666 -5.85160790
v -16.19093581 3.84280961 -5.28206453
v 6.96520716 -10.26126403 -6.40892687
v 5.43073282 11.53010815 -5.79144476
v -13.91243494 -4.64030083 -6.48390982
v 14.74892922 -2.29901528 -6.57785477
v -8.66256511 10.61646329 -5.58094727
v -2.20883589 -12.31119654 -5.60515743
v 13.78416311 7.51577593 -5.23392094
v -14.99117232 4.10602068 -6.02686642
v 11.19035519 -9.18957025 -5.58224450
v 3.39089588 12.20820900 -5.55745384
v -12.26833517 -6.59589359 -6.56018837
v 16.46144070 -3.54720388 -5.16361804
v -14.53363738 6.30036528 -5.43611079
v 0.99645223 -11.63589818 -6.29099383
v 12.77196689 7.52855628 -5.83339334
v -15.98897755 0.13339282 -6.00668303
v 14.23342577 -3.17587615 -6.69848094
v -0.48539456 12.39961719 -5.62205831
v -10.79933776 -8.91831673 -5.95769055
v 12.93645451 5.90575495 -6.53151811
v -13.36305010 7.66638889 -5.40700094
v 10.29738365 -8.74896644 -6.28261355
v 7.83968176 9.71518581 -6.53345481
v -14.33016471 -5.06175597 -6.10526967
v 15.84681236 -2.76064339 -5.81656736
v -7.50394991 9.41415605 -6.82152491
v -3.79524488 -11.87234231 -5.80977350
v 10.60009438 7.59905131 -6.80035272
v -16.08315106 -0.22245225 -5.94231181
v 12.49985434 -6.80282957 -6.35375421
v 3.34213886 11.41097145 -6.27186544
v -13.74256683 -6.87076391 -5.63953890
v 15.84903871 4.40932005 -5.34425469
v -10.95886293 7.30925530 -6.79935965
v 3.08428539 -11.52379963 -6.21292856
v 8.27679812 8.99770231 -6.84777573
v -15.38772198 -0.61193183 -6.37480009
v 11.60438319 -7.24219607 -6.55924740
v -7.89330809 11.16302556 -5.38890566
v -8.55011246 -9.07962434 -6.71446809
v 14.03103442 4.21001116 -6.55019837
v -16.40465112 -0.16308046 -5.71926877
v 7.06648355 -10.06001000 -6.52201927
v 4.17419906 12.15457452 -5.47581970
v -13.58871470 -5.02013242 -6.52962017
v 14.58077279 -3.18568722 -6.50690218
v -12.19189267 6.23913545 -6.74823187
v 0.34638550 -12.36521163 -5.65819174
v 6.82472899 9.61357782 -6.87603247
v -15.59230171 -0.86126250 -6.23621319
v 13.82380298 -4.53388526 -6.56426435
v -3.57827090 11.84576128 -5.86801791
v -11.11785981 -8.86471839 -5.84571787
v 16.43830632 2.43085554 -5.46070261
v -16.22486728 2.72999157 -5.55662135
v 3.53751413 -10.92996730 -6.61636646
v 8.48890628 10.72839353 -5.55245538
v -14.26989583 -5.74837505 -5.86569501
v 14.69646001 -1.34608695 -6.72296100
v -8.83126824 9.59072729 -6.29454242
v -4.89563128 -10.77811229 -6.50984698
v 14.71378016 4.40150965 -6.10457357
v -14.64216774 4.50713888 -6.11335855
v 11.41692163 -8.25015375 -6.09609282
v 4.88807055 11.50984085 -5.92859810
v -8.84076878 -10.32692817 -5.74997619
v 16.56087994 1.18702875 -5.55050224
v -13.07879809 6.89106293 -6.01090997
v -0.21393998 -11.73490872 -6.22775764
v 6.25075361 9.85449668 -6.86086939
v -14.27223361 -5.66102557 -5.90191768
v 11.68510740 -7.03240638 -6.62455146
v -1.66479508 11.58557591 -6.29692828
v -9.79594531 -9.13475930 -6.23888759
v 14.99391165 4.22829472 -5.98745889
v -15.43812348 1.69074092 -6.25664405
v 4.58125480 -11.18064810 -6.26054370
v 4.15298386 12.01157655 -5.61824159
v -13.30630128 -5.53142867 -6.49130586
v 14.52922674 -4.51678558 -6.17722632
v -5.96107333 9.78452212 -6.96897983
v -4.93295284 -10.65928723 -6.58927436
v 11.68799387 5.81987025 -7.12698892
v -15.16273161 3.30334133 -6.13784053
v 8.95932095 -9.61435708 -6.23297975
v 1.82991172 10.86459848 -6.83380243
v -6.64878505 -9.94733097 -6.70603506
v 15.65080714 2.77546677 -5.94469575
v -13.37643469 4.93112976 -6.66787969
v 5.50220329 -10.95351773 -6.25357458
v 8.66426149 9.29026192 -6.54775553
v -15.36419306 -2.14359267 -6.24044673
v 14.46179708 -1.40401904 -6.84382835
v -7.49912448 9.13855479 -6.98740384
v -0.58439308 -11.68219734 -6.26575039
v 12.06584474 7.58404140 -6.16769265
v -14.08455724 0.73128337 -7.08298199
v 7.35794519 -9.54657610 -6.77936399
v 4.49174511 11.06247695 -6.36911753
v -11.02805822 -9.00770865 -5.79083650
v 14.04511983 -1.49479542 -7.04915454
v -13.49868433 5.23664213 -6.50066441
v 0.88295951 -11.11932657 -6.69733087
v 6.56265956 11.00681967 -5.94881460
v -14.40006363 -1.46883702 -6.87027371
v 12.70646807 -3.97677647 -7.25311237
v 0.30157235 11.16489084 -6.67646132
v -10.85452645 -9.06084010 -5.83579026
v 11.83437708 5.67076393 -7.12001610
v -14.64209646 2.27228316 -6.64134518
v 5.00405578 -10.50078336 -6.68823929
v 5.76834733 10.46830231 -6.55568004
v -11.15800523 -7.62040317 -6.56243849
v 14.12601869 -2.10345956 -6.93883534
v -6.63528641 10.08442891 -6.61779055
v 1.81509282 -10.50650656 -7.07923815
v 12.07698720 5.56065063 -7.05648648
v -14.70017145 -1.12099492 -6.73926834
v 9.82801562 -7.85073909 -6.96129241
v -2.82596018 10.82128069 -6.77930611
v -10.85739396 -8.82075356 -5.99574357
v 15.32516068 0.09008682 -6.42504907
v -8.89588300 8.29330851 -7.04609020
v 3.71904955 -10.74052388 -6.72841484
v 7.36321471 10.57202469 -6.06392870
v -14.75339084 -2.43188738 -6.55407403
v 11.63678137 -6.95311430 -6.68276203
v -2.89153436 10.43816101 -7.03457331
v -9.35723357 -8.86131128 -6.57354592
v 12.52475170 5.52564544 -6.87113777
v -15.12011097 1.87395659 -6.42532487
v 5.95744057 -9.75976658 -6.98516567
v 5.30086472 10.88303796 -6.35098255
v -12.23798682 -7.28187595 -6.24427211
v 15.80242482 1.17183837 -6.07951717
v -6.97074283 10.15915987 -6.47933088
v -1.59621723 -11.60616709 -6.28450251
v 11.14689334 8.45082348 -6.09885745
v -15.19948760 -2.88669204 -6.20808687
v 9.98085174 -8.96404000 -6.27556810
v -2.76281350 10.23223984 -7.18045580
v -8.52902171 -10.04044163 -6.08352650
v 14.46230794 3.00455153 -6.61046637
v -13.74795197 4.08392729 -6.73318679
v 1.16881018 -10.57083588 -7.07072173
v 8.02208084 8.21167227 -7.34451985
v -12.51055826 -3.78408288 -7.38290980
v 13.90608125 -5.07573796 -6.34073752
v -9.56309697 9.25393757 -6.25113061
v -5.71381880 -10.30163670 -6.68370941
v 13.10393052 2.89652421 -7.30362430
v -14.01960538 3.71469593 -6.68803353
v 11.56627971 -7.25862666 -6.56799477
v -1.75722053 9.99159768 -7.40663591
v -12.11074736 -6.49419833 -6.67743796
v 13.41529278 0.93152220 -7.39065765
v -7.53019294 8.72418096 -7.21087992
v -0.07717481 -11.49314206 -6.42579300
v 9.36070062 9.16685456 -6.38334637
v -14.71432442 -3.56418412 -6.34241318
v 10.77734391 -8.00562639 -6.51749539
v -1.78603355 10.11363041 -7.33091330
v -9.80541794 -8.40989869 -6.67304211
v 13.33142666 3.18766407 -7.14508054
v -12.80216210 1.52192786 -7.61555714
v 4.39585660 -9.64852015 -7.33444110
v 6.27383376 9.38738902 -7.14100430
v -10.09099672 -7.61508808 -6.98353819
v 12.47286643 -3.40568440 -7.48010221
v -10.15470504 5.82067737 -7.69172197
v -1.65489166 -9.66367452 -7.60330031
v 10.27910456 6.60085968 -7.36342031
v -12.98999940 -1.99190200 -7.48675954
v 10.85348580 -7.94029121 -6.52142840
v -1.67237705 10.17873606 -7.29749140
v -9.24910247 -8.55761828 -6.78716444
v 14.15281064 0.45021366 -7.05934857
v -8.75185490 7.24013373 -7.58641465
v 0.83588184 -9.70762974 -7.61194695
v 5.98978724 8.43855782 -7.70597515
v -14.82604005 -2.03335209 -6.57339862
v 12.48956562 -6.74283501 -6.38714763
v -6.74659471 8.47051077 -7.53207640
v -7.77143226 -9.93423981 -6.40619846
v 11.45220798 4.64293185 -7.59150353
v -14.27208623 1.41681510 -6.94152191
v 4.36070972 -10.67574519 -6.67772693
v 5.78577897 9.94427327 -6.90512234
v -8.72290907 -8.76010351 -6.84626236
v 14.25073917 -0.20838363 -7.01497034
v -11.20370331 4.74436194 -7.65606108
v 2.44224227 -9.40503631 -7.69387156
v 5.95344612 9.28469334 -7.26811879
v -13.03489976 -4.10773982 -7.07272946
v 8.37397034 -7.14593768 -7.73135532
v -2.58091458 10.03250336 -7.32126268
v -5.98343234 -8.30894166 -7.76954641
v 11.73819776 4.78341975 -7.44206279
v -14.27610730 3.83096845 -6.52114879
v 7.60757942 -8.86714693 -7.11239509
v 2.72725121 9.86196012 -7.41044081
v -10.11106944 -6.00537133 -7.64283382
v 12.91715611 -0.77705764 -7.61698140
v -8.59103807 8.93238649 -6.78876959
v -5.53480020 -10.44243210 -6.62399609
v 12.18875087 6.28387524 -6.73117903
v -14.89030660 0.08023168 -6.67583938
v 7.93513231 -8.62714577 -7.15398252
v 3.07324285 9.33101139 -7.67736975
v -9.04912724 -8.56625946 -6.84942586
v 12.54868847 1.06838516 -7.75405021
v -8.66529552 8.28404871 -7.12235618
v 4.91107442 -9.93791205 -7.07644488
v 4.57430322 10.45353308 -6.79718097
v -14.65704625 -0.30052661 -6.80092701
v 11.38677931 -3.89256034 -7.80071025
v -6.85781004 9.77861957 -6.76344661
v -6.49505600 -9.04495217 -7.28649754
v 12.82502896 2.45792591 -7.49630519
v -12.50940694 3.94016943 -7.34702071
v 6.78058904 -9.55439367 -6.92344948
v 2.89101006 10.59566199 -6.92918485
v -9.40749101 -8.58976290 -6.71430395
v 13.52675834 -4.13631457 -6.83027514
v -9.62928183 6.85792548 -7.47773382
v -1.67658436 -10.23876846 -7.25982765
v 8.87713579 6.66871948 -7.78035101
v -12.53626570 1.07270404 -7.75880732
v 8.00891176 -7.47496051 -7.68966738
v 0.77051298 10.25783642 -7.28599391
v -7.44700500 -8.74176535 -7.22300273
v 12.74709101 2.12988420 -7.57375316
v -11.65157080 5.27485485 -7.32761630
v 3.45302097 -8.82093439 -7.90173624
v 6.82203519 7.72996089 -7.86183078
v -12.69031379 -4.00254843 -7.25388233
v 10.61275078 -4.30634105 -7.97498261
v -6.29330272 9.19474369 -7.24732917
v -6.61323300 -8.72386134 -7.43246302
v 8.61042378 6.06889944 -8.06818301
v -13.04770532 0.23179254 -7.57729948
v 7.02288693 -8.17270164 -7.61472021
v 2.69532966 8.64800443 -8.05882727
v -10.95773419 -6.40172555 -7.19498111
v 13.03124744 1.19668686 -7.54388340
v -9.77730925 6.09897386 -7.71808536
v 3.55138504 -9.64832777 -7.44805217
v 9.91686767 6.87044249 -7.37799645
v -13.68301499 -2.83644987 -7.04400600
v 12.26839125 -3.81467291 -7.47691171
v -2.78978931 9.19611962 -7.77613126
v -4.32223136 -9.04175025 -7.68080740
v 12.99597991 1.88730138 -7.49620284
v -10.13503740 6.05225456 -7.61842173
v 6.54861556 -8.43439730 -7.59352023
v 4.43105410 8.59972729 -7.88811850
v -10.44388977 -5.82805293 -7.59178519
v 12.33766577 0.24927955 -7.86879171
v -9.82945362 6.48910526 -7.55847718
v 0.75198369 -9.41064122 -7.77808173
v 9.00483901 5.70442533 -8.07872442
v -12.34625908 1.97366526 -7.75636532
v 11.05430686 -6.22001258 -7.22880771
v 0.55523468 8.81472175 -8.08640203
v -8.47797429 -6.94402611 -7.78460659
v 13.48905831 2.70993801 -7.15873113
v -10.92800216 5.84043134 -7.41514723
v 3.66309721 -8.67643096 -7.94905341
v 8.69173344 7.96287128 -7.27546643
v -11.70088329 -4.56145419 -7.51830016
v 13.50267393 -2.58542596 -7.17276743
v -2.88076110 10.33795770 -7.10112868
v -3.53086286 -8.91032667 -7.84837974
v 10.39506914 3.65847642 -8.18761199
v -10.44716613 4.97121002 -7.85688589
v 5.00105613 -8.14901963 -8.01457111
v 0.08984496 8.56405575 -8.20981550
v -10.70926144 -4.71718080 -7.83825512
v 13.69865117 -1.74280306 -7.19282977
v -8.76474842 5.65910884 -8.15850691
v 1.49397597 -9.88797491 -7.48249728
v 9.21855695 5.93483566 -7.94356392
v -11.85168577 -1.43668647 -7.99793864
v 10.80077054 -3.48527844 -8.08932003
v -2.66602418 8.62548313 -8.07198084
v -7.09422330 -6.61305541 -8.24507923
v 10.14355000 4.25615988 -8.13793789
v -12.70563888 1.82808089 -7.62603470
v 1.07192247 -9.13836400 -7.91184712
v 7.17171195 7.61721813 -7.83288427
v -13.52833943 -2.24867532 -7.21100940
v 10.99202832 -5.76554629 -7.41753447
v -5.50187530 8.51346539 -7.76011674
v 0.08609006 -9.66441136 -7.64765713
v 12.40101452 3.82787622 -7.41899096
v -11.04767175 -1.12248154 -8.30224385
v 9.13574039 -7.01643344 -7.56666450
v 2.92958114 8.47988508 -8.11757827
v -8.90784641 -7.53181435 -7.41282824
v 12.91206008 -0.73599249 -7.62095317
v -9.88621085 6.16103600 -7.66128739
v 4.44229872 -8.30641885 -8.02504471
v 7.73328774 6.15477720 -8.25911252
v -11.39810143 -1.98156564 -8.11021975
v 10.39613521 -3.14150125 -8.28214088
v -1.31150917 8.99307032 -7.97655327
v -2.04767792 -9.91541383 -7.43343840
v 11.06000790 1.58814634 -8.26426492
v -11.51839922 1.50293097 -8.11342764
v 3.77968489 -8.46995220 -8.03392874
v 1.56528509 7.81816306 -8.49831710
v -9.34964536 -7.24632678 -7.40328222
v 11.76271780 -2.40403775 -7.92723132
v -7.79087360 6.49280144 -8.12953646
v -4.01479901 -7.39930246 -8.46387367
v 8.79008912 7.04830299 -7.65533909
v -11.22966016 0.68255232 -8.26236204
v 7.60672179 -7.89985510 -7.60247892
v -0.94305338 7.89466961 -8.48983530
v -7.98466038 -4.90632777 -8.56519759
v 11.09629430 3.91629400 -7.89945943
v -10.99054755 4.94032795 -7.67818218
v 0.82789969 -10.04648315 -7.41417947
v 4.43247030 8.33089577 -8.01512056
v -9.88210912 -4.62612120 -8.12861768
v 10.78586117 -1.42505437 -8.36742080
v -3.32230560 9.38083187 -7.62426766
v -4.15408321 -7.12611037 -8.55081079
v 7.82541834 4.95935707 -8.58833493
v -10.65018344 -0.41675747 -8.45968108
v 4.45874533 -7.65923627 -8.30403835
v -0.16374990 7.73850760 -8.56609381
v -9.75986584 -5.13636603 -8.02874882
v 10.92126813 -0.67917818 -8.36519342
v -4.90517468 6.67028689 -8.61453829
v 2.56243437 -7.91975780 -8.39534321
v 8.04306098 4.86990476 -8.56077452
v -11.96761375 0.03144689 -8.01209185
v 8.28575104 -4.28822877 -8.64081798
v -0.85989431 9.22542159 -7.87332130
v -7.28293803 -5.44323426 -8.57737420
v 10.79680111 1.76754946 -8.33479000
v -9.96392792 3.26437347 -8.39309094
v 6.23024492 -6.24343187 -8.54232822
v 2.83920738 8.33096879 -8.19378060
v -10.39846721 -1.64516319 -8.47142571
v 12.58584025 -0.00124317 -7.77168937
v -6.12283422 7.39567976 -8.14360834
v -3.10618327 -7.18494158 -8.63968631
v 6.26840087 6.07455986 -8.58933433
v -11.17949052 2.81134204 -8.07725307
v 9.52838024 -5.27566494 -8.05806615
v 3.20919413 8.40620684 -8.12520195
v -5.66841358 -5.87167451 -8.75467621
v 11.42983280 0.45305096 -8.20051865
v -9.53184059 4.22211507 -8.32845865
v -0.49094554 -8.65521821 -8.16364896
v 3.46457764 8.53995041 -8.03651090
v -10.75759550 -3.91131310 -8.01681103
v 11.76609977 -2.32698210 -7.93619090
v -3.92660117 7.17231029 -8.56050957
v -4.91742309 -8.70631645 -7.76310972
v 9.71618862 5.29484405 -7.99617119
v -11.42162085 3.25863226 -7.91626358
v 3.70437558 -8.81878872 -7.87429338
v 1.63101737 7.90082049 -8.46117048
v -10.71238514 -4.60723262 -7.86620367
v 10.66276048 -3.45629631 -8.14045812
v -6.94834676 6.20930122 -8.41393941
v 2.28160622 -8.62615496 -8.10106246
v 8.47350763 5.61197516 -8.24939185
v -10.51430390 -1.87227555 -8.41453450
v 6.57433354 -7.54552949 -7.99312726
v -0.24892043 8.83734163 -8.07923373
v -4.79820866 -8.37624521 -7.94112188
v 9.87608610 1.32879845 -8.65048975
v -8.66914146 4.53541445 -8.48936284
v 4.99751123 -6.26376210 -8.73604996
v 3.66238115 8.35533236 -8.10057854
v -9.74919351 -1.60250215 -8.66585064
v 10.18954388 -3.87294303 -8.20833546
v -3.68779337 8.43332878 -8.06168075
v -2.88449484 -7.15107992 -8.67132903
v 10.34635422 3.73396054 -8.18789284
v -8.87493733 1.26989111 -8.92144329
v 6.39845483 -6.97422463 -8.25513482
v 2.52042696 7.57959939 -8.53688370
v -9.10705548 -6.07978172 -7.92698263
v 11.68125800 0.18369086 -8.11616019
v -8.54165169 4.08728282 -8.62178698
v -0.73038235 -7.14146368 -8.78633854
v 5.88982008 5.86907647 -8.71883854
v -8.56344705 -3.25572683 -8.77244780
v 9.70076815 -2.08762240 -8.63347040
v -4.37687098 6.42080775 -8.76856546
v -2.98776419 -8.15093737 -8.26077563
v 9.37376548 4.54573537 -8.29754536
v -10.03298795 4.06446226 -8.21538989
v 1.90276498 -7.89989429 -8.44735674
v 3.34153759 7.08499907 -8.65440118
v -8.74971859 -3.72964185 -8.64165970
v 9.24446697 -3.02504085 -8.63527089
v -6.39093710 5.44693367 -8.75229799
v -3.76505780 -8.00750462 -8.24367936
v 7.08307037 5.93442155 -8.47380487
v -8.85887492 -1.03628233 -8.93883680
v 5.24942670 -5.60014190 -8.89788715
v -0.65999437 6.82425800 -8.89905069
v -7.57889404 -4.64545067 -8.72060124
v 9.69653481 0.38717985 -8.74229245
v -6.51067267 6.07111367 -8.54524808
v 4.76812842 -6.94267633 -8.53777959
v 4.53520175 5.44839944 -9.03684834
v -10.20195694 -1.03911081 -8.57322163
v 8.51340669 -2.35788159 -8.91120311
v -2.15889023 6.24570545 -9.02759866
v -1.50339606 -8.19149565 -8.34340822
v 7.99867846 1.53896526 -9.10783494
v -9.28444852 0.79168562 -8.84144735
v 6.54910640 -6.83914182 -8.27580321
v 0.98691313 7.10270939 -8.79402943
v -8.73579406 -3.76601393 -8.63817005
v 7.66769787 -2.22785581 -9.11568279
v -5.58759379 6.21625450 -8.66144080
v -1.94715045 -7.85460327 -8.46358337
v 5.10057718 4.62458848 -9.16464813
v -8.60765949 -0.42696898 -9.02197463
v 9.26996583 -4.72380387 -8.28247888
v -1.13838338 7.02868414 -8.81586061
v -5.95938125 -6.33193134 -8.56166894
v 7.87864844 0.95294884 -9.16941217
v -8.31628554 4.67912278 -8.54278044
v 3.93265688 -6.61540684 -8.75688644
v 3.98591682 7.54810348 -8.40870968
v -10.42360945 -1.31284134 -8.48946808
v 8.78839969 -3.39502174 -8.69300088
v -6.70396536 6.22588751 -8.45794306
v -0.77288223 -6.10038591 -9.12747462
v 5.08874407 4.73989974 -9.14007622
v -9.87962720 2.45263393 -8.53959745
v 6.34668250 -6.45092212 -8.45190027
v -1.42335832 6.80592695 -8.88293650
v -5.98601950 -5.12695309 -8.90838832
v 7.61739994 1.87772443 -9.16115498
v -6.84138213 3.28790161 -9.13752134
v 0.33007621 -8.14833309 -8.39426744
v 7.57129875 5.35947435 -8.53830498
v -7.07988016 -2.14514655 -9.24249127
v 6.81234783 -2.73999166 -9.22286769
v -1.77112603 7.99857858 -8.41317067
v -3.63117954 -4.90496901 -9.27420449
v 7.44302196 3.11011034 -9.04717303
v -8.94787003 4.11529629 -8.51216447
v 2.20067213 -6.39592012 -8.97819685
v 4.08860063 7.07287461 -8.57830147
v -8.94068133 -2.21622020 -8.82230734
v 7.61122716 -1.49804995 -9.19347071
v -6.80275042 5.25413042 -8.72704783
v 1.82223154 -6.50332447 -8.96509215
v 5.85055330 3.80381971 -9.22019903
v -7.27934857 -0.15805561 -9.31352072
v 7.51427115 -3.78571757 -8.91707949
v -1.64901916 5.09952062 -9.36815655
v -4.67673991 -4.19276869 -9.31230367
v 10.16491748 0.98939877 -8.58682375
v -5.94061390 3.81202286 -9.20428292
v 4.68155450 -5.88369711 -8.89578733
v 2.62817016 6.75523439 -8.83129446
v -6.31266903 -1.92160995 -9.40193616
v 9.91473014 -1.00437862 -8.65887906
v -3.37282334 4.66024202 -9.35433778
v -4.00834411 -6.40401759 -8.81793554
v 8.59629831 4.15788398 -8.59315767
v -6.33970119 2.04520998 -9.38578647
v 4.58102833 -4.85586192 -9.18007700
v 0.49409765 7.48710952 -8.66168745
v -6.07081516 -2.65529896 -9.36230181
v 10.05696444 -0.14037853 -8.64324061
v -5.76674930 3.64872059 -9.26116568
v 0.90944154 -5.92729641 -9.17489140
v 6.99108308 3.68462481 -9.04141621
v -6.57143252 -1.15795146 -9.41318940
v 8.03168180 -2.40403012 -9.01689620
v -1.12439640 5.42627551 -9.30577798
v -5.01301843 -4.44119017 -9.21689285
v 7.86059641 0.55649604 -9.18776997
v -6.69828476 2.16176126 -9.31161975
v 2.11753383 -6.09506453 -9.07568098
v 1.91774912 5.54411899 -9.24227013
v -5.56642305 -2.56522273 -9.45140866
v 8.98522694 -1.34617873 -8.88881338
v -5.53880470 4.72290357 -9.07836514
v -1.06961312 -5.19877670 -9.36492701
v 6.56476075 2.70818676 -9.27180139
v -8.20077679 -0.79661347 -9.10520585
v 6.62927542 -3.49405108 -9.14260490
v -0.27515119 5.33474844 -9.34517994
v -5.42153803 -4.76540740 -9.08618702
v 7.69321687 -0.44632355 -9.22578279
v -6.65612588 2.67571657 -9.25969844
v 1.92729795 -4.83360198 -9.41740465
v 1.66916795 4.31106442 -9.54166373
v -6.27297037 -2.00609595 -9.40073556
v 6.97376666 -3.47710105 -9.08120082
v -1.43296191 6.03559860 -9.12667698
v -1.38968795 -4.14652892 -9.58517326
v 8.00616314 1.18499977 -9.12968993
v -7.52397873 2.96802936 -9.05164277
v 4.12525622 -5.93099749 -8.95050069
v 0.21258914 4.80249033 -9.47301817
v -6.45923005 -4.12984102 -9.05479574
v 8.73870851 -0.31735601 -8.99244023
v -4.72396310 2.77687744 -9.53907284
v -1.22409432 -6.31539666 -9.04981058
v 4.29706689 4.02290066 -9.39100821
v -5.38841401 -0.41087821 -9.62632937
v 5.98774377 -4.72079878 -9.00732305
v -1.32715775 4.37463864 -9.54222845
v -1.67141089 -3.85472020 -9.62796215
v 7.57665501 1.39371725 -9.20789143
v -4.30122812 2.70926941 -9.59752960
v 0.88328767 -5.59570324 -9.26760773
v 1.72757070 6.02964711 -9.11566598
v -5.54805298 -1.58207620 -9.54946847
v 7.12050920 -1.98519703 -9.25056909
v -2.39465659 3.33266626 -9.67626527
v -3.64594431 -5.03262803 -9.24230354
v 5.51620587 3.45076993 -9.33276523
v -8.33794867 0.63768847 -9.07958816
v 5.35132408 -4.41250597 -9.17536955
v 1.10859494 4.25405117 -9.57338314
v -6.80864479 -3.53203141 -9.10307834
v 7.34440477 -0.78002106 -9.28679250
v -5.23010046 4.43276842 -9.18849442
v 0.53817298 -5.64858492 -9.25996332
v 6.03292737 3.39800269 -9.26116643
v -6.48797469 0.14431025 -9.45871505
v 4.95360393 -3.91219755 -9.33076101
v 0.05695082 5.39792288 -9.33001379
v -2.99517796 -2.69912162 -9.72210548
v 5.18270901 2.83793736 -9.47129220
v -6.49057972 1.79806973 -9.38249330
v 3.74012667 -4.90731517 -9.26282174
v 1.18286405 5.39113654 -9.31304020
v -6.33793860 -1.55930805 -9.42745951
v 4.53216648 -0.93083420 -9.72007083
v -2.57411604 3.28552013 -9.67191102
v -2.14200666 -5.30251751 -9.29282757
v 2.67342982 2.78294453 -9.73504333
v -4.68960308 1.08307753 -9.69435646
v 6.08856446 -3.35710175 -9.25869311
v -0.33206611 5.59842738 -9.27590871
v -3.56848263 -2.36942156 -9.71191543
v 4.45522276 1.50003168 -9.69730402
v -3.63773189 3.05653797 -9.61974730
v 2.56657845 -4.83617621 -9.37860519
v 2.22211428 5.15977804 -9.32378518
v -5.15641527 -2.04764445 -9.56500693
v 4.77255323 -1.54049950 -9.65665344
v -3.77838032 3.38670036 -9.55684564
v -3.33954689 -3.55681324 -9.57022598
v 5.40813757 1.76603927 -9.55519945
v -4.92113017 1.42460035 -9.64591238
v 1.77403958 -2.42510925 -9.82849680
v -0.04560703 3.91525887 -9.65331441
v -4.63146351 -1.42114260 -9.68192986
v 6.90769447 0.80242694 -9.36935251
v -2.06119140 1.75565791 -9.87764881
v 0.55470212 -3.92370367 -9.64783157
v 3.17355704 3.74821801 -9.55186225
v -3.14577646 -0.17207320 -9.87486015
v 4.16285236 -1.70785419 -9.71449045
v 0.14659752 2.14553375 -9.89690404
v -2.31031819 -2.13452831 -9.83059636
v 2.97027885 0.58296211 -9.88146339
v -3.57364930 2.30333771 -9.71850389
v 1.01816412 -2.14185429 -9.88442861
v 1.82939214 4.52085166 -9.49103425
v -3.06287418 -0.41878867 -9.87809455
v 5.56063694 -1.93634062 -9.51858301
v -2.00283633 1.43920035 -9.90336230
v -1.56496815 -3.49466661 -9.69328914
v 2.18389359 0.92525284 -9.92104664
v -3.81323666 -0.57642707 -9.80903317
v 3.89791467 -2.95072515 -9.60894821
v 0.42958397 3.31979946 -9.74964675
v -1.80470323 -2.40563978 -9.82922763
v 3.42090433 -0.14254282 -9.85217351
v -3.70026052 2.06151564 -9.73078605
v -0.05345001 -3.52493302 -9.71992776
v 0.83443565 1.52624999 -9.93934721
v -1.82842967 0.04520655 -9.95807727
v 2.55563197 -0.62306503 -9.90932129
v -0.84747142 2.53505962 -9.84704086
v -0.65554918 -1.11156687 -9.96711677
v 1.07639529 0.57028204 -9.97826640
v -2.31607432 0.18290503 -9.93197268
v 0.46304890 -1.31231126 -9.95896539
v 1.00543319 3.16828316 -9.76145146
v -1.75396190 -1.18726811 -9.92997548
v 4.00307421 -0.77744599 -9.78392647
v -1.79486393 1.85638216 -9.88245878
v 0.57206188 -2.08089930 -9.89917566
v 0.56506132 0.39390672 -9.99255800
v -2.58642915 -0.00763684 -9.91602593
v 0.57158829 -0.45697195 -9.99127176
v -0.74363105 1.30360871 -9.95522306
v -0.22431244 -0.31252792 -9.99720013
v 0.70891444 0.25690911 -9.99224828
v -1.55568228 0.76819356 -9.95653991
v 0.01201463 -0.05775190 -9.99992408
v 0.50856682 1.70805441 -9.93170154
v -1.77479277 -0.68946067 -9.94993760
v 0.00000000 -0.00000000 -10.00000000
v -0.52405849 0.52304831 -9.99048296
v -0.17202460 -0.56341139 -9.99257328
f 1570 1494 1392
f 2219 2533 2418
f 1910 2067 1923
f 1582 1574 1616
f 669 614 792
f 1494 1570 1646
f 1625 1646 1735
f 1311 984 1222
f 1264 1311 1222
f 1455 1311 1264
f 984 1311 1141
f 1222 984 1107
f 887 764 929
f 1324 1625 1426
f 1434 1625 1769
f 1434 1523 1565
f 1434 1426 1625
f 1392 1460 1557
f 1460 1303 1557
f 1557 1570 1392
f 1557 1303 1536
f 1557 1481 1570
f 1536 1481 1557
f 1528 1303 1460
f 1528 1337 1269
f 1324 1337 1528
f 1392 1324 1528
f 1528 1460 1392
f 1566 1545 1634
f 1634 1545 1409
f 668 681 592
f 2140 2098 2365
f 1755 1721 1988
f 1538 1674 1475
f 1407 1716 1415
f 1674 1716 1407
f 1415 1470 1407
f 1475 1674 1407
f 1407 1470 1475
f 1792 1593 1724
f 2143 2075 2219
f 1868 2101 2033
f 2101 1991 2033
f 2130 2067 1910
f 2075 2143 2130
f 2088 1991 2101
f 2075 2130 2088
f 2088 2130 1910
f 1572 1593 1661
f 1661 1504 1572
f 1661 1792 1682
f 1593 1792 1661
f 1580 1593 1572
f 1321 1389 1491
f 2777 2832 2916
f 2913 2811 2803
f 2934 2921 2947
f 2085 1941 1852
f 2132 2098 2140
f 2140 2365 2297
f 2297 2365 2310
f 2158 1870 1925
f 2991 2999 2994
f 2753 2842 2664
f 2567 2732 2562
f 2533 2444 2588
f 2431 2418 2651
f 2452 2418 2431
f 2523 2298 2379
f 2592 2702 2613
f 1659 1515 1761
f 1761 1481 1659
f 1570 1481 1761
f 1329 1515 1659
f 1659 1481 1329
f 1481 1350 1329
f 1350 1562 1329
f 1329 1562 1515
f 753 787 884
f 1020 884 1054
f 1829 1923 2067
f 1575 1740 1609
f 1363 1507 1368
f 1672 1533 1795
f 1672 1706 1533
f 1664 1706 1672
f 1672 1960 1664
f 1588 1643 1363
f 1363 1368 1588
f 1588 1478 1719
f 1787 1499 1643
f 1795 1533 1787
f 1533 1499 1787
f 1172 1185 1418
f 1418 1405 1604
f 616 561 582
f 1035 849 1158
f 802 849 1035
f 807 802 904
f 1925 1870 2048
f 2048 2006 1925
f 1574 1582 1773
f 1773 2048 1574
f 2043 1988 2111
f 2111 1988 1721
f 1776 1721 1755
f 1912 2001 1959
f 1148 1004 915
f 826 1004 1148
f 787 732 842
f 842 732 567
f 326 394 381
f 1216 813 1038
f 554 897 774
f 795 562 719
f 389 562 643
f 643 465 389
f 352 462 504
f 211 394 326
f 313 394 211
f 1871 1646 1905
f 1494 1646 1502
f 1502 1646 1625
f 1392 1494 1502
f 1502 1324 1392
f 1502 1625 1324
f 1688 1845 1790
f 1769 1625 1790
f 1625 1735 1790
f 1976 2052 2230
f 1976 2230 2018
f 1772 1518 1641
f 2005 1950 1853
f 1853 1832 2005
f 1895 1840 1882
f 2039 1840 2081
f 2081 1840 1895
f 2018 2209 2183
f 2183 1976 2018
f 1476 1264 1298
f 984 1141 1018
f 764 1107 921
f 1324 1426 1413
f 1128 1170 1335
f 1576 1720 1822
f 1464 1545 1566
f 1354 1545 1278
f 2150 2108 1904
f 1849 1773 1587
f 1587 1773 1582
f 1558 1579 1592
f 1592 1579 1812
f 1922 1998 1969
f 1867 1998 1943
f 1943 1998 1922
f 1948 1943 1922
f 1448 1579 1558
f 1689 1579 1448
f 618 681 461
f 770 660 940
f 694 660 783
f 783 592 694
f 618 660 694
f 419 576 466
f 466 542 419
f 516 542 597
f 597 542 762
f 940 660 707
f 707 660 618
f 707 495 516
f 618 639 707
f 639 495 707
f 644 589 563
f 631 589 644
f 686 597 762
f 673 597 686
f 1016 846 728
f 1079 846 1016
f 728 770 1037
f 1037 770 940
f 1037 1016 728
f 948 1016 1037
f 1393 1380 1359
f 1689 1448 1359
f 1079 1016 1134
f 1134 1016 1380
f 1304 1380 1393
f 1304 1134 1380
f 1249 1134 1304
f 1071 1249 1100
f 1325 1071 1100
f 1100 1291 1325
f 1249 1304 1100
f 1393 1291 1100
f 1100 1304 1393
f 901 1003 846
f 901 846 1079
f 1079 1249 901
f 901 1249 1071
f 828 1019 930
f 582 561 446
f 6 1 5
f 1475 1470 1483
f 2441 2509 2318
f 2153 1988 2043
f 1449 1551 1415
f 1415 1716 1449
f 1894 1750 1695
f 1847 1750 1894
f 1894 1792 1724
f 1936 1792 1894
f 1724 1716 1894
f 1716 1847 1894
f 1682 1792 2046
f 2127 1860 2030
f 2030 2004 2127
f 2106 1936 1907
f 2127 2004 1928
f 1881 2101 1868
f 1868 1677 1881
f 1813 1881 1677
f 1682 2046 1813
f 1813 2046 1834
f 1389 1504 1559
f 1559 1491 1389
f 2916 2832 2861
f 2829 2842 2850
f 2863 2829 2850
f 2926 2858 2947
f 2947 2921 2926
f 2926 2921 2913
f 2955 2934 2981
f 2947 2905 2973
f 2973 2934 2947
f 2753 2732 2821
f 2957 2991 2978
f 2996 2991 2957
f 2098 2132 1996
f 1996 2153 2098
f 1920 1797 1996
f 2085 1852 2064
f 2064 1996 2132
f 2064 1852 1920
f 1920 1996 2064
f 2441 2543 2344
f 2344 2509 2441
f 2166 2297 2310
f 2009 2365 2098
f 2009 2179 2365
f 2098 2153 2009
f 2289 2179 2302
f 2289 2302 2200
f 2289 2543 2441
f 2302 2179 2090
f 2593 2640 2742
f 2593 2742 2627
f 2677 2567 2622
f 2732 2567 2677
f 2732 2677 2766
f 2347 2402 2381
f 2590 2467 2556
f 2425 2328 2527
f 2753 2664 2698
f 2698 2732 2753
f 2562 2732 2698
f 2816 2664 2842
f 2842 2829 2816
f 2562 2698 2630
f 2630 2698 2664
f 2507 2418 2533
f 2533 2588 2507
f 2410 2588 2444
f 2342 2444 2533
f 2342 2533 2219
f 2617 2431 2651
f 2473 2431 2617
f 2617 2604 2473
f 2452 2431 2371
f 2371 2274 2452
f 2311 2523 2379
f 2612 2625 2549
f 2468 2392 2583
f 2468 2583 2536
f 2298 2523 2366
f 2408 2366 2544
f 2544 2366 2523
f 2612 2693 2701
f 2625 2557 2489
f 2489 2599 2625
f 2185 2274 2447
f 2447 2392 2185
f 2583 2392 2447
f 2383 2299 2252
f 2383 2307 2388
f 2252 2265 2383
f 2736 2812 2621
f 2485 2587 2574
f 2998 2999 2988
f 2988 2993 2998
f 2943 2930 2964
f 2956 2930 2943
f 2943 2964 2956
f 2956 2964 2969
f 2820 2846 2867
f 2710 2689 2778
f 2895 2793 2916
f 2916 2861 2895
f 2830 2673 2741
f 2822 2775 2898
f 2898 2856 2932
f 2932 2877 2898
f 2898 2877 2822
f 2864 2775 2822
f 2702 2592 2626
f 2654 2539 2463
f 2408 2429 2463
f 2327 2238 2149
f 2068 2128 2280
f 2382 2327 2162
f 2162 2327 2149
f 2319 2416 2382
f 2628 2497 2539
f 2628 2539 2654
f 1636 1670 1712
f 1848 1699 1801
f 1704 1636 1712
f 1704 1657 1890
f 1890 1738 1704
f 1712 1670 1403
f 2466 2636 2691
f 2691 2610 2466
f 2521 2377 2411
f 2526 2450 2369
f 2246 2450 2526
f 2194 2461 2474
f 2474 2461 2495
f 2715 2770 2660
f 2529 2610 2707
f 2741 2673 2644
f 2665 2529 2707
f 2500 2529 2665
f 2034 2068 2060
f 2060 2233 2170
f 2060 2068 2280
f 1583 1761 1515
f 1583 1740 1575
f 1515 1740 1583
f 1570 1761 1727
f 1905 1646 1727
f 1727 1646 1570
f 1727 1761 1884
f 1617 1562 1604
f 1515 1562 1617
f 1604 1405 1617
f 2015 1981 1952
f 2227 2083 1952
f 711 732 719
f 711 575 567
f 567 732 711
f 876 986 1143
f 1143 1172 1219
f 1342 1562 1350
f 1350 1316 1342
f 1604 1562 1342
f 2452 2274 2397
f 2219 2418 2363
f 2363 2418 2452
f 1842 1774 1664
f 1664 1960 1842
f 1850 1774 2020
f 1774 1842 2020
f 2020 1842 1960
f 1541 1706 1664
f 1664 1774 1541
f 1774 1609 1541
f 1939 1609 1774
f 1939 1774 1850
f 1939 1863 1575
f 1575 1609 1939
f 1939 1816 1863
f 1745 1711 1910
f 1910 1711 1889
f 1889 2088 1910
f 1991 2088 1889
f 1779 1677 1868
f 1868 2033 1779
f 1779 2033 1991
f 1991 1889 1779
f 1287 1368 1410
f 1423 1478 1512
f 1512 1520 1423
f 1753 1520 1512
f 1821 1672 1795
f 1795 1876 1821
f 1973 1960 1821
f 1960 1672 1821
f 1732 1588 1719
f 1643 1588 1732
f 1732 1787 1643
f 1923 1787 1732
f 1732 1745 1923
f 1478 1588 1376
f 1512 1478 1376
f 1546 1368 1287
f 1546 1588 1368
f 1287 1376 1546
f 1546 1376 1588
f 1923 1829 1808
f 1808 1787 1923
f 1795 1787 1808
f 1808 1876 1795
f 1829 1999 1808
f 1999 1876 1808
f 1020 1054 1206
f 1405 1418 1693
f 1693 1418 1596
f 1596 1541 1693
f 1693 1541 1609
f 1074 1158 1006
f 1006 1158 849
f 862 1006 849
f 917 1006 862
f 1137 1006 917
f 1074 1006 1137
f 1124 1158 1294
f 1035 1158 1281
f 1281 1158 1124
f 1281 1069 1035
f 896 807 972
f 896 862 849
f 849 802 896
f 802 807 896
f 1239 1286 1315
f 1341 1286 1239
f 930 1019 1040
f 880 791 982
f 982 901 880
f 1071 1058 880
f 880 901 1071
f 791 880 867
f 867 880 1058
f 1095 1286 1341
f 1341 1370 1095
f 1566 1697 1650
f 1650 1485 1566
f 1705 1485 1841
f 1705 1587 1582
f 1417 1527 1396
f 1417 1370 1341
f 1396 1370 1417
f 2040 2150 1917
f 2163 2150 2040
f 2129 2192 2163
f 2040 2184 2163
f 1501 1700 1637
f 1412 1328 1404
f 1412 1404 1446
f 1446 1514 1412
f 1637 1700 1713
f 1713 1700 1857
f 1459 1577 1548
f 1577 1522 1548
f 1666 1645 1459
f 1459 1548 1666
f 1666 1548 1522
f 1666 1391 1472
f 1522 1391 1666
f 1815 2048 1870
f 2006 2048 1896
f 2048 1773 1896
f 1878 2111 1721
f 1967 2111 1878
f 1933 1776 1831
f 1721 1776 1933
f 1755 1797 1865
f 1865 1776 1755
f 1959 2001 1993
f 1993 2001 1857
f 1857 1700 1993
f 2221 2111 1967
f 2077 1878 1954
f 1967 1878 2077
f 1857 2001 1836
f 2001 1912 1836
f 826 1148 873
f 873 1148 1025
f 873 839 826
f 397 562 389
f 499 614 669
f 376 423 444
f 622 507 376
f 813 1216 1012
f 1486 1376 1287
f 1512 1376 1486
f 1143 986 999
f 999 884 1020
f 999 986 884
f 753 884 973
f 884 986 973
f 719 732 698
f 698 795 719
f 651 897 554
f 554 643 651
f 651 677 897
f 795 677 651
f 562 795 651
f 651 643 562
f 685 863 850
f 850 863 596
f 473 520 431
f 465 643 473
f 693 520 727
f 693 528 431
f 431 520 693
f 289 438 315
f 747 535 561
f 1357 1454 1577
f 5 1 9
f 1 17 9
f 674 771 805
f 745 894 881
f 881 894 813
f 826 839 784
f 1038 813 936
f 813 894 936
f 745 792 779
f 792 627 779
f 352 242 441
f 441 462 352
f 200 255 187
f 187 234 200
f 187 263 234
f 593 504 462
f 449 572 593
f 313 211 258
f 292 394 313
f 352 305 373
f 373 305 394
f 394 292 373
f 1824 1871 1782
f 1646 1871 1824
f 1782 1735 1824
f 1824 1735 1646
f 1782 1871 1900
f 1905 1994 1837
f 1714 1790 1735
f 1735 1803 1714
f 1908 1832 2086
f 1908 2183 2209
f 2086 1976 1908
f 1976 2183 1908
f 1997 2005 1908
f 1908 2005 1832
f 1989 1879 1866
f 1866 1879 1845
f 1866 1845 1688
f 1989 2057 2201
f 2201 2052 1989
f 2201 2222 2052
f 2243 2222 2201
f 2201 2031 2243
f 2201 2057 2031
f 1942 1879 1989
f 1989 2052 1942
f 2052 1976 1942
f 1942 1976 2086
f 1916 1785 1764
f 1764 1882 1916
f 1895 1882 1764
f 1615 1785 1916
f 1471 1463 1382
f 1518 1463 1471
f 1518 1772 1560
f 1560 1463 1518
f 1696 1764 1798
f 1895 1764 1696
f 1950 2005 1696
f 1696 1654 1950
f 1861 2005 1997
f 1895 1696 1861
f 1861 1696 2005
f 1929 2081 1895
f 1895 1861 1929
f 2149 2238 2094
f 2094 2162 2149
f 1455 1264 1400
f 1264 1476 1400
f 1366 1196 1455
f 1455 1400 1366
f 1416 1471 1382
f 1675 1471 1416
f 1416 1366 1675
f 1188 1311 1455
f 1455 1196 1188
f 1188 1141 1311
f 1798 1764 1751
f 1751 1696 1798
f 1654 1696 1751
f 1853 1950 1963
f 1950 1654 1963
f 1081 1251 1204
f 942 971 853
f 1039 1107 984
f 984 1018 1039
f 1039 921 1107
f 1010 1018 1141
f 426 384 557
f 269 201 261
f 1319 1264 1222
f 1222 1230 1319
f 1319 1230 1264
f 1031 900 1044
f 1298 1264 1209
f 1264 1230 1209
f 764 887 963
f 887 824 963
f 1175 1230 963
f 963 824 790
f 963 1230 1222
f 1222 1107 963
f 963 1107 764
f 578 654 730
f 544 654 578
f 620 531 544
f 544 578 620
f 790 824 845
f 845 824 887
f 557 384 460
f 1044 900 1125
f 900 1099 1125
f 1125 1099 1154
f 735 748 1023
f 790 845 735
f 1371 1337 1324
f 1324 1413 1371
f 1269 1337 1371
f 1180 1413 1167
f 1379 1413 1426
f 1379 1434 1565
f 1426 1434 1379
f 1487 1547 1665
f 1500 1547 1487
f 1665 1492 1487
f 1699 1848 1903
f 1903 1848 1869
f 1919 1856 2131
f 1102 1034 1094
f 1128 1335 1102
f 1013 1259 1123
f 665 835 775
f 890 835 665
f 649 704 725
f 725 704 526
f 526 704 767
f 746 945 767
f 767 704 746
f 704 649 746
f 945 937 877
f 1144 974 1076
f 1076 1233 1144
f 1144 1233 1165
f 1356 1432 1309
f 2032 1948 2037
f 2084 1856 1919
f 1694 1550 1626
f 1278 1545 1443
f 1545 1464 1443
f 1477 1354 1320
f 1320 1354 1278
f 1278 1147 1320
f 1794 1904 1849
f 1849 1587 1794
f 1587 1705 1794
f 1849 1904 1972
f 1972 1904 2108
f 2108 1896 1972
f 1972 1773 1849
f 1972 1896 1773
f 1854 1909 1799
f 1867 1909 1854
f 2011 2142 1867
f 1867 2142 2024
f 1663 1833 1621
f 1655 1634 1409
f 1655 1684 1697
f 1655 1697 1566
f 1566 1634 1655
f 1393 1359 1524
f 1524 1359 1448
f 1477 1320 1456
f 1456 1320 1147
f 1409 1545 1435
f 1545 1354 1435
f 1880 1592 1812
f 1812 1969 1880
f 1880 1969 1998
f 1684 1744 1710
f 1697 1684 1710
f 1710 1650 1697
f 1710 1875 1650
f 1985 1676 1820
f 1935 1969 1914
f 1914 2037 1935
f 1935 2037 1948
f 1922 1969 2100
f 2100 1948 1922
f 1969 1935 2100
f 2100 1935 1948
f 1990 1948 2032
f 1943 1948 1990
f 1867 1943 1990
f 1990 2011 1867
f 453 461 474
f 453 639 618
f 618 461 453
f 605 461 681
f 605 681 668
f 668 550 605
f 783 660 893
f 660 770 893
f 893 770 728
f 626 592 681
f 626 694 592
f 626 681 618
f 618 694 626
f 576 419 330
f 165 186 199
f 474 461 385
f 474 385 364
f 283 194 228
f 652 597 673
f 673 707 652
f 741 589 631
f 741 788 762
f 466 576 521
f 576 589 521
f 589 741 521
f 521 741 762
f 762 542 521
f 521 542 466
f 1055 1165 1220
f 1055 1144 1165
f 1000 835 1076
f 1076 974 1000
f 775 835 1000
f 1000 974 775
f 775 974 754
f 1173 1228 1503
f 1380 1016 1181
f 1181 1016 948
f 1236 1338 1228
f 1168 1249 1079
f 1079 1134 1168
f 1168 1134 1249
f 982 715 749
f 749 901 982
f 1003 901 749
f 846 1003 749
f 728 846 749
f 749 893 728
f 715 893 749
f 982 791 872
f 872 715 982
f 791 689 872
f 757 592 872
f 872 689 757
f 684 553 608
f 459 446 514
f 972 807 836
f 836 684 972
f 553 684 836
f 1019 828 833
f 773 828 930
f 930 765 773
f 765 684 710
f 828 773 710
f 710 773 765
f 273 438 289
f 289 328 273
f 5 13 8
f 8 6 5
f 27 8 3
f 6 8 27
f 620 751 696
f 743 730 929
f 578 730 743
f 620 578 743
f 929 764 798
f 764 921 798
f 785 1039 942
f 921 1039 785
f 942 853 785
f 785 798 921
f 2488 2318 2509
f 2310 2365 2488
f 2365 2318 2488
f 2365 2179 2187
f 2187 2318 2365
f 2441 2318 2187
f 2187 2289 2441
f 2179 2289 2187
f 1695 1750 1805
f 1784 1852 1818
f 1475 1483 1517
f 1525 1292 1457
f 1457 1389 1525
f 1457 1504 1389
f 1572 1504 1457
f 1457 1292 1572
f 1428 1580 1436
f 1436 1580 1572
f 1572 1292 1436
f 1025 1148 1195
f 1593 1580 1606
f 1606 1449 1716
f 1606 1716 1724
f 1724 1593 1606
f 1606 1580 1428
f 1428 1258 1606
f 1606 1258 1551
f 1551 1449 1606
f 1737 1750 1847
f 1674 1538 1737
f 1538 1805 1737
f 1737 1805 1750
f 1737 1716 1674
f 1737 1847 1716
f 1826 1792 1936
f 1826 2046 1792
f 1826 1936 2106
f 2106 2046 1826
f 2051 1860 1886
f 1886 1941 2051
f 2051 1941 2195
f 2195 2305 2038
f 2038 2051 2195
f 2004 2051 2038
f 1962 1907 1771
f 1771 1907 1936
f 1771 1894 1695
f 1936 1894 1771
f 1839 1860 2127
f 2127 1928 1839
f 1839 1771 1695
f 1839 1928 1962
f 1962 1771 1839
f 1695 1805 1839
f 1839 1805 1860
f 2148 1928 2004
f 2004 2038 2148
f 1957 1978 2101
f 2101 1881 1957
f 1957 1881 1915
f 1949 1957 1915
f 1682 1813 1648
f 1677 1601 1648
f 1648 1813 1677
f 1915 1881 1970
f 1881 1813 1970
f 1970 1949 1915
f 1970 1813 1834
f 1834 1949 1970
f 1504 1601 1635
f 2937 2945 2874
f 2832 2879 2866
f 2913 2921 2845
f 2845 2811 2913
f 2845 2879 2811
f 2921 2866 2845
f 2845 2866 2879
f 2528 2604 2536
f 2473 2604 2528
f 2536 2583 2528
f 2583 2447 2528
f 2740 2659 2664
f 2748 2604 2575
f 2604 2617 2575
f 2693 2735 2824
f 2824 2701 2693
f 2803 2701 2824
f 2855 2800 2847
f 2779 2800 2855
f 2947 2858 2897
f 2897 2905 2947
f 2829 2863 2884
f 2884 2897 2858
f 2863 2897 2884
f 2902 2855 2847
f 2910 2855 2902
f 2984 2963 2997
f 2808 2821 2732
f 2954 2933 2886
f 2868 2902 2847
f 2242 1941 2085
f 2085 2072 2242
f 2195 1941 2242
f 1988 2153 2056
f 2153 1996 2056
f 2056 1996 1797
f 1755 1988 2056
f 2056 1797 1755
f 2174 2064 2132
f 2174 2132 2140
f 2140 2072 2174
f 2433 2509 2407
f 2509 2344 2407
f 2407 2420 2433
f 2250 2242 2072
f 2140 2297 2250
f 2250 2072 2140
f 2496 2488 2509
f 2496 2572 2598
f 2593 2598 2577
f 2598 2572 2577
f 2577 2640 2593
f 2577 2564 2640
f 2585 2598 2593
f 2585 2606 2598
f 2347 2381 2373
f 2373 2381 2292
f 2543 2289 2522
f 2522 2289 2200
f 2179 2009 2208
f 2208 2090 2179
f 2043 2090 2208
f 2208 2153 2043
f 2208 2009 2153
f 2687 2734 2674
f 2640 2564 2708
f 2619 2734 2839
f 2674 2734 2619
f 2619 2708 2564
f 2475 2344 2543
f 2543 2420 2475
f 2475 2407 2344
f 2420 2407 2475
f 2653 2420 2543
f 2839 2734 2776
f 2839 2784 2818
f 2818 2619 2839
f 2708 2619 2818
f 2729 2627 2682
f 2682 2627 2742
f 2826 2834 2813
f 2719 2808 2732
f 2779 2808 2719
f 2284 2402 2347
f 2711 2766 2677
f 1938 2192 2006
f 2006 1896 1938
f 1938 1896 2108
f 1938 2163 2192
f 1938 2108 2150
f 2150 2163 1938
f 2362 2192 2129
f 1925 2006 1980
f 2006 2192 1980
f 1980 2158 1925
f 2158 1980 2205
f 2205 1980 2192
f 2412 2378 2590
f 2590 2556 2412
f 2412 2556 2632
f 2632 2653 2412
f 2412 2653 2543
f 2543 2522 2412
f 2412 2522 2378
f 2446 2425 2315
f 2590 2378 2480
f 2378 2522 2480
f 2480 2522 2399
f 2145 2357 2323
f 2357 2399 2323
f 2774 2816 2829
f 2651 2418 2643
f 2562 2630 2643
f 2664 2659 2554
f 2554 2630 2664
f 2596 2567 2562
f 2562 2507 2596
f 2596 2507 2588
f 2219 2075 2279
f 2279 2342 2219
f 2486 2431 2473
f 2486 2371 2431
f 2570 2591 2460
f 2235 2324 2345
f 2345 2277 2235
f 2235 2277 2188
f 2277 2133 2188
f 2379 2133 2332
f 2332 2133 2277
f 2646 2604 2748
f 2748 2735 2646
f 2646 2735 2693
f 2646 2693 2612
f 2612 2549 2646
f 2185 2392 2329
f 2392 2468 2329
f 2416 2319 2264
f 2387 2429 2408
f 2408 2544 2387
f 2510 2544 2523
f 2743 2654 2531
f 2743 2751 2654
f 2667 2557 2625
f 2625 2599 2481
f 2599 2591 2481
f 2481 2591 2570
f 2481 2549 2625
f 2570 2549 2481
f 2476 2434 2565
f 2311 2434 2476
f 2565 2510 2476
f 2523 2311 2476
f 2476 2510 2523
f 2358 2434 2311
f 2358 2332 2277
f 2358 2311 2379
f 2379 2332 2358
f 2599 2489 2502
f 2565 2434 2502
f 2502 2489 2565
f 2527 2519 2561
f 2519 2506 2561
f 2561 2506 2574
f 2574 2731 2561
f 2527 2328 2472
f 2472 2519 2527
f 2252 2299 2294
f 2299 2506 2294
f 2294 2506 2519
f 2294 2265 2252
f 2294 2184 2265
f 2755 2781 2721
f 2666 2556 2747
f 2747 2467 2569
f 2747 2556 2467
f 2548 2425 2527
f 2899 2823 2810
f 2810 2844 2899
f 2823 2844 2810
f 2865 2823 2713
f 2865 2844 2823
f 2713 2721 2865
f 2736 2621 2676
f 2676 2681 2736
f 2647 2681 2676
f 2676 2532 2647
f 2765 2621 2812
f 2765 2812 2820
f 2710 2587 2744
f 2744 2689 2710
f 2744 2697 2689
f 2600 2676 2621
f 2574 2587 2684
f 2684 2731 2574
f 2760 2658 2726
f 2658 2705 2726
f 2993 2988 2980
f 2977 2993 2980
f 2977 2959 2972
f 2917 2964 2930
f 2786 2778 2689
f 2786 2765 2820
f 2689 2765 2786
f 2875 2778 2799
f 2778 2786 2799
f 2820 2867 2799
f 2799 2786 2820
f 2710 2778 2854
f 2854 2778 2875
f 2731 2684 2718
f 2710 2854 2718
f 2718 2854 2862
f 2718 2587 2710
f 2718 2684 2587
f 2649 2670 2581
f 2772 2670 2649
f 2725 2670 2772
f 2848 2874 2945
f 2861 2874 2848
f 2848 2895 2861
f 2848 2869 2895
f 2911 2856 2738
f 2932 2856 2911
f 2738 2725 2827
f 2793 2895 2827
f 2827 2725 2793
f 2948 2940 2885
f 2969 2940 2948
f 2948 2956 2969
f 2977 2956 2948
f 2647 2532 2566
f 2566 2532 2270
f 2736 2681 2579
f 2613 2804 2579
f 2579 2681 2613
f 2890 2877 2932
f 2932 2903 2890
f 2924 2945 2937
f 2715 2720 2817
f 2817 2720 2838
f 2783 2830 2843
f 2843 2830 2775
f 2843 2720 2783
f 2838 2720 2843
f 2775 2864 2843
f 2872 2906 2885
f 2885 2940 2872
f 2872 2864 2906
f 2838 2843 2872
f 2872 2843 2864
f 2767 2898 2775
f 2775 2809 2767
f 2733 2856 2767
f 2856 2898 2767
f 2919 2864 2822
f 2906 2864 2919
f 2822 2877 2919
f 2728 2812 2736
f 2728 2791 2901
f 2762 2791 2728
f 2927 2940 2969
f 2927 2872 2940
f 2935 2964 2833
f 2969 2964 2935
f 2382 2416 2518
f 2361 2497 2547
f 2547 2458 2361
f 2382 2518 2361
f 2361 2518 2497
f 2374 2327 2382
f 2382 2361 2374
f 2102 2068 2034
f 2128 2068 2102
f 2191 2314 2348
f 2280 2314 2191
f 2191 2060 2280
f 2233 2060 2191
f 2120 2319 2285
f 2285 2094 2120
f 2120 2264 2319
f 2120 2209 2018
f 2120 2094 2209
f 2772 2649 2696
f 2696 2649 2683
f 2654 2751 2662
f 1801 1699 1589
f 1589 1636 1801
f 1767 1848 1801
f 1801 1636 1767
f 1767 1704 1738
f 1636 1704 1767
f 1505 1136 1369
f 1505 1369 1539
f 2581 2759 2746
f 2746 2759 2636
f 2746 2602 2581
f 2636 2602 2746
f 2788 2759 2699
f 2733 2788 2699
f 2610 2691 2555
f 2335 2411 2390
f 2411 2377 2390
f 2445 2521 2411
f 2466 2610 2445
f 2610 2521 2445
f 2445 2589 2466
f 2348 2589 2445
f 2445 2191 2348
f 2411 2191 2445
f 2534 2471 2602
f 2534 2602 2636
f 2534 2589 2348
f 2348 2471 2534
f 2534 2636 2466
f 2466 2589 2534
f 2424 2471 2568
f 2369 2424 2568
f 2568 2526 2369
f 2568 2471 2348
f 2246 2526 2568
f 2568 2314 2246
f 2348 2314 2568
f 2602 2471 2615
f 2615 2471 2424
f 2683 2649 2615
f 2364 2432 2288
f 2356 2390 2377
f 2356 2521 2479
f 2377 2521 2356
f 2296 2089 2254
f 2254 2089 2309
f 2228 2254 2309
f 2228 2029 2110
f 2110 2254 2228
f 2317 2474 2283
f 2317 2194 2474
f 2309 2194 2317
f 2317 2228 2309
f 2571 2495 2461
f 2639 2516 2550
f 2550 2660 2639
f 2283 2474 2385
f 2474 2495 2385
f 2385 2495 2516
f 2516 2427 2385
f 2605 2427 2516
f 2605 2516 2639
f 2427 2605 2482
f 2694 2720 2715
f 2720 2694 2754
f 2783 2720 2754
f 2754 2830 2783
f 2673 2830 2754
f 2639 2660 2757
f 2757 2660 2770
f 2757 2626 2639
f 2702 2626 2757
f 2613 2702 2757
f 2757 2804 2613
f 2757 2770 2804
f 2440 2500 2508
f 2440 2419 2500
f 2461 2419 2440
f 2508 2571 2440
f 2440 2571 2461
f 2461 2194 2322
f 2322 2288 2275
f 2500 2419 2487
f 2487 2529 2500
f 2610 2529 2487
f 2563 2644 2673
f 2673 2665 2563
f 2563 2665 2707
f 1890 1814 2047
f 2026 1814 1890
f 2034 2060 2013
f 2013 2026 2034
f 1814 2026 2013
f 2055 2047 2013
f 2013 2047 1814
f 2170 2233 2301
f 2301 2411 2335
f 2301 2191 2411
f 2233 2191 2301
f 1822 1720 1678
f 1575 1863 1748
f 1748 1583 1575
f 1748 1863 1884
f 1884 1761 1748
f 1761 1583 1748
f 2002 1727 1884
f 2002 1816 1994
f 2002 1994 1905
f 1905 1727 2002
f 1638 1617 1405
f 1638 1740 1515
f 1515 1617 1638
f 1884 1863 1918
f 1863 1816 1918
f 1918 2002 1884
f 1816 2002 1918
f 2015 1952 2117
f 2117 1952 2083
f 2083 2049 2117
f 740 769 646
f 646 528 740
f 646 418 528
f 1214 1193 1269
f 1248 1371 1413
f 871 863 685
f 1070 1138 960
f 918 1070 960
f 876 1070 918
f 1473 1481 1536
f 1473 1350 1481
f 1447 1316 1350
f 1447 1070 1316
f 1138 1070 1447
f 1269 1193 1261
f 1193 1138 1261
f 1431 1418 1604
f 1604 1342 1431
f 1172 1418 1431
f 2287 2130 2143
f 1897 1829 2067
f 1897 1999 1829
f 1897 1876 1999
f 2308 2054 2164
f 2007 2020 2109
f 1850 2020 2007
f 2104 1939 1850
f 1816 1939 2104
f 2104 1981 2015
f 2015 2117 2104
f 2104 2117 1816
f 1850 2007 2104
f 2104 2007 1981
f 1719 1753 1855
f 1855 1732 1719
f 1745 1732 1855
f 1910 1923 1766
f 1766 1745 1910
f 1923 1745 1766
f 1164 1368 1507
f 1164 1410 1368
f 1397 1300 1452
f 1300 1211 1452
f 1478 1423 1444
f 1444 1423 1520
f 1719 1478 1444
f 1444 1753 1719
f 1520 1753 1444
f 1355 1300 1397
f 1397 1253 1355
f 1274 1172 1143
f 1274 1185 1172
f 1405 1693 1549
f 1549 1638 1405
f 1740 1638 1549
f 1549 1609 1740
f 1549 1693 1609
f 1611 1865 1556
f 917 862 883
f 883 896 972
f 862 896 883
f 1315 1286 1163
f 1163 1137 1315
f 1074 1137 1163
f 1163 1095 1074
f 1404 1328 1273
f 1273 1370 1425
f 1074 1095 1273
f 1273 1095 1370
f 1103 1069 1349
f 1069 1281 1349
f 1124 1328 1349
f 1349 1281 1124
f 1349 1412 1472
f 1328 1412 1349
f 1108 1087 1244
f 930 1040 938
f 938 917 930
f 938 1137 917
f 778 1053 752
f 1011 1210 1024
f 1197 1032 1024
f 2265 2184 2095
f 1841 1485 1752
f 1485 1650 1752
f 1752 1875 1841
f 1650 1875 1752
f 1451 1561 1527
f 1307 1485 1383
f 1658 1501 1679
f 1700 1501 1658
f 1658 1993 1700
f 1739 1993 1658
f 1472 1412 1590
f 1590 1412 1514
f 1590 1514 1679
f 1739 1815 2082
f 2082 1993 1739
f 2116 1993 2082
f 2082 1815 1870
f 1870 1946 2082
f 2082 1946 2116
f 1883 1815 1739
f 1883 1760 1574
f 1574 2048 1883
f 2048 1815 1883
f 1870 2158 2069
f 2069 1946 1870
f 2116 1946 2035
f 1959 1993 2035
f 2035 1993 2116
f 1946 2069 2035
f 2035 2069 2281
f 1954 1878 1891
f 1891 1878 1721
f 1891 1802 1954
f 1721 1802 1891
f 1831 1776 1742
f 1776 1865 1742
f 1742 1577 1459
f 2200 2302 2276
f 2276 2234 2200
f 2276 2221 2234
f 2111 2221 2276
f 2043 2111 2276
f 2276 2090 2043
f 2302 2090 2276
f 2234 2221 2103
f 2103 2221 1967
f 1912 2077 2022
f 1857 1836 2022
f 2022 1836 1912
f 1967 2077 2014
f 2014 2077 1912
f 326 381 266
f 635 499 601
f 601 499 669
f 669 567 601
f 567 575 601
f 614 368 588
f 478 381 559
f 559 368 478
f 559 588 368
f 614 588 559
f 376 444 546
f 546 622 376
f 635 622 546
f 478 368 410
f 410 444 478
f 368 444 410
f 719 562 609
f 507 622 609
f 562 397 609
f 609 397 507
f 1334 1292 1525
f 1347 1292 1334
f 1334 1114 1347
f 1038 1347 1135
f 1347 1114 1135
f 1101 1135 1114
f 1101 1216 1038
f 1038 1135 1101
f 1177 1190 1203
f 970 978 944
f 923 978 970
f 970 1182 923
f 813 1012 970
f 1012 1182 970
f 991 944 889
f 991 970 944
f 991 792 745
f 745 881 991
f 991 881 813
f 813 970 991
f 1041 766 889
f 787 842 1041
f 889 944 1033
f 944 1177 1033
f 1313 1203 1198
f 1198 1410 1313
f 1287 1410 1198
f 1198 1486 1287
f 1402 1203 1321
f 1321 1512 1402
f 1512 1486 1402
f 1402 1198 1203
f 1486 1198 1402
f 1020 1206 1096
f 1206 1274 1096
f 1096 1274 1143
f 664 677 795
f 753 973 664
f 664 973 677
f 800 732 787
f 800 698 732
f 389 465 452
f 371 418 481
f 481 646 384
f 418 646 481
f 431 528 494
f 528 418 494
f 549 863 740
f 596 863 549
f 740 528 549
f 528 596 549
f 774 850 604
f 604 850 596
f 604 596 727
f 554 774 604
f 727 520 604
f 520 473 630
f 554 604 630
f 630 604 520
f 630 643 554
f 630 473 643
f 617 693 727
f 528 693 617
f 727 596 617
f 617 596 528
f 179 328 289
f 179 137 328
f 535 603 493
f 603 370 493
f 645 747 561
f 535 747 522
f 1577 1454 1247
f 1247 1522 1577
f 1247 1454 1302
f 1336 1391 1247
f 1247 1391 1522
f 1302 1454 1289
f 1454 1357 1289
f 1420 1289 1344
f 1344 1289 1357
f 1323 1611 1352
f 1352 1344 1323
f 674 805 729
f 729 784 674
f 826 784 729
f 729 1004 826
f 729 805 1004
f 1025 936 860
f 860 873 1025
f 839 873 860
f 894 839 860
f 860 936 894
f 716 771 674
f 674 784 716
f 703 784 839
f 758 640 703
f 703 716 784
f 640 716 703
f 394 305 360
f 360 402 394
f 572 491 517
f 517 491 525
f 627 491 496
f 496 491 572
f 475 501 666
f 276 208 195
f 250 441 242
f 250 263 357
f 708 653 632
f 483 585 462
f 462 441 483
f 213 187 255
f 213 179 289
f 289 315 213
f 213 315 336
f 357 263 344
f 263 187 344
f 462 585 648
f 648 593 462
f 449 593 648
f 156 258 190
f 156 161 313
f 313 258 156
f 96 83 109
f 88 33 20
f 96 33 88
f 140 318 174
f 174 169 140
f 161 169 174
f 313 161 174
f 174 292 313
f 284 373 292
f 352 373 284
f 284 242 352
f 284 318 242
f 127 114 106
f 135 67 80
f 80 67 106
f 106 114 80
f 106 98 182
f 182 127 106
f 1620 1434 1769
f 1769 1468 1620
f 1523 1434 1620
f 1769 1790 1633
f 1633 1468 1769
f 1633 1790 1845
f 1667 1468 1633
f 1442 1332 1612
f 1688 1790 1680
f 1790 1714 1680
f 1680 1803 1688
f 1680 1714 1803
f 1782 1900 1858
f 1858 1900 2023
f 1858 1735 1782
f 1858 1803 1735
f 1858 2044 1803
f 1845 1879 1709
f 1709 1756 1845
f 2031 2057 2065
f 2065 1866 1688
f 2065 2057 1989
f 1989 1866 2065
f 2052 2222 2175
f 2175 2222 2243
f 1921 1942 2086
f 2086 1832 1921
f 1785 1615 1827
f 1641 1615 1759
f 1759 1615 1916
f 1641 1971 1793
f 1793 1971 1924
f 1793 1772 1641
f 1793 1628 1772
f 1657 1628 1793
f 1924 2026 1793
f 1890 1657 1793
f 1793 2026 1890
f 1874 1882 1840
f 1916 1882 1874
f 1874 1759 1916
f 1874 1971 1641
f 1641 1759 1874
f 1568 1704 1712
f 1657 1704 1568
f 1539 1560 1594
f 1594 1560 1772
f 1594 1568 1712
f 1712 1403 1594
f 1997 1908 1984
f 1984 1908 2209
f 1984 1861 1997
f 1984 1929 1861
f 2238 1929 2073
f 2073 2094 2238
f 2209 2094 2073
f 2073 1984 2209
f 1929 1984 2073
f 2196 2094 2285
f 2162 2094 2196
f 2382 2162 2196
f 2196 2319 2382
f 2285 2319 2196
f 2081 1929 2259
f 2259 1929 2238
f 2246 2314 2306
f 2280 2128 2306
f 2306 2314 2280
f 2204 2306 2136
f 2204 2458 2369
f 2369 2450 2204
f 2204 2450 2246
f 2246 2306 2204
f 1408 1400 1476
f 1408 1366 1400
f 1196 1366 1353
f 1366 1416 1353
f 1251 1217 1395
f 1348 1369 1395
f 1395 1369 1251
f 1348 1437 1484
f 1463 1560 1484
f 1683 1764 1785
f 1683 1751 1764
f 1683 1471 1675
f 1238 1217 1005
f 997 1251 1081
f 997 1217 1251
f 971 1005 997
f 997 1005 1217
f 1293 1170 1128
f 1293 1136 1170
f 1251 1369 1361
f 1369 1136 1361
f 1136 1293 1361
f 806 853 751
f 806 785 853
f 942 1039 1065
f 1065 1039 1018
f 1018 1010 1065
f 1052 1005 971
f 384 426 447
f 447 426 324
f 447 481 384
f 371 481 447
f 324 426 290
f 290 201 324
f 557 460 599
f 167 256 175
f 175 78 167
f 1057 1031 1044
f 934 1023 900
f 900 1031 934
f 790 735 934
f 934 735 1023
f 934 963 790
f 934 1031 1175
f 1175 963 934
f 1277 1230 1175
f 1277 1209 1230
f 1175 1031 1277
f 819 730 654
f 819 845 887
f 819 887 929
f 929 730 819
f 1154 1099 989
f 989 1201 1154
f 1180 1201 989
f 1078 989 968
f 968 989 1099
f 981 1099 900
f 900 1023 981
f 1023 748 981
f 1290 1332 1358
f 1421 1332 1442
f 1421 1442 1298
f 1298 1209 1421
f 1421 1209 1146
f 1146 1332 1421
f 688 599 659
f 659 599 460
f 701 659 460
f 777 735 845
f 845 819 777
f 1049 1201 1180
f 1180 1167 1049
f 1049 1167 1201
f 1159 1167 1413
f 1413 1379 1159
f 1201 1167 1159
f 1290 1358 1159
f 306 348 183
f 251 306 183
f 49 33 96
f 75 49 96
f 15 49 75
f 7 4 20
f 17 4 7
f 15 2 7
f 7 9 17
f 5 9 7
f 1466 1547 1500
f 1500 1424 1466
f 1123 1259 1314
f 1314 1089 1123
f 2021 1903 1992
f 1992 1903 1869
f 2144 1945 2199
f 2144 2131 2021
f 2097 2131 2144
f 2063 2131 2097
f 1335 1458 1225
f 1534 1403 1670
f 1534 1505 1403
f 1183 1335 1170
f 1183 1458 1335
f 1183 1534 1458
f 1505 1534 1183
f 1170 1136 1183
f 1136 1505 1183
f 924 1034 1191
f 1034 1102 1191
f 1128 1102 1157
f 1157 1102 1094
f 1157 1204 1128
f 1094 1204 1157
f 1094 1034 903
f 903 1060 1094
f 903 882 1060
f 903 1034 717
f 717 848 903
f 848 882 903
f 992 1204 1094
f 1094 1060 992
f 1081 1204 992
f 992 916 1081
f 992 1060 916
f 1068 1034 924
f 1068 746 1034
f 937 1068 966
f 966 1068 924
f 1500 1487 1555
f 1555 1487 1492
f 615 492 319
f 725 526 539
f 657 665 775
f 945 869 843
f 767 945 843
f 479 581 636
f 581 526 636
f 759 746 649
f 759 848 717
f 717 1034 759
f 1034 746 759
f 759 649 725
f 822 869 945
f 945 877 822
f 890 869 822
f 1288 1280 979
f 1076 835 979
f 979 1233 1076
f 1356 1165 979
f 1165 1233 979
f 911 835 890
f 911 979 835
f 1288 979 911
f 1047 1280 1288
f 1123 1089 1047
f 1089 1314 1301
f 1254 1377 1301
f 1301 1377 1280
f 1301 1047 1089
f 1280 1047 1301
f 1301 1424 1254
f 1301 1314 1424
f 1296 1576 1330
f 1859 2037 1914
f 1914 1969 1859
f 2071 1859 1901
f 2037 1859 2071
f 2210 2168 2346
f 1966 1796 1822
f 1626 1639 1817
f 1398 1343 1372
f 1822 1796 1754
f 1754 1576 1822
f 1330 1576 1754
f 1754 1495 1330
f 1385 1296 1330
f 1309 1296 1385
f 1618 1495 1516
f 1330 1495 1618
f 1469 1338 1414
f 1503 1228 1469
f 1228 1338 1469
f 1846 1579 1689
f 1749 1791 1770
f 1189 1443 1464
f 1765 1705 1841
f 1765 1794 1705
f 1977 1990 2032
f 2011 1990 1977
f 2176 2375 2396
f 2176 2210 2346
f 2032 2210 2176
f 2176 1977 2032
f 1888 2155 2087
f 2024 2155 1888
f 1888 1909 1867
f 1867 2024 1888
f 1828 1744 1930
f 1828 2053 1786
f 1828 1956 2053
f 1930 1956 1828
f 1718 1744 1684
f 1833 1663 1718
f 1718 1663 1799
f 1930 1744 1718
f 1799 1909 1718
f 1909 1930 1718
f 2053 1956 2019
f 2019 2197 2040
f 2040 1917 2019
f 2019 1917 2053
f 2074 1930 1909
f 2074 1956 1930
f 1909 1888 2074
f 2087 1956 2074
f 2074 1888 2087
f 1731 1663 1621
f 1684 1655 1642
f 1642 1718 1684
f 1833 1718 1642
f 1621 1757 1778
f 1778 1731 1621
f 1558 1592 1778
f 1778 1757 1558
f 1422 1448 1558
f 1422 1524 1448
f 1498 1757 1511
f 1592 1880 1723
f 1723 1880 1998
f 1723 1998 1867
f 1867 1854 1723
f 1951 1985 1820
f 1951 1820 1786
f 1951 1917 2150
f 1786 2053 1951
f 2053 1917 1951
f 2150 1904 1951
f 1904 1985 1951
f 1676 1985 1862
f 1794 1765 1862
f 1904 1794 1862
f 1862 1985 1904
f 1862 1765 1841
f 1841 1875 1862
f 1862 1875 1676
f 508 453 474
f 419 453 508
f 529 542 516
f 516 495 529
f 529 419 542
f 529 453 419
f 529 495 639
f 639 453 529
f 406 605 550
f 461 605 406
f 406 550 668
f 668 634 406
f 398 330 296
f 199 186 296
f 157 251 136
f 325 406 359
f 359 406 634
f 825 778 723
f 233 89 170
f 68 157 170
f 131 301 186
f 131 89 233
f 233 301 131
f 440 406 325
f 440 385 461
f 461 406 440
f 249 364 228
f 249 194 199
f 228 194 249
f 351 330 419
f 474 364 351
f 364 249 351
f 351 508 474
f 419 508 351
f 351 249 199
f 199 296 351
f 351 296 330
f 241 364 385
f 228 364 241
f 241 283 228
f 275 194 288
f 199 194 275
f 288 165 275
f 275 165 199
f 257 241 317
f 283 241 257
f 207 257 173
f 283 257 207
f 571 707 516
f 516 597 571
f 445 343 335
f 398 343 445
f 563 589 445
f 445 589 576
f 445 330 398
f 576 330 445
f 1372 1351 1275
f 1097 1186 1275
f 1275 1398 1372
f 1186 1398 1275
f 1008 1160 1021
f 1021 1160 1118
f 775 754 885
f 859 1037 940
f 948 1037 906
f 1037 859 906
f 906 859 1063
f 1063 859 1126
f 1270 1173 1503
f 1461 1359 1380
f 1380 1173 1461
f 1173 1270 1461
f 1461 1270 1503
f 1283 1236 1215
f 1215 1173 1380
f 1380 1181 1215
f 1228 1173 1215
f 1215 1236 1228
f 1092 1236 1283
f 1092 1008 1241
f 715 872 736
f 736 872 592
f 972 684 705
f 705 684 765
f 705 883 972
f 705 765 930
f 930 917 705
f 917 883 705
f 582 446 624
f 446 459 624
f 443 553 519
f 671 807 904
f 671 836 807
f 828 710 964
f 964 833 828
f 247 273 328
f 247 226 514
f 281 247 328
f 226 247 281
f 35 17 1
f 1 6 35
f 6 27 35
f 35 4 17
f 11 27 3
f 56 153 77
f 195 208 119
f 195 119 64
f 77 153 64
f 132 255 200
f 200 111 132
f 40 45 66
f 50 16 37
f 3 16 50
f 827 607 696
f 827 696 751
f 848 759 670
f 895 848 670
f 670 827 895
f 667 798 832
f 667 743 929
f 929 798 667
f 667 806 751
f 832 806 667
f 667 751 620
f 620 743 667
f 832 798 840
f 798 785 840
f 1462 1483 1470
f 1462 1470 1415
f 1415 1551 1462
f 915 1127 996
f 1763 1805 1687
f 1687 1818 1763
f 1886 1860 1763
f 1860 1805 1763
f 1653 1640 1708
f 1653 1708 1784
f 1399 1640 1394
f 1394 1517 1399
f 1394 1640 1538
f 1394 1538 1475
f 1475 1517 1394
f 1399 1517 1305
f 1025 1195 1080
f 1038 936 1080
f 1080 936 1025
f 1873 2030 1860
f 1860 2051 1873
f 2004 2030 1873
f 1873 2051 2004
f 2520 2410 2444
f 1902 2017 2106
f 2106 1907 1902
f 1902 1907 1962
f 1983 1949 1834
f 1834 2046 1983
f 1928 2148 2080
f 1682 1648 1627
f 1627 1648 1601
f 1627 1661 1682
f 1504 1661 1627
f 1627 1601 1504
f 2887 2874 2861
f 2887 2861 2832
f 2832 2866 2929
f 2659 2740 2782
f 2748 2575 2782
f 2782 2575 2659
f 2664 2816 2761
f 2761 2740 2664
f 2837 2740 2761
f 2761 2774 2837
f 2816 2774 2761
f 2659 2575 2706
f 2651 2554 2706
f 2706 2554 2659
f 2706 2617 2651
f 2706 2575 2617
f 2858 2926 2871
f 2871 2884 2858
f 2978 2910 2949
f 2910 2902 2949
f 2989 2997 2963
f 2989 2963 2955
f 2955 2981 2989
f 2992 2999 2998
f 2994 2999 2976
f 2976 2981 2994
f 2999 2992 2976
f 2976 2992 2997
f 2976 2989 2981
f 2997 2989 2976
f 2960 2952 2973
f 2960 2973 2905
f 2905 2939 2960
f 2944 2897 2863
f 2905 2897 2944
f 2944 2939 2905
f 2986 2910 2978
f 2978 2991 2986
f 2973 2952 2965
f 2965 2981 2934
f 2934 2973 2965
f 2994 2981 2965
f 2952 2986 2965
f 2965 2991 2994
f 2965 2986 2991
f 2779 2855 2876
f 2876 2808 2779
f 2876 2787 2808
f 2850 2842 2876
f 2842 2787 2876
f 2967 2959 2977
f 2977 2980 2967
f 2996 2957 2983
f 2915 2886 2983
f 2983 2886 2933
f 2847 2800 2889
f 2889 2868 2847
f 2889 2800 2826
f 2784 2852 2771
f 2729 2818 2771
f 2771 2818 2784
f 2695 2771 2805
f 2805 2771 2852
f 2085 2064 2119
f 2064 2174 2119
f 2119 2072 2085
f 2119 2174 2072
f 2242 2250 2331
f 2331 2263 2195
f 2195 2242 2331
f 2572 2496 2454
f 2454 2509 2433
f 2454 2496 2509
f 2598 2606 2483
f 2564 2577 2551
f 2433 2420 2551
f 2551 2454 2433
f 2551 2577 2572
f 2572 2454 2551
f 2216 2373 2292
f 2305 2373 2216
f 2292 2148 2216
f 2216 2038 2305
f 2216 2148 2038
f 2632 2556 2611
f 2611 2556 2666
f 2734 2687 2789
f 2789 2776 2734
f 2763 2742 2640
f 2640 2708 2763
f 2708 2818 2763
f 2420 2653 2530
f 2674 2619 2530
f 2530 2619 2564
f 2564 2551 2530
f 2530 2551 2420
f 2750 2627 2729
f 2750 2771 2695
f 2729 2771 2750
f 2661 2750 2695
f 2690 2834 2669
f 2669 2834 2766
f 2766 2834 2745
f 2779 2719 2745
f 2745 2800 2779
f 2732 2766 2745
f 2745 2719 2732
f 2826 2800 2745
f 2745 2834 2826
f 2145 2281 2268
f 2268 2357 2145
f 2268 2239 2357
f 2315 2357 2336
f 2357 2239 2336
f 2501 2467 2590
f 2590 2514 2501
f 2404 2514 2590
f 2404 2357 2315
f 2315 2425 2404
f 2425 2514 2404
f 2404 2399 2357
f 2590 2480 2404
f 2404 2480 2399
f 2328 2425 2349
f 2425 2446 2349
f 2200 2234 2255
f 2892 2774 2829
f 2829 2884 2892
f 2884 2871 2892
f 2562 2643 2609
f 2609 2643 2418
f 2609 2507 2562
f 2418 2507 2609
f 2630 2554 2638
f 2651 2643 2638
f 2638 2554 2651
f 2541 2596 2588
f 2567 2596 2541
f 2622 2567 2541
f 2337 2447 2274
f 2274 2371 2337
f 2371 2486 2337
f 2337 2486 2473
f 2473 2528 2337
f 2337 2528 2447
f 2494 2468 2536
f 2303 2345 2324
f 2256 2345 2303
f 2439 2269 2303
f 2303 2269 2256
f 2426 2256 2400
f 2426 2345 2256
f 2400 2413 2426
f 2413 2434 2426
f 2434 2358 2426
f 2277 2345 2426
f 2426 2358 2277
f 2125 2049 2083
f 2324 2049 2125
f 2125 2083 2227
f 2439 2303 2125
f 2125 2303 2324
f 2028 2049 2324
f 2146 2188 2133
f 2091 1955 2146
f 2154 2133 2379
f 2379 2298 2154
f 2154 2298 2243
f 2185 2329 2384
f 2439 2125 2384
f 2384 2227 2185
f 2384 2125 2227
f 2230 2052 2251
f 2052 2264 2251
f 2264 2120 2251
f 2018 2230 2251
f 2251 2120 2018
f 2340 2264 2052
f 2052 2175 2340
f 2340 2175 2366
f 2340 2366 2408
f 2578 2387 2544
f 2429 2387 2578
f 2654 2463 2578
f 2578 2463 2429
f 2675 2489 2557
f 2565 2489 2675
f 2675 2510 2565
f 2811 2879 2790
f 2790 2879 2832
f 2714 2701 2803
f 2714 2803 2811
f 2751 2743 2709
f 2709 2662 2751
f 2756 2743 2688
f 2557 2667 2688
f 2531 2557 2688
f 2688 2743 2531
f 2599 2502 2421
f 2421 2502 2434
f 2421 2591 2599
f 2400 2591 2421
f 2421 2413 2400
f 2421 2434 2413
f 2223 2024 2142
f 2223 2155 2024
f 2142 2011 2223
f 2011 1977 2223
f 1977 2176 2223
f 2312 2341 2286
f 2443 2506 2299
f 2574 2506 2443
f 2443 2383 2388
f 2299 2383 2443
f 2527 2561 2650
f 2650 2548 2527
f 2540 2561 2731
f 2637 2650 2540
f 2540 2650 2561
f 2438 2362 2129
f 2438 2472 2362
f 2519 2472 2438
f 2184 2294 2451
f 2129 2163 2451
f 2451 2163 2184
f 2451 2438 2129
f 2451 2294 2519
f 2519 2438 2451
f 2645 2781 2755
f 2645 2747 2781
f 2666 2747 2645
f 2768 2705 2658
f 2781 2747 2671
f 2671 2768 2781
f 2705 2768 2671
f 2671 2747 2569
f 2569 2705 2671
f 2679 2514 2425
f 2425 2548 2679
f 2679 2705 2569
f 2857 2768 2658
f 2781 2768 2857
f 2857 2721 2781
f 2857 2865 2721
f 2689 2697 2668
f 2697 2600 2668
f 2621 2765 2668
f 2668 2600 2621
f 2553 2600 2697
f 2485 2498 2663
f 2587 2485 2663
f 2663 2744 2587
f 2637 2540 2629
f 2977 2972 2985
f 2985 2972 2930
f 2985 2956 2977
f 2930 2956 2985
f 2875 2799 2841
f 2841 2883 2875
f 2917 2883 2841
f 2739 2718 2862
f 2869 2848 2835
f 2835 2911 2869
f 2835 2848 2945
f 2945 2903 2835
f 2835 2903 2932
f 2932 2911 2835
f 2869 2911 2882
f 2895 2869 2882
f 2882 2827 2895
f 2882 2911 2738
f 2738 2827 2882
f 2244 2312 2396
f 2396 2375 2244
f 2422 2380 2291
f 2160 2291 2236
f 2236 2291 2380
f 2236 2380 2270
f 2270 2346 2236
f 2346 2168 2236
f 2647 2566 2511
f 2414 2380 2422
f 2270 2380 2414
f 2414 2566 2270
f 2338 2524 2406
f 2503 2524 2592
f 2503 2406 2524
f 2545 2406 2503
f 2503 2592 2613
f 2613 2681 2503
f 2503 2681 2647
f 2647 2511 2503
f 2987 2982 2961
f 2961 2982 2977
f 2977 2948 2961
f 2966 2903 2945
f 2945 2924 2966
f 2966 2890 2903
f 2796 2817 2762
f 2715 2817 2796
f 2796 2770 2715
f 2877 2890 2953
f 2953 2919 2877
f 2953 2948 2885
f 2885 2906 2953
f 2906 2919 2953
f 2812 2728 2723
f 2723 2728 2901
f 2723 2901 2846
f 2723 2846 2820
f 2820 2812 2723
f 2825 2728 2736
f 2736 2579 2825
f 2825 2579 2804
f 2804 2770 2825
f 2770 2796 2825
f 2762 2728 2825
f 2825 2796 2762
f 2901 2791 2859
f 2762 2817 2893
f 2872 2927 2893
f 2927 2859 2893
f 2893 2817 2838
f 2838 2872 2893
f 2880 2935 2833
f 2846 2901 2880
f 2539 2497 2395
f 2497 2518 2395
f 2395 2518 2416
f 2416 2463 2395
f 2395 2463 2539
f 2505 2458 2403
f 2505 2361 2458
f 2505 2374 2361
f 2772 2696 2586
f 2586 2696 2628
f 2497 2628 2552
f 2628 2696 2552
f 2547 2497 2552
f 2552 2696 2683
f 2552 2560 2547
f 2683 2594 2552
f 2594 2560 2552
f 1835 1738 1890
f 1835 1767 1738
f 1890 2047 1835
f 1479 1505 1539
f 1403 1505 1479
f 1539 1594 1479
f 1479 1594 1403
f 2581 2670 2814
f 2814 2725 2738
f 2670 2725 2814
f 2738 2856 2814
f 2636 2759 2657
f 2657 2759 2788
f 2657 2691 2636
f 2657 2555 2691
f 2707 2610 2678
f 2610 2555 2678
f 2678 2563 2707
f 2644 2563 2678
f 2741 2644 2678
f 2678 2555 2741
f 2547 2560 2607
f 2513 2607 2560
f 2513 2424 2369
f 2369 2458 2513
f 2513 2458 2547
f 2547 2607 2513
f 2573 2615 2424
f 2424 2513 2573
f 2573 2594 2683
f 2683 2615 2573
f 2573 2560 2594
f 2573 2513 2560
f 2581 2602 2623
f 2602 2615 2623
f 2623 2649 2581
f 2623 2615 2649
f 2390 2356 2212
f 2199 2390 2212
f 2212 2432 2364
f 2212 2356 2432
f 2212 2063 2097
f 2309 2089 2165
f 2165 2194 2309
f 2165 2322 2194
f 2288 2322 2165
f 2364 2288 2186
f 2186 2089 2296
f 2288 2165 2186
f 2186 2165 2089
f 2296 2254 1974
f 1974 2063 2296
f 1919 2131 1974
f 2131 2063 1974
f 2105 2317 2076
f 2228 2317 2105
f 2516 2495 2597
f 2597 2550 2516
f 2495 2571 2597
f 2597 2571 2508
f 2508 2550 2597
f 2508 2500 2631
f 2631 2550 2508
f 2749 2550 2631
f 2584 2605 2639
f 2639 2626 2584
f 2584 2626 2592
f 2584 2482 2605
f 2283 2385 2359
f 2359 2385 2427
f 2592 2524 2469
f 2469 2584 2592
f 2482 2584 2469
f 2427 2482 2469
f 2469 2359 2427
f 2715 2660 2686
f 2686 2694 2715
f 2686 2550 2749
f 2660 2550 2686
f 2652 2686 2749
f 2694 2686 2652
f 2343 2419 2461
f 2461 2322 2343
f 2225 2178 2199
f 1869 2055 2225
f 2055 2013 2225
f 2225 2013 2060
f 2060 2178 2225
f 2123 2390 2199
f 2199 2178 2123
f 2335 2390 2123
f 2123 2301 2335
f 1856 1911 1932
f 1932 2131 1856
f 2021 2131 1932
f 1788 1555 1492
f 1733 1678 1746
f 1856 1733 1746
f 1746 1911 1856
f 1746 1788 1911
f 1555 1788 1746
f 583 460 384
f 384 646 583
f 570 460 583
f 583 769 816
f 583 646 769
f 1227 1214 1235
f 1345 1413 1180
f 1345 1248 1413
f 1345 1235 1248
f 1117 1214 1269
f 1269 1371 1117
f 1371 1248 1117
f 1117 1235 1214
f 1248 1235 1117
f 1227 1235 1015
f 816 769 706
f 706 879 816
f 1193 1104 1062
f 871 1062 1083
f 1083 1062 1104
f 1227 1015 1083
f 1036 1214 1227
f 1227 1083 1036
f 1036 1083 1104
f 1193 1214 1036
f 1036 1104 1193
f 1028 1070 876
f 1028 876 1143
f 1143 1219 1028
f 1316 1070 1028
f 876 918 1007
f 918 782 1007
f 1007 808 876
f 782 808 1007
f 685 850 926
f 926 850 774
f 926 871 685
f 829 973 986
f 897 677 829
f 677 973 829
f 986 876 931
f 876 808 931
f 931 829 986
f 897 829 931
f 1350 1473 1384
f 1384 1447 1350
f 1439 1528 1269
f 1269 1261 1439
f 1303 1528 1439
f 1536 1303 1439
f 1439 1473 1536
f 1439 1261 1138
f 1109 1219 1172
f 1172 1431 1109
f 1109 1431 1342
f 2151 2172 2397
f 2308 2172 2151
f 2405 2363 2452
f 2452 2397 2405
f 2397 2172 2405
f 1986 2287 2054
f 1986 1897 2067
f 2054 1897 1986
f 2067 2130 1986
f 2130 2287 1986
f 2363 2405 2321
f 2321 2405 2172
f 2295 2287 2143
f 2054 2287 2295
f 2295 2164 2054
f 2138 2007 2109
f 1876 1897 1965
f 1965 1821 1876
f 1973 1821 1965
f 1965 1960 1973
f 1965 2020 1960
f 2109 2020 1965
f 1965 2096 2109
f 2062 1897 2054
f 2062 2054 2308
f 2062 1965 1897
f 2096 1965 2062
f 2308 2109 2062
f 2109 2096 2062
f 1711 1745 1931
f 1745 1855 1931
f 1308 1211 1300
f 1507 1211 1308
f 1308 1164 1507
f 1363 1643 1630
f 1643 1499 1630
f 1800 1855 1753
f 1711 1931 1800
f 1800 1931 1855
f 1944 1889 1711
f 1944 1779 1889
f 1295 1206 1054
f 1397 1185 1295
f 1295 1253 1397
f 1185 1274 1295
f 1295 1274 1206
f 1226 1192 988
f 959 1226 988
f 1171 1226 959
f 1585 1852 1784
f 1920 1852 1585
f 1585 1797 1920
f 1585 1865 1797
f 1386 1365 1433
f 1530 1611 1556
f 1530 1488 1433
f 1286 1095 1116
f 1116 1163 1286
f 1095 1163 1116
f 1218 1273 1425
f 1404 1273 1218
f 1446 1404 1218
f 1074 1273 1150
f 1150 1158 1074
f 1150 1294 1158
f 1150 1273 1328
f 1150 1328 1124
f 1124 1294 1150
f 1103 1349 1234
f 1388 1087 1142
f 1388 1244 1087
f 1155 1244 1388
f 1315 1137 1061
f 1137 938 1061
f 1061 1239 1315
f 1231 1239 1061
f 1061 938 1040
f 1061 1184 1231
f 1040 1184 1061
f 1231 1184 1121
f 1108 1244 985
f 985 1244 1155
f 985 998 1108
f 1184 998 985
f 951 1040 1019
f 951 1184 1040
f 951 998 1184
f 1019 833 951
f 1108 998 1045
f 1045 998 1053
f 1053 998 922
f 922 752 1053
f 922 951 833
f 998 951 922
f 909 752 922
f 922 964 909
f 833 964 922
f 786 778 825
f 799 786 825
f 956 1053 778
f 778 786 956
f 956 1045 1053
f 2265 2095 2121
f 2121 2095 2197
f 2273 2184 2040
f 2273 2095 2184
f 2040 2197 2273
f 2197 2095 2273
f 1341 1239 1260
f 1260 1417 1341
f 1561 1451 1362
f 1485 1705 1629
f 1535 1501 1637
f 1637 1734 1535
f 1747 1844 1645
f 1624 1658 1679
f 1679 1514 1624
f 1624 1514 1446
f 1493 1760 1506
f 1493 1370 1396
f 1425 1370 1493
f 1493 1218 1425
f 1506 1624 1493
f 1446 1218 1493
f 1493 1624 1446
f 1768 1802 1844
f 1844 1747 1768
f 1844 1802 1823
f 1645 1844 1823
f 1823 1802 1721
f 1831 1742 1823
f 1823 1933 1831
f 1721 1933 1823
f 1459 1645 1823
f 1823 1742 1459
f 2061 2268 2281
f 2239 2268 2061
f 2158 2239 2061
f 1959 2035 2027
f 2027 2035 2281
f 2027 1912 1959
f 2234 2103 2027
f 1865 1611 1632
f 1632 1742 1865
f 1632 1611 1323
f 1577 1742 1632
f 1632 1357 1577
f 1323 1344 1632
f 1632 1344 1357
f 423 266 300
f 478 444 300
f 300 444 423
f 300 381 478
f 300 266 381
f 224 258 211
f 190 258 224
f 237 211 326
f 237 203 211
f 326 266 237
f 237 266 423
f 423 203 237
f 541 622 635
f 635 601 541
f 541 609 622
f 719 609 541
f 541 601 575
f 334 559 381
f 334 381 394
f 394 402 334
f 334 517 525
f 402 517 334
f 614 559 512
f 512 792 614
f 512 334 525
f 559 334 512
f 525 491 512
f 512 627 792
f 512 491 627
f 533 546 444
f 614 499 533
f 533 368 614
f 533 444 368
f 1525 1389 1381
f 1381 1334 1525
f 1381 1389 1321
f 1321 1203 1381
f 1203 1190 1381
f 1114 1334 1237
f 1237 1190 1114
f 1334 1381 1237
f 1237 1381 1190
f 1216 1101 1046
f 1046 1101 1114
f 1114 1190 1046
f 944 978 1245
f 1245 1177 944
f 1190 1177 1245
f 847 991 889
f 847 724 792
f 792 991 847
f 690 1041 842
f 766 1041 690
f 957 1067 1075
f 1075 1054 957
f 957 1054 884
f 957 884 787
f 787 1041 957
f 889 1033 965
f 965 1033 1067
f 1067 957 965
f 965 1041 889
f 965 957 1041
f 1266 1033 1177
f 1266 1203 1313
f 1266 1177 1203
f 1088 999 1020
f 1020 1096 1088
f 1143 999 1088
f 1088 1096 1143
f 795 698 910
f 910 664 795
f 753 664 910
f 321 452 329
f 431 494 439
f 329 452 355
f 355 452 465
f 347 203 423
f 185 227 143
f 164 198 329
f 216 318 140
f 140 169 216
f 169 208 216
f 904 739 650
f 739 713 650
f 548 603 535
f 535 522 548
f 548 522 509
f 509 370 548
f 548 370 603
f 925 645 946
f 946 789 925
f 988 1192 1048
f 1048 946 988
f 1048 789 946
f 747 645 590
f 645 925 590
f 1302 1289 1255
f 1255 1289 1420
f 1221 1022 1090
f 1433 1365 1496
f 1365 1352 1496
f 1496 1352 1611
f 1496 1530 1433
f 1611 1530 1496
f 818 653 708
f 771 653 818
f 818 805 771
f 771 716 695
f 737 779 627
f 737 551 758
f 758 703 737
f 627 496 737
f 737 496 551
f 737 894 745
f 745 779 737
f 737 839 894
f 737 703 839
f 682 572 449
f 449 470 682
f 682 470 572
f 606 640 758
f 606 470 449
f 415 305 352
f 415 360 305
f 402 360 339
f 339 517 402
f 572 470 580
f 580 496 572
f 551 496 580
f 750 763 899
f 954 941 899
f 501 475 687
f 234 263 166
f 263 276 166
f 166 276 195
f 195 64 166
f 166 64 153
f 153 111 166
f 200 234 166
f 166 111 200
f 229 276 263
f 378 250 357
f 742 653 771
f 771 695 742
f 619 763 750
f 619 750 708
f 708 632 619
f 619 632 666
f 543 483 632
f 543 632 653
f 653 742 543
f 666 632 433
f 632 483 433
f 433 483 441
f 187 213 302
f 302 213 336
f 302 467 310
f 161 156 101
f 101 156 114
f 101 127 161
f 114 127 101
f 114 156 122
f 135 80 122
f 122 80 114
f 104 227 185
f 62 109 83
f 227 109 62
f 318 284 271
f 271 284 292
f 271 174 318
f 292 174 271
f 20 4 46
f 46 4 38
f 85 208 169
f 169 182 85
f 85 182 98
f 85 119 208
f 85 98 77
f 77 64 85
f 85 64 119
f 161 127 93
f 127 182 93
f 93 169 161
f 93 182 169
f 1845 1756 1586
f 1586 1633 1845
f 1667 1633 1586
f 1544 1468 1667
f 1442 1612 1544
f 1510 1620 1468
f 1468 1544 1510
f 1510 1544 1612
f 1523 1620 1510
f 1442 1730 1387
f 1387 1476 1298
f 1298 1442 1387
f 1756 1709 1811
f 2023 1900 1913
f 1913 1947 2023
f 1926 1837 2112
f 1926 1947 1837
f 2023 1947 1926
f 1837 1947 1892
f 1892 1900 1871
f 1892 1913 1900
f 1947 1913 1892
f 1892 1871 1905
f 1905 1837 1892
f 2010 1858 2023
f 2044 1858 2010
f 2243 2298 2353
f 2353 2175 2243
f 2298 2366 2353
f 2366 2175 2353
f 1879 1942 1819
f 1942 1921 1819
f 1819 1709 1879
f 1819 1921 1832
f 1717 1615 1641
f 1717 1827 1615
f 1641 1518 1717
f 1518 1471 1717
f 1924 1971 1937
f 1971 2115 1937
f 1937 2115 2128
f 2128 2102 1937
f 1937 2102 2034
f 2034 2026 1937
f 1937 2026 1924
f 1958 2115 1971
f 1971 1874 1958
f 2128 2115 2217
f 2115 1958 2217
f 2081 2259 2217
f 1725 1628 1657
f 1657 1568 1725
f 1772 1628 1725
f 1725 1594 1772
f 1568 1594 1725
f 2238 2327 2141
f 2141 2259 2238
f 2327 2204 2141
f 2136 2259 2141
f 2141 2204 2136
f 2293 2306 2128
f 2136 2306 2293
f 2128 2217 2293
f 2484 2204 2327
f 1675 1366 1607
f 1366 1408 1607
f 1463 1484 1450
f 1450 1484 1437
f 1437 1285 1450
f 1149 1285 1437
f 1348 1484 1374
f 1374 1484 1560
f 1374 1560 1539
f 1539 1369 1374
f 1374 1369 1348
f 1649 1683 1785
f 1471 1683 1649
f 1785 1827 1649
f 1649 1717 1471
f 1827 1717 1649
f 1552 1683 1675
f 1751 1683 1552
f 1073 853 971
f 971 997 1073
f 1081 916 1073
f 1073 997 1081
f 1115 1204 1251
f 1251 1361 1115
f 1128 1204 1115
f 1115 1293 1128
f 1115 1361 1293
f 942 1065 1120
f 1120 1065 1010
f 1120 971 942
f 1120 1052 971
f 1141 1188 976
f 976 1010 1141
f 976 1120 1010
f 1052 1120 976
f 1086 1188 1196
f 1005 1052 1086
f 1086 976 1188
f 1052 976 1086
f 1285 1149 1086
f 1238 1005 1086
f 1086 1149 1238
f 337 290 303
f 201 290 337
f 261 201 337
f 1209 1277 1133
f 1031 1057 1133
f 1133 1277 1031
f 1154 1201 1256
f 1201 1159 1256
f 1256 1159 1358
f 1243 1332 1146
f 1146 1057 1243
f 1243 1057 1044
f 591 460 570
f 591 701 460
f 570 756 515
f 515 591 570
f 701 591 515
f 709 819 654
f 709 777 819
f 858 680 748
f 748 735 858
f 735 777 858
f 688 680 858
f 1290 1159 1489
f 1489 1159 1379
f 1489 1379 1565
f 1565 1523 1489
f 230 209 238
f 162 128 230
f 230 238 162
f 162 238 196
f 162 196 293
f 222 209 175
f 175 256 222
f 222 238 209
f 196 238 222
f 374 277 340
f 374 379 277
f 146 167 78
f 78 86 146
f 20 33 28
f 33 49 28
f 10 7 2
f 10 13 5
f 5 7 10
f 2021 1992 1877
f 1877 1992 1945
f 1877 2144 2021
f 1945 2144 1877
f 2241 2144 2199
f 2097 2144 2241
f 2199 2212 2241
f 2241 2212 2097
f 1581 1589 1665
f 1581 1322 1589
f 1665 1547 1581
f 1547 1466 1581
f 1581 1466 1267
f 1267 1322 1581
f 1267 1466 1246
f 1246 1466 1424
f 1246 1314 1259
f 1424 1314 1246
f 1212 1225 1458
f 1212 1322 1267
f 1267 1225 1212
f 1390 1191 1102
f 1390 1102 1335
f 1335 1225 1390
f 1390 1225 1267
f 1267 1246 1390
f 1259 1191 1390
f 1390 1246 1259
f 772 848 895
f 772 882 848
f 945 746 958
f 746 1068 958
f 958 937 945
f 958 1068 937
f 1026 1013 1123
f 1288 877 1026
f 1026 877 937
f 937 966 1026
f 1026 1047 1288
f 1123 1047 1026
f 1199 966 924
f 1259 1013 1199
f 1013 1026 1199
f 1199 1026 966
f 924 1191 1199
f 1199 1191 1259
f 1720 1576 1623
f 1623 1678 1720
f 1623 1746 1678
f 1555 1746 1623
f 581 382 390
f 390 369 348
f 602 492 471
f 471 539 602
f 471 492 615
f 615 539 471
f 733 885 788
f 733 741 631
f 788 741 733
f 186 301 309
f 309 296 186
f 309 343 398
f 398 296 309
f 623 636 526
f 623 526 767
f 814 720 623
f 890 822 856
f 856 822 877
f 856 911 890
f 856 877 1288
f 1288 911 856
f 1356 979 1364
f 1364 979 1280
f 1364 1432 1356
f 1280 1377 1364
f 1513 1424 1500
f 1500 1555 1513
f 1254 1424 1513
f 1513 1377 1254
f 1453 1296 1309
f 1555 1623 1453
f 1576 1296 1453
f 1453 1623 1576
f 2037 2071 2045
f 2037 2045 2278
f 2032 2037 2278
f 2278 2210 2032
f 1995 1783 1851
f 1851 1783 1796
f 1796 1966 1953
f 2110 2029 1987
f 1906 2084 2110
f 2110 1987 1906
f 1906 1987 2042
f 1516 1639 1660
f 1660 1618 1516
f 1770 1791 1940
f 1131 1186 1220
f 1131 1398 1186
f 1220 1165 1131
f 1309 1385 1131
f 1131 1165 1356
f 1356 1309 1131
f 1610 1754 1796
f 1610 1639 1516
f 1343 1398 1521
f 1521 1385 1330
f 1330 1618 1521
f 1398 1131 1521
f 1521 1131 1385
f 1414 1694 1762
f 1605 1846 1689
f 1579 1846 1647
f 1812 1579 1647
f 1647 1969 1812
f 1647 1859 1969
f 2215 2249 2393
f 2393 2338 2372
f 2393 2249 2338
f 2325 2249 2215
f 2202 2181 2215
f 2202 2393 2372
f 2215 2393 2202
f 2160 2181 2202
f 2202 2291 2160
f 2147 2181 2160
f 2147 2045 2071
f 2147 2071 1901
f 1901 1859 2126
f 2126 2147 1901
f 1995 1851 1961
f 1961 1906 2042
f 1953 1906 1961
f 1961 1851 1796
f 1796 1953 1961
f 1961 2118 1995
f 1961 2220 2118
f 2207 2317 2283
f 2076 2317 2207
f 2207 2220 2076
f 2118 2220 2207
f 1681 1846 1668
f 1443 1189 1252
f 1142 1087 1252
f 1252 1189 1142
f 1147 1210 1257
f 1210 1011 1257
f 1257 1011 1325
f 1325 1333 1257
f 1456 1333 1223
f 1325 1291 1223
f 1223 1333 1325
f 1807 1710 1744
f 1820 1676 1807
f 1676 1875 1807
f 1875 1710 1807
f 1663 1731 1702
f 1702 1854 1799
f 1799 1663 1702
f 1731 1778 1702
f 1702 1778 1592
f 1592 1723 1702
f 1702 1723 1854
f 1524 1422 1401
f 1456 1223 1401
f 1477 1498 1600
f 1498 1511 1600
f 1600 1354 1477
f 1600 1435 1354
f 1600 1511 1435
f 1409 1435 1608
f 1435 1490 1608
f 1435 1511 1430
f 1430 1490 1435
f 1430 1511 1757
f 1621 1833 1430
f 1430 1757 1621
f 1833 1642 1430
f 1430 1642 1655
f 1430 1655 1409
f 1409 1608 1430
f 1430 1608 1490
f 136 178 212
f 254 212 178
f 254 301 233
f 233 212 254
f 183 348 217
f 217 178 136
f 217 251 183
f 136 251 217
f 411 259 335
f 246 259 280
f 335 259 246
f 401 304 317
f 312 239 231
f 231 244 312
f 312 307 239
f 236 244 231
f 778 752 841
f 841 723 778
f 524 592 757
f 668 592 524
f 524 634 668
f 812 867 825
f 825 655 812
f 791 867 812
f 812 689 791
f 757 689 812
f 812 655 757
f 545 723 600
f 825 723 545
f 545 655 825
f 244 236 333
f 37 16 76
f 37 76 71
f 110 89 97
f 110 170 89
f 186 165 123
f 123 131 186
f 123 165 288
f 89 131 123
f 97 89 123
f 123 152 97
f 262 401 317
f 385 440 372
f 372 241 385
f 317 304 168
f 168 257 317
f 194 283 220
f 283 207 220
f 288 194 220
f 220 207 139
f 220 123 288
f 152 123 220
f 584 652 707
f 707 571 584
f 597 652 584
f 584 571 597
f 432 644 563
f 563 445 432
f 673 686 919
f 686 817 919
f 940 707 919
f 919 707 673
f 1118 1160 927
f 1160 1105 927
f 987 851 953
f 788 851 987
f 762 788 987
f 987 686 762
f 1084 1055 1220
f 932 1021 1118
f 1008 1021 1317
f 1241 1008 1317
f 788 885 796
f 796 885 754
f 796 851 788
f 754 851 796
f 830 754 974
f 830 851 754
f 830 974 953
f 953 851 830
f 809 1105 864
f 817 927 809
f 809 927 1105
f 961 906 1063
f 961 1092 1283
f 948 906 961
f 1063 1126 961
f 1126 1092 961
f 1105 1126 995
f 995 1126 859
f 864 1105 995
f 995 940 864
f 995 859 940
f 1113 1215 1181
f 1113 1181 948
f 948 969 1113
f 1283 1215 1113
f 1113 969 1283
f 1207 1092 1241
f 1236 1092 1207
f 1241 1427 1207
f 1338 1236 1207
f 1207 1427 1338
f 1042 1160 1008
f 1008 1092 1042
f 1042 1092 1126
f 1042 1105 1160
f 1042 1126 1105
f 783 893 702
f 702 592 783
f 702 736 592
f 485 459 514
f 574 692 459
f 459 485 574
f 574 485 519
f 574 519 553
f 553 836 574
f 836 692 574
f 391 247 514
f 273 247 391
f 391 404 425
f 514 446 391
f 446 404 391
f 425 404 472
f 226 281 286
f 176 286 218
f 218 286 281
f 38 4 43
f 4 35 43
f 43 30 38
f 124 111 153
f 153 56 124
f 124 56 69
f 179 213 260
f 137 179 260
f 260 158 137
f 184 210 252
f 252 286 176
f 40 66 87
f 79 66 45
f 121 210 184
f 184 66 121
f 231 239 121
f 239 252 121
f 121 252 210
f 340 353 298
f 463 353 340
f 683 607 573
f 387 353 429
f 429 476 387
f 615 319 497
f 450 683 573
f 387 476 450
f 476 683 450
f 641 738 573
f 573 607 641
f 780 759 725
f 725 539 780
f 827 670 594
f 662 738 594
f 738 641 594
f 785 806 955
f 955 840 785
f 955 806 832
f 832 840 955
f 915 996 983
f 983 1148 915
f 983 1195 1148
f 1085 996 1127
f 1127 1093 1085
f 1085 1093 996
f 962 941 1119
f 708 750 831
f 831 818 708
f 805 818 831
f 1004 805 831
f 928 907 949
f 1004 831 928
f 928 831 907
f 1119 1132 920
f 920 962 1119
f 1174 962 920
f 954 878 810
f 810 941 954
f 1886 1763 1975
f 1975 1763 1818
f 1975 1818 1852
f 1975 1941 1886
f 1975 1852 1941
f 1810 1653 1784
f 1687 1653 1810
f 1784 1818 1810
f 1810 1818 1687
f 1538 1640 1598
f 1640 1653 1598
f 1598 1805 1538
f 1687 1805 1598
f 1598 1653 1687
f 1250 1174 1106
f 1360 1462 1551
f 1331 1305 1517
f 1331 1517 1483
f 1483 1462 1331
f 1399 1305 1072
f 1072 1284 1399
f 1072 1250 1106
f 1399 1284 1297
f 1326 1258 1428
f 1428 1436 1326
f 1326 1436 1292
f 1326 1292 1347
f 1347 1271 1326
f 1551 1258 1263
f 1258 1326 1263
f 1263 1326 1271
f 1263 1360 1551
f 1373 1360 1263
f 1169 1347 1038
f 1169 1271 1347
f 1195 1271 1169
f 1038 1080 1169
f 1169 1080 1195
f 2101 2224 2177
f 2177 2088 2101
f 2075 2088 2177
f 2177 2279 2075
f 2198 2279 2177
f 2266 2224 2059
f 2101 1978 2059
f 2059 2224 2101
f 2245 2177 2224
f 2410 2520 2601
f 1978 1957 2156
f 1957 1949 2156
f 2017 1902 2169
f 2169 1902 1962
f 1962 1928 2169
f 1928 2080 2169
f 2339 2148 2292
f 2339 2080 2148
f 2292 2381 2339
f 2339 2381 2402
f 2402 2203 2339
f 2339 2203 2080
f 2853 2887 2832
f 2832 2929 2853
f 2837 2774 2727
f 2727 2740 2837
f 2727 2782 2740
f 2727 2824 2735
f 2727 2892 2824
f 2774 2892 2727
f 2727 2735 2748
f 2748 2782 2727
f 2894 2949 2902
f 2915 2949 2894
f 2998 2993 2995
f 2995 2992 2998
f 2997 2992 3000
f 2952 2960 2931
f 2910 2986 2931
f 2931 2986 2952
f 2931 2960 2939
f 2939 2944 2931
f 2931 2855 2910
f 2931 2944 2855
f 2821 2808 2795
f 2808 2787 2795
f 2753 2821 2795
f 2795 2842 2753
f 2795 2787 2842
f 2855 2944 2918
f 2918 2876 2855
f 2918 2944 2863
f 2918 2863 2850
f 2850 2876 2918
f 2933 2967 2975
f 2996 2983 2975
f 2975 2983 2933
f 2975 2967 2980
f 2975 2980 2988
f 2975 2991 2996
f 2999 2991 2975
f 2975 2988 2999
f 2970 2957 2978
f 2970 2983 2957
f 2978 2949 2970
f 2970 2949 2915
f 2915 2983 2970
f 2828 2946 2878
f 2930 2972 2938
f 2938 2972 2959
f 2959 2967 2938
f 2938 2967 2933
f 2792 2813 2716
f 2826 2813 2792
f 2792 2889 2826
f 2907 2805 2852
f 2852 2873 2907
f 2797 2873 2852
f 2797 2823 2899
f 2839 2776 2797
f 2797 2776 2823
f 2797 2784 2839
f 2797 2852 2784
f 2954 2886 2962
f 2962 2886 2915
f 2263 2331 2229
f 2195 2263 2229
f 2229 2305 2195
f 2229 2373 2305
f 2229 2394 2373
f 2488 2496 2517
f 2517 2496 2598
f 2598 2483 2517
f 2415 2483 2606
f 2394 2462 2415
f 2297 2166 2352
f 2352 2250 2297
f 2624 2611 2666
f 2687 2611 2624
f 2666 2645 2624
f 2755 2687 2624
f 2624 2645 2755
f 2674 2530 2700
f 2700 2530 2653
f 2700 2687 2674
f 2700 2611 2687
f 2700 2653 2632
f 2632 2611 2700
f 2776 2789 2831
f 2713 2823 2831
f 2823 2776 2831
f 2831 2721 2713
f 2755 2721 2831
f 2831 2687 2755
f 2831 2789 2687
f 2737 2682 2742
f 2742 2763 2737
f 2729 2682 2737
f 2737 2818 2729
f 2737 2763 2818
f 2690 2724 2758
f 2703 2661 2716
f 2716 2813 2703
f 2703 2813 2834
f 2703 2758 2661
f 2703 2834 2690
f 2690 2758 2703
f 2606 2585 2470
f 2585 2614 2470
f 2470 2415 2606
f 2766 2711 2635
f 2635 2669 2766
f 2690 2669 2635
f 2538 2724 2690
f 2690 2635 2538
f 2226 2472 2328
f 2362 2472 2226
f 2328 2349 2226
f 2417 2336 2247
f 2467 2501 2493
f 2145 2323 2391
f 2391 2281 2145
f 2391 2027 2281
f 2391 2255 2234
f 2234 2027 2391
f 2769 2892 2871
f 2769 2926 2913
f 2769 2871 2926
f 2913 2803 2769
f 2803 2824 2769
f 2824 2892 2769
f 2685 2643 2630
f 2630 2638 2685
f 2685 2638 2643
f 2588 2410 2478
f 2478 2541 2588
f 2622 2541 2478
f 2478 2601 2622
f 2410 2601 2478
f 2256 2269 2316
f 2316 2269 2460
f 2400 2256 2316
f 2316 2591 2400
f 2316 2460 2591
f 2290 2269 2439
f 2468 2269 2290
f 2290 2329 2468
f 2439 2384 2290
f 2290 2384 2329
f 2468 2494 2515
f 2515 2269 2468
f 2460 2269 2515
f 2570 2460 2515
f 2515 2494 2570
f 2672 2646 2549
f 2672 2549 2570
f 2570 2494 2672
f 2672 2494 2536
f 2536 2604 2672
f 2604 2646 2672
f 2214 2324 2193
f 2214 2028 2324
f 2049 2028 2180
f 2180 2117 2049
f 1994 1816 2180
f 1816 2117 2180
f 2180 1837 1994
f 2044 2010 1887
f 1887 2010 1955
f 2036 2146 2133
f 2091 2146 2036
f 2133 2154 2036
f 2036 2154 2091
f 2188 2146 2099
f 2099 2112 2193
f 2099 1926 2112
f 2235 2188 2099
f 2193 2324 2099
f 2099 2324 2235
f 2264 2340 2442
f 2416 2264 2442
f 2442 2463 2416
f 2531 2654 2620
f 2654 2578 2620
f 2633 2578 2544
f 2544 2510 2633
f 2510 2675 2633
f 2531 2620 2633
f 2633 2620 2578
f 2633 2557 2531
f 2633 2675 2557
f 2832 2777 2840
f 2840 2790 2832
f 2764 2790 2840
f 2777 2756 2840
f 2756 2764 2840
f 2730 2764 2756
f 2701 2714 2722
f 2722 2667 2625
f 2722 2625 2612
f 2612 2701 2722
f 2798 2790 2764
f 2811 2790 2798
f 2798 2714 2811
f 2785 2709 2743
f 2785 2756 2777
f 2785 2743 2756
f 2704 2725 2772
f 2793 2725 2704
f 2396 2312 2134
f 2312 2286 2134
f 2134 2286 2218
f 2155 2223 2134
f 2134 2176 2396
f 2134 2223 2176
f 2320 2383 2265
f 2320 2286 2341
f 2307 2383 2320
f 2320 2341 2307
f 2218 2286 2231
f 2265 2121 2231
f 2231 2320 2265
f 2286 2320 2231
f 2019 2218 2231
f 2197 2019 2231
f 2231 2121 2197
f 2477 2485 2574
f 2574 2443 2477
f 2477 2498 2485
f 2388 2498 2477
f 2477 2443 2388
f 2548 2650 2535
f 2535 2679 2548
f 2582 2501 2514
f 2514 2679 2582
f 2582 2679 2569
f 2582 2493 2501
f 2569 2467 2582
f 2467 2493 2582
f 2752 2765 2689
f 2689 2668 2752
f 2752 2668 2765
f 2634 2553 2490
f 2600 2553 2634
f 2490 2676 2634
f 2676 2600 2634
f 2655 2663 2498
f 2655 2553 2697
f 2655 2608 2490
f 2490 2553 2655
f 2697 2744 2655
f 2744 2663 2655
f 2904 2946 2828
f 2828 2802 2904
f 2946 2904 2951
f 2951 2904 2815
f 2951 2883 2917
f 2951 2917 2930
f 2930 2938 2951
f 2951 2938 2946
f 2807 2799 2867
f 2807 2841 2799
f 2807 2867 2833
f 2964 2917 2909
f 2917 2841 2909
f 2833 2964 2909
f 2909 2807 2833
f 2841 2807 2909
f 2731 2718 2773
f 2718 2739 2773
f 2692 2726 2616
f 2333 2464 2375
f 2333 2176 2346
f 2375 2176 2333
f 2532 2464 2333
f 2333 2346 2270
f 2270 2532 2333
f 2435 2464 2532
f 2532 2676 2435
f 2435 2676 2490
f 2490 2608 2435
f 2464 2435 2430
f 2312 2244 2409
f 2307 2341 2409
f 2409 2341 2312
f 2388 2307 2409
f 2409 2430 2388
f 2545 2503 2558
f 2456 2511 2566
f 2566 2414 2456
f 2456 2414 2422
f 2537 2503 2511
f 2537 2456 2422
f 2511 2456 2537
f 2537 2558 2503
f 2971 2966 2924
f 2890 2966 2974
f 2974 2953 2890
f 2974 2971 2987
f 2966 2971 2974
f 2987 2961 2974
f 2974 2961 2948
f 2948 2953 2974
f 2969 2935 2922
f 2922 2927 2969
f 2922 2859 2927
f 2851 2791 2762
f 2762 2893 2851
f 2851 2859 2791
f 2851 2893 2859
f 2888 2880 2833
f 2846 2880 2888
f 2833 2867 2888
f 2888 2867 2846
f 2662 2709 2717
f 2772 2586 2717
f 2717 2704 2772
f 2709 2704 2717
f 2641 2628 2654
f 2641 2586 2628
f 2654 2662 2641
f 2662 2717 2641
f 2641 2717 2586
f 1780 2047 2055
f 1780 1835 2047
f 1767 1835 1780
f 1780 2055 1869
f 1869 1848 1780
f 1848 1767 1780
f 2581 2814 2712
f 2712 2759 2581
f 2712 2699 2759
f 2712 2814 2856
f 2712 2856 2733
f 2733 2699 2712
f 2555 2657 2801
f 2741 2555 2801
f 2801 2830 2741
f 2775 2830 2801
f 2801 2809 2775
f 2296 2063 2267
f 2267 2186 2296
f 2364 2186 2267
f 2267 2212 2364
f 2063 2212 2267
f 2000 1974 2254
f 2110 2084 2000
f 2000 2254 2110
f 2000 2084 1919
f 1919 1974 2000
f 2228 2105 2008
f 2076 2220 2008
f 2008 2105 2076
f 2749 2631 2618
f 2618 2652 2749
f 2618 2754 2694
f 2694 2652 2618
f 2576 2665 2673
f 2673 2754 2576
f 2500 2665 2576
f 2576 2631 2500
f 2754 2618 2576
f 2576 2618 2631
f 2330 2487 2419
f 2330 2398 2487
f 2419 2343 2330
f 2330 2322 2275
f 2330 2343 2322
f 2432 2398 2262
f 2275 2288 2262
f 2262 2288 2432
f 2262 2330 2275
f 2398 2330 2262
f 2487 2398 2542
f 2610 2487 2542
f 2479 2521 2542
f 2542 2521 2610
f 2199 1945 1979
f 1979 2225 2199
f 1869 2225 1979
f 1979 1992 1869
f 1945 1992 1979
f 2157 2123 2178
f 2157 2060 2170
f 2157 2178 2060
f 2170 2301 2157
f 2301 2123 2157
f 1911 1788 1644
f 816 879 672
f 570 583 803
f 803 756 570
f 803 625 756
f 803 672 625
f 803 583 816
f 816 672 803
f 1078 939 994
f 994 989 1078
f 994 1083 1015
f 939 1083 994
f 1180 989 994
f 994 1345 1180
f 1235 1345 994
f 994 1015 1235
f 879 706 947
f 947 913 879
f 947 939 1078
f 1078 913 947
f 892 1062 871
f 871 926 892
f 892 926 782
f 892 918 960
f 892 782 918
f 871 1083 905
f 905 1083 939
f 939 947 905
f 905 947 706
f 952 931 808
f 952 926 774
f 952 774 897
f 897 931 952
f 952 808 782
f 782 926 952
f 1240 1384 1473
f 1473 1439 1240
f 1447 1384 1240
f 1138 1447 1240
f 1240 1439 1138
f 1219 1109 1282
f 1316 1028 1282
f 1282 1028 1219
f 1282 1342 1316
f 1282 1109 1342
f 2350 2151 2397
f 2350 2274 2185
f 2350 2397 2274
f 2185 2227 2350
f 2350 2138 2253
f 2308 2151 2282
f 2282 2109 2308
f 2151 2350 2282
f 2240 2172 2308
f 2240 2321 2172
f 2308 2164 2240
f 2164 2321 2240
f 2164 2295 2206
f 2363 2321 2206
f 2206 2321 2164
f 2206 2295 2143
f 2206 2143 2219
f 2219 2363 2206
f 2007 2138 2248
f 2227 1952 2248
f 2248 2350 2227
f 2138 2350 2248
f 2248 1952 1981
f 1981 2007 2248
f 1232 1308 1300
f 1232 1300 1075
f 1075 1067 1232
f 1033 1266 1224
f 1224 1266 1313
f 1313 1410 1224
f 1410 1164 1224
f 1397 1452 1554
f 1554 1452 1211
f 1554 1211 1507
f 1554 1507 1363
f 1363 1630 1554
f 1533 1706 1685
f 1685 1499 1533
f 1685 1630 1499
f 1706 1541 1685
f 1559 1703 1698
f 1698 1753 1512
f 1698 1512 1321
f 1122 1355 1253
f 1253 1295 1122
f 1122 1295 1054
f 1300 1355 1122
f 1122 1054 1075
f 1075 1300 1122
f 1103 1171 1027
f 1433 1488 1619
f 1708 1640 1619
f 1619 1488 1708
f 1145 1276 1242
f 1242 1386 1145
f 1729 1530 1556
f 1556 1865 1729
f 1865 1585 1729
f 1784 1708 1509
f 1708 1488 1509
f 1488 1530 1509
f 1509 1585 1784
f 1789 1585 1509
f 1103 1234 1378
f 1378 1171 1103
f 1302 1226 1378
f 1378 1226 1171
f 1200 1391 1336
f 1129 1121 1184
f 1184 985 1129
f 1155 1121 1129
f 1129 985 1155
f 977 786 990
f 786 799 990
f 825 867 854
f 854 799 825
f 1024 1032 1202
f 1202 1011 1024
f 1325 1011 1202
f 1202 1071 1325
f 1202 1058 1071
f 875 786 977
f 875 956 786
f 1045 956 875
f 1231 1121 1176
f 1176 1239 1231
f 1176 1260 1239
f 1307 1362 1375
f 1375 1362 1388
f 1375 1388 1142
f 1375 1464 1566
f 1142 1189 1375
f 1375 1189 1464
f 1566 1485 1375
f 1375 1485 1307
f 1205 1362 1451
f 1451 1176 1205
f 1205 1176 1121
f 1485 1629 1540
f 1540 1629 1561
f 1540 1383 1485
f 1561 1362 1540
f 1307 1383 1540
f 1540 1362 1307
f 1553 1629 1705
f 1595 1629 1553
f 1553 1705 1582
f 1553 1582 1616
f 1616 1595 1553
f 1519 1595 1616
f 1519 1629 1595
f 1616 1396 1519
f 1396 1527 1519
f 1527 1561 1519
f 1561 1629 1519
f 1569 1535 1734
f 1645 1666 1569
f 1569 1666 1472
f 1569 1747 1645
f 1734 1747 1569
f 1739 1658 1603
f 1658 1692 1603
f 1603 1883 1739
f 1506 1760 1671
f 1671 1692 1506
f 1760 1883 1671
f 1883 1603 1671
f 1671 1603 1692
f 1726 1624 1506
f 1658 1624 1726
f 1506 1692 1726
f 1726 1692 1658
f 1760 1493 1438
f 1616 1574 1438
f 1574 1760 1438
f 1438 1396 1616
f 1438 1493 1396
f 1954 1802 1899
f 1802 1768 1899
f 1857 2022 1899
f 1899 1713 1857
f 1899 1768 1713
f 1899 2077 1954
f 1899 2022 2077
f 1781 1768 1747
f 1781 1734 1637
f 1781 1747 1734
f 1637 1713 1781
f 1713 1768 1781
f 2281 2069 2171
f 2171 2061 2281
f 2171 2069 2158
f 2158 2061 2171
f 2137 2014 1912
f 1912 2027 2137
f 1967 2014 2137
f 2137 2103 1967
f 2137 2027 2103
f 203 347 279
f 575 711 656
f 656 541 575
f 656 711 719
f 719 541 656
f 635 546 436
f 546 533 436
f 436 499 635
f 436 533 499
f 1156 1046 1190
f 1190 1245 1156
f 1156 1245 978
f 1156 978 923
f 923 1182 1156
f 1156 1182 1012
f 1156 1012 1216
f 1216 1046 1156
f 792 724 834
f 698 800 855
f 855 910 698
f 855 800 787
f 855 787 753
f 753 910 855
f 253 347 423
f 329 198 245
f 245 321 329
f 347 253 245
f 308 494 418
f 308 439 494
f 308 418 371
f 371 350 308
f 486 355 465
f 295 355 486
f 486 439 295
f 431 439 486
f 486 473 431
f 465 473 486
f 274 164 329
f 329 355 274
f 274 355 295
f 318 216 297
f 208 276 297
f 297 216 208
f 242 318 297
f 637 671 904
f 904 650 637
f 836 671 637
f 637 692 836
f 768 925 776
f 768 590 925
f 721 522 747
f 747 590 721
f 797 1001 878
f 789 1048 891
f 1111 1226 1302
f 1302 1255 1111
f 1192 1226 1111
f 1187 1352 1365
f 1344 1352 1187
f 1420 1344 1187
f 449 648 661
f 661 648 585
f 585 695 661
f 661 606 449
f 640 606 661
f 661 716 640
f 661 695 716
f 428 339 360
f 428 593 572
f 504 593 428
f 572 517 428
f 517 339 428
f 470 606 538
f 538 580 470
f 551 580 538
f 758 551 538
f 538 606 758
f 954 899 865
f 865 899 763
f 949 907 852
f 750 899 852
f 852 831 750
f 907 831 852
f 564 611 763
f 666 501 564
f 501 687 556
f 556 564 501
f 611 564 556
f 556 687 577
f 331 229 263
f 331 250 242
f 263 250 331
f 441 250 386
f 250 378 386
f 386 433 441
f 378 433 386
f 585 483 598
f 483 543 598
f 598 543 742
f 598 695 585
f 598 742 695
f 365 475 666
f 666 433 365
f 365 323 475
f 365 433 378
f 336 315 488
f 488 302 336
f 467 302 488
f 488 315 438
f 438 493 488
f 488 493 370
f 370 467 488
f 268 302 310
f 268 344 187
f 187 302 268
f 454 467 370
f 454 370 509
f 509 577 454
f 577 687 454
f 454 687 475
f 475 323 454
f 399 378 357
f 357 323 399
f 399 365 378
f 323 365 399
f 151 109 227
f 227 104 151
f 96 109 151
f 151 75 96
f 117 75 151
f 172 269 261
f 177 143 227
f 227 62 177
f 130 177 62
f 130 67 135
f 135 177 130
f 130 83 96
f 130 62 83
f 59 46 38
f 72 46 59
f 38 30 59
f 59 30 72
f 12 46 72
f 20 46 12
f 12 88 20
f 67 88 12
f 106 67 25
f 67 12 25
f 25 12 72
f 1591 1510 1612
f 1591 1332 1290
f 1591 1612 1332
f 1290 1489 1591
f 1523 1510 1591
f 1591 1489 1523
f 1578 1387 1730
f 1476 1387 1578
f 1730 1811 1578
f 1722 1586 1756
f 1756 1811 1722
f 1853 1963 1806
f 1806 1963 1654
f 1806 1832 1853
f 1806 1811 1709
f 1806 1819 1832
f 1709 1819 1806
f 2167 2146 1955
f 2167 2099 2146
f 1926 2099 2167
f 2107 1874 1840
f 2107 1958 1874
f 2107 1840 2039
f 2039 2081 2107
f 2081 2217 2107
f 2107 2217 1958
f 2272 2259 2136
f 2272 2217 2259
f 2136 2293 2272
f 2272 2293 2217
f 2204 2484 2492
f 2403 2458 2492
f 2458 2204 2492
f 2327 2374 2437
f 2437 2484 2327
f 2374 2505 2437
f 2437 2505 2403
f 2403 2492 2437
f 2437 2492 2484
f 1382 1463 1429
f 1463 1450 1429
f 1429 1416 1382
f 1327 1149 1437
f 1531 1607 1408
f 1654 1751 1531
f 751 853 908
f 853 1073 908
f 908 827 751
f 895 827 908
f 1306 1086 1196
f 1285 1086 1306
f 1196 1353 1306
f 1353 1285 1306
f 311 337 303
f 167 337 311
f 256 167 311
f 303 366 311
f 311 379 256
f 311 366 379
f 261 337 180
f 180 337 167
f 167 146 180
f 654 544 502
f 544 523 502
f 502 709 654
f 413 426 557
f 1146 1209 1091
f 1209 1133 1091
f 1091 1057 1146
f 1091 1133 1057
f 1002 968 1099
f 1099 981 1002
f 1078 968 1002
f 1002 913 1078
f 1112 1256 1358
f 1112 1358 1332
f 1332 1243 1112
f 1154 1256 1112
f 1112 1125 1154
f 1044 1125 1112
f 1112 1243 1044
f 638 515 756
f 701 515 638
f 688 659 638
f 659 701 638
f 777 709 565
f 688 858 565
f 565 858 777
f 230 128 149
f 149 128 251
f 272 162 306
f 128 162 272
f 306 251 272
f 251 128 272
f 379 374 264
f 264 374 340
f 133 86 78
f 133 120 86
f 36 2 15
f 36 10 2
f 91 146 86
f 91 120 125
f 86 120 91
f 15 7 54
f 54 49 15
f 54 28 49
f 54 7 20
f 20 28 54
f 1322 1212 1526
f 1526 1534 1670
f 1458 1534 1526
f 1526 1212 1458
f 1589 1322 1526
f 1670 1636 1526
f 1636 1589 1526
f 882 772 874
f 280 178 204
f 204 246 280
f 369 246 204
f 178 217 204
f 348 369 204
f 204 217 348
f 403 526 581
f 602 539 403
f 403 539 526
f 314 390 382
f 369 390 314
f 314 246 369
f 416 319 492
f 581 390 416
f 361 390 348
f 319 416 361
f 361 416 390
f 348 306 361
f 361 162 293
f 306 162 361
f 395 353 387
f 387 327 395
f 395 298 353
f 395 327 293
f 293 196 395
f 196 298 395
f 678 657 775
f 678 733 657
f 775 885 678
f 885 733 678
f 555 733 631
f 657 733 555
f 631 644 555
f 644 657 555
f 665 657 691
f 691 720 665
f 479 636 610
f 636 623 610
f 424 500 610
f 814 843 712
f 712 720 814
f 712 843 869
f 343 309 322
f 322 309 301
f 322 411 343
f 699 623 767
f 814 623 699
f 767 843 699
f 699 843 814
f 1178 1513 1555
f 1555 1453 1178
f 1377 1513 1178
f 2079 2147 2160
f 2045 2147 2079
f 2079 2278 2045
f 1741 1966 1822
f 1741 1775 1966
f 1733 1775 1741
f 1822 1678 1741
f 1741 1678 1733
f 2084 1906 1843
f 1966 1775 1843
f 1856 2084 1843
f 1372 1343 1474
f 1474 1351 1372
f 1474 1440 1351
f 1626 1550 1563
f 1563 1639 1626
f 1927 1817 1639
f 1927 1715 1817
f 1817 1715 2003
f 2092 1940 2003
f 2003 1940 1817
f 2003 2139 2092
f 1584 1940 1791
f 1584 1762 1694
f 1791 1762 1584
f 1584 1694 1626
f 1872 1809 1838
f 1838 1927 1872
f 1715 1927 1838
f 1838 1783 1995
f 1838 1809 1783
f 1495 1754 1686
f 1754 1610 1686
f 1516 1495 1686
f 1686 1610 1516
f 1652 1610 1796
f 1796 1783 1652
f 1783 1809 1652
f 1652 1809 1872
f 1639 1610 1652
f 1872 1927 1652
f 1652 1927 1639
f 1529 1469 1414
f 1414 1762 1529
f 1668 1846 1537
f 1846 1605 1537
f 1537 1469 1668
f 1571 1461 1503
f 1503 1469 1571
f 1359 1461 1571
f 1469 1537 1571
f 1571 1537 1605
f 1689 1359 1571
f 1571 1605 1689
f 2338 2249 2351
f 2249 2325 2351
f 2351 2524 2338
f 2351 2469 2524
f 2359 2469 2351
f 2283 2359 2351
f 2351 2325 2283
f 2215 2181 2257
f 2257 2050 2215
f 2181 2147 2257
f 2092 2139 2113
f 2139 2050 2113
f 2050 2257 2113
f 2147 2126 2113
f 2113 2257 2147
f 2283 2325 2152
f 2152 2207 2283
f 2152 2325 2215
f 2215 2050 2152
f 2152 2050 2139
f 1982 1681 1791
f 1278 1443 1346
f 1443 1252 1346
f 1346 1252 1197
f 1346 1197 1024
f 1024 1210 1346
f 1346 1147 1278
f 1346 1210 1147
f 1147 1257 1312
f 1312 1257 1333
f 1312 1456 1147
f 1312 1333 1456
f 1744 1828 1964
f 1964 1807 1744
f 1964 1828 1786
f 1786 1820 1964
f 1820 1807 1964
f 1524 1401 1532
f 1532 1401 1223
f 1532 1223 1291
f 1532 1291 1393
f 1393 1524 1532
f 1613 1498 1477
f 1477 1456 1613
f 1613 1757 1498
f 225 212 233
f 136 212 225
f 233 170 225
f 225 157 136
f 225 170 157
f 335 343 377
f 377 411 335
f 343 411 377
f 21 76 29
f 3 8 29
f 29 8 13
f 29 16 3
f 29 76 16
f 26 42 21
f 21 29 26
f 13 10 18
f 68 42 81
f 81 157 68
f 147 207 173
f 139 207 147
f 100 79 45
f 100 50 37
f 278 401 414
f 414 511 278
f 304 401 380
f 401 278 380
f 731 752 909
f 731 841 752
f 634 524 503
f 655 545 558
f 367 236 270
f 367 333 236
f 84 76 21
f 21 42 84
f 118 71 84
f 84 71 76
f 84 42 97
f 97 152 84
f 139 71 63
f 63 71 118
f 63 220 139
f 152 220 63
f 68 170 102
f 170 110 102
f 393 262 325
f 401 262 393
f 325 359 393
f 359 448 393
f 414 401 393
f 393 448 414
f 317 241 427
f 241 372 427
f 427 262 317
f 534 382 581
f 534 437 382
f 534 581 479
f 479 610 534
f 500 437 534
f 534 610 500
f 568 500 424
f 335 500 568
f 424 691 487
f 487 691 657
f 487 568 424
f 487 657 644
f 644 432 487
f 898 817 686
f 686 987 898
f 898 987 1118
f 1118 927 898
f 898 927 817
f 1351 1440 1406
f 1406 1427 1351
f 1406 1440 1414
f 1414 1338 1406
f 1338 1427 1406
f 1139 932 1118
f 1139 987 953
f 1118 987 1139
f 1351 1427 1194
f 1194 1317 1351
f 1194 1427 1241
f 1241 1317 1194
f 1021 1084 1152
f 1152 1317 1021
f 1152 1275 1351
f 1351 1317 1152
f 838 919 817
f 817 809 838
f 1050 969 948
f 948 961 1050
f 1283 969 1050
f 1050 961 1283
f 715 736 914
f 736 702 914
f 914 893 715
f 914 702 893
f 514 226 383
f 383 485 514
f 519 485 383
f 443 519 383
f 726 713 616
f 616 781 726
f 438 273 349
f 349 472 438
f 273 391 349
f 349 391 425
f 425 472 349
f 438 472 569
f 569 472 404
f 569 493 438
f 535 493 569
f 569 404 446
f 561 535 569
f 569 446 561
f 226 286 294
f 197 150 163
f 163 218 197
f 197 218 281
f 137 150 197
f 328 137 197
f 197 281 328
f 77 30 22
f 30 43 22
f 22 56 77
f 24 11 3
f 3 50 24
f 24 100 45
f 50 100 24
f 27 11 14
f 14 35 27
f 14 43 35
f 158 260 145
f 145 132 111
f 255 132 145
f 145 213 255
f 145 260 213
f 184 252 192
f 163 150 192
f 192 218 163
f 176 218 192
f 192 252 176
f 184 192 108
f 142 66 184
f 142 87 66
f 184 108 142
f 155 223 181
f 66 79 189
f 189 121 66
f 231 121 189
f 189 181 231
f 189 155 181
f 79 155 189
f 696 607 675
f 607 683 675
f 675 531 620
f 620 696 675
f 675 476 531
f 675 683 476
f 353 463 421
f 421 429 353
f 421 463 510
f 510 429 421
f 573 738 484
f 484 450 573
f 484 738 662
f 387 450 518
f 518 450 497
f 518 327 387
f 319 327 518
f 518 497 319
f 628 594 670
f 628 780 539
f 628 670 759
f 759 780 628
f 827 594 793
f 793 594 641
f 607 827 793
f 793 641 607
f 1161 1127 915
f 941 962 1009
f 949 852 1009
f 1009 899 941
f 1009 852 899
f 1229 920 1166
f 1174 920 1229
f 1166 1043 1229
f 1106 1174 1229
f 1229 1072 1106
f 1153 1132 1166
f 1166 920 1153
f 1153 920 1132
f 1056 1001 1022
f 1056 1064 1043
f 1056 1022 1221
f 1221 1064 1056
f 1373 1093 1318
f 1318 1093 1127
f 1127 1250 1318
f 1462 1360 1339
f 1339 1331 1462
f 1339 1360 1373
f 1305 1331 1339
f 1373 1318 1339
f 1140 1072 1305
f 1250 1072 1140
f 1140 1318 1250
f 1305 1339 1140
f 1140 1339 1318
f 1145 1386 1564
f 1564 1386 1433
f 1433 1619 1564
f 1059 1093 1373
f 1373 1263 1059
f 996 1093 1059
f 1195 983 1059
f 1059 983 996
f 1059 1271 1195
f 1059 1263 1271
f 2198 2177 2232
f 2177 2245 2232
f 2232 2279 2198
f 2342 2279 2232
f 2423 2224 2266
f 2423 2245 2224
f 2266 2300 2423
f 2499 2601 2520
f 2520 2300 2499
f 2937 2950 2968
f 2955 2963 2968
f 2968 2934 2955
f 2937 2874 2942
f 2942 2950 2937
f 2874 2887 2942
f 2902 2868 2881
f 2881 2894 2902
f 2923 2894 2881
f 2928 2894 2923
f 2923 2907 2928
f 2928 2907 2873
f 2915 2894 2928
f 2928 2962 2915
f 2979 3000 2982
f 2979 2982 2987
f 2984 2997 2979
f 2997 3000 2979
f 2979 2971 2984
f 2987 2971 2979
f 2992 2995 2990
f 2990 3000 2992
f 2990 2995 2993
f 2982 3000 2990
f 2990 2993 2977
f 2977 2982 2990
f 2828 2878 2836
f 2836 2878 2865
f 2865 2857 2836
f 2760 2802 2836
f 2836 2802 2828
f 2836 2658 2760
f 2836 2857 2658
f 2844 2865 2920
f 2865 2878 2920
f 2936 2792 2805
f 2936 2907 2923
f 2805 2907 2936
f 2889 2792 2936
f 2923 2881 2936
f 2868 2889 2936
f 2936 2881 2868
f 2860 2792 2716
f 2805 2792 2860
f 2695 2805 2860
f 2860 2661 2695
f 2716 2661 2860
f 2873 2797 2941
f 2941 2928 2873
f 2962 2928 2941
f 2941 2797 2899
f 2899 2954 2941
f 2954 2962 2941
f 2428 2229 2331
f 2428 2331 2250
f 2428 2462 2394
f 2394 2229 2428
f 2250 2352 2428
f 2428 2352 2462
f 2310 2488 2386
f 2488 2517 2386
f 2386 2166 2310
f 2386 2352 2166
f 2724 2614 2648
f 2648 2758 2724
f 2648 2614 2585
f 2661 2758 2648
f 2593 2627 2648
f 2648 2585 2593
f 2627 2750 2648
f 2750 2661 2648
f 2491 2470 2614
f 2491 2284 2347
f 2491 2457 2284
f 2580 2635 2711
f 2580 2538 2635
f 2711 2525 2580
f 2459 2349 2446
f 2459 2226 2349
f 2417 2226 2459
f 2459 2446 2315
f 2315 2336 2459
f 2459 2336 2417
f 2213 2205 2192
f 2192 2362 2260
f 2260 2213 2192
f 2247 2213 2260
f 2362 2226 2260
f 2260 2226 2417
f 2417 2247 2260
f 2158 2205 2124
f 2124 2239 2158
f 2205 2213 2124
f 2124 2213 2247
f 2124 2336 2239
f 2124 2247 2336
f 2255 2391 2370
f 2399 2522 2370
f 2370 2323 2399
f 2370 2391 2323
f 2370 2522 2200
f 2200 2255 2370
f 2028 2214 2070
f 2070 2180 2028
f 2070 2214 2193
f 1837 2180 2070
f 2193 2112 2070
f 2112 1837 2070
f 1934 1955 2091
f 1934 1887 1955
f 2455 2340 2408
f 2455 2442 2340
f 2408 2463 2455
f 2463 2442 2455
f 2764 2730 2819
f 2819 2798 2764
f 2709 2785 2806
f 2806 2704 2709
f 2793 2704 2806
f 2916 2793 2806
f 2806 2777 2916
f 2806 2785 2777
f 2066 2134 2218
f 2066 2218 2019
f 2066 2019 1956
f 2603 2535 2650
f 2637 2616 2603
f 2603 2650 2637
f 2679 2535 2603
f 2705 2679 2603
f 2616 2726 2603
f 2603 2726 2705
f 2815 2904 2891
f 2891 2904 2802
f 2891 2802 2760
f 2760 2794 2891
f 2891 2794 2815
f 2875 2883 2896
f 2896 2794 2862
f 2896 2854 2875
f 2862 2854 2896
f 2849 2739 2862
f 2862 2794 2849
f 2849 2794 2760
f 2849 2692 2739
f 2760 2726 2849
f 2726 2692 2849
f 2731 2773 2642
f 2642 2773 2739
f 2375 2464 2367
f 2464 2430 2367
f 2430 2409 2367
f 2367 2244 2375
f 2367 2409 2244
f 2401 2435 2608
f 2401 2430 2435
f 2608 2655 2401
f 2401 2655 2498
f 2401 2498 2388
f 2388 2430 2401
f 2422 2291 2448
f 2448 2537 2422
f 2558 2537 2448
f 2448 2202 2372
f 2291 2202 2448
f 2958 2924 2937
f 2958 2971 2924
f 2984 2971 2958
f 2958 2963 2984
f 2937 2968 2958
f 2958 2968 2963
f 2901 2859 2914
f 2859 2922 2914
f 2914 2922 2935
f 2914 2880 2901
f 2935 2880 2914
f 2809 2801 2780
f 2780 2801 2657
f 2780 2657 2788
f 2780 2788 2733
f 2733 2767 2780
f 2780 2767 2809
f 2029 2228 2016
f 2228 2008 2016
f 2016 2008 2220
f 2220 1961 2016
f 2016 1961 2042
f 2016 1987 2029
f 2042 1987 2016
f 2479 2542 2453
f 2453 2542 2398
f 2453 2398 2432
f 2453 2356 2479
f 2432 2356 2453
f 1699 1903 1631
f 1903 1644 1631
f 1631 1788 1492
f 1631 1644 1788
f 2021 1932 1864
f 1864 1903 2021
f 1864 1644 1903
f 1151 892 960
f 1062 892 1151
f 1193 1062 1151
f 960 1138 1151
f 1151 1138 1193
f 863 871 761
f 871 905 761
f 761 905 706
f 761 706 769
f 761 769 740
f 740 863 761
f 2261 2350 2253
f 2261 2282 2350
f 1130 1232 1067
f 1067 1033 1130
f 1033 1224 1130
f 1130 1224 1164
f 1651 1554 1630
f 1630 1685 1651
f 1651 1185 1397
f 1397 1554 1651
f 1596 1418 1651
f 1651 1418 1185
f 1651 1541 1596
f 1651 1685 1541
f 1567 1703 1559
f 1567 1690 1703
f 1635 1690 1567
f 1567 1559 1504
f 1504 1635 1567
f 1614 1690 1635
f 1614 1601 1677
f 1614 1635 1601
f 1703 1690 1614
f 1491 1559 1465
f 1559 1698 1465
f 1321 1491 1465
f 1465 1698 1321
f 1669 1703 1656
f 1669 1698 1703
f 1753 1698 1669
f 988 946 980
f 980 959 988
f 946 645 980
f 904 802 794
f 794 739 904
f 959 980 1014
f 1014 980 760
f 1530 1729 1543
f 1789 1509 1543
f 1543 1509 1530
f 1543 1585 1789
f 1543 1729 1585
f 1268 1378 1234
f 1234 1200 1268
f 1268 1200 1336
f 1302 1378 1268
f 1336 1247 1268
f 1268 1247 1302
f 1480 1234 1349
f 1480 1200 1234
f 1391 1200 1480
f 1472 1391 1480
f 1480 1349 1472
f 943 875 977
f 1032 943 935
f 977 990 935
f 935 943 977
f 1265 1176 1451
f 1260 1176 1265
f 1417 1260 1265
f 1527 1417 1265
f 1265 1451 1527
f 1362 1205 1299
f 1155 1388 1299
f 1388 1362 1299
f 1299 1121 1155
f 1299 1205 1121
f 1535 1569 1467
f 1467 1590 1679
f 1472 1590 1467
f 1467 1569 1472
f 1679 1501 1467
f 1501 1535 1467
f 203 279 148
f 211 203 148
f 148 224 211
f 190 224 148
f 287 279 347
f 287 245 198
f 347 245 287
f 198 164 287
f 164 279 287
f 232 164 143
f 232 279 164
f 143 177 232
f 232 148 279
f 135 122 232
f 232 177 135
f 190 148 232
f 232 156 190
f 232 122 156
f 766 690 902
f 902 842 567
f 902 690 842
f 321 245 363
f 376 507 363
f 507 397 363
f 363 397 389
f 389 452 363
f 452 321 363
f 185 143 206
f 143 164 206
f 164 274 206
f 405 274 295
f 405 308 350
f 295 439 405
f 439 308 405
f 201 269 248
f 269 316 248
f 248 316 350
f 214 316 269
f 269 172 214
f 214 172 104
f 755 577 509
f 509 522 755
f 776 797 700
f 700 797 878
f 776 891 912
f 912 797 776
f 1001 797 912
f 1022 1001 912
f 776 925 844
f 844 891 776
f 844 925 789
f 789 891 844
f 1208 1187 1365
f 1090 1187 1208
f 1365 1386 1208
f 1386 1242 1208
f 1221 1090 1208
f 1208 1276 1221
f 1208 1242 1276
f 1420 1187 1310
f 1310 1255 1420
f 1310 1187 1090
f 1192 1111 1310
f 1310 1111 1255
f 1310 1048 1192
f 1310 1090 1048
f 360 415 407
f 407 428 360
f 407 415 352
f 352 504 407
f 504 428 407
f 763 611 886
f 886 865 763
f 886 700 878
f 611 700 886
f 886 878 954
f 954 865 886
f 763 619 530
f 530 564 763
f 530 619 666
f 666 564 530
f 611 556 734
f 734 700 611
f 734 755 768
f 734 768 776
f 776 700 734
f 734 556 577
f 577 755 734
f 229 331 221
f 276 229 221
f 221 297 276
f 242 297 221
f 221 331 242
f 344 268 412
f 357 344 412
f 412 323 357
f 310 323 412
f 412 268 310
f 420 323 310
f 420 454 323
f 193 151 104
f 104 172 193
f 193 172 261
f 41 88 67
f 67 130 41
f 96 88 41
f 41 130 96
f 72 30 51
f 51 25 72
f 106 25 51
f 51 98 106
f 77 98 51
f 51 30 77
f 1599 1578 1743
f 1599 1531 1408
f 1743 1531 1599
f 1599 1408 1476
f 1476 1578 1599
f 1573 1578 1811
f 1743 1578 1573
f 1811 1806 1573
f 1573 1806 1654
f 1654 1531 1573
f 1573 1531 1743
f 1667 1586 1497
f 1497 1544 1667
f 1497 1730 1442
f 1442 1544 1497
f 2159 2167 1955
f 2159 2010 2023
f 1955 2010 2159
f 2023 1926 2159
f 1926 2167 2159
f 1340 1429 1450
f 1340 1285 1353
f 1340 1450 1285
f 1340 1353 1416
f 1416 1429 1340
f 1162 1327 1437
f 1395 1327 1162
f 1162 1437 1348
f 1348 1395 1162
f 1272 1395 1217
f 1272 1327 1395
f 1272 1217 1238
f 1238 1149 1272
f 1149 1327 1272
f 1607 1531 1662
f 1675 1607 1662
f 1662 1552 1675
f 1751 1552 1662
f 1662 1531 1751
f 261 180 159
f 159 180 146
f 510 552 345
f 531 476 345
f 345 429 510
f 476 429 345
f 586 523 544
f 586 552 523
f 586 345 552
f 586 544 531
f 531 345 586
f 303 290 358
f 756 625 837
f 837 722 756
f 837 672 879
f 625 672 837
f 879 913 837
f 913 722 837
f 913 1002 714
f 714 722 913
f 714 1002 981
f 714 981 748
f 811 722 680
f 811 680 688
f 688 638 811
f 756 722 811
f 811 638 756
f 99 120 154
f 120 133 154
f 154 133 78
f 154 78 175
f 175 209 154
f 251 157 73
f 73 149 251
f 277 379 400
f 379 243 400
f 523 552 489
f 489 552 510
f 379 366 235
f 235 243 379
f 235 366 303
f 303 358 235
f 188 222 256
f 256 379 188
f 379 264 188
f 196 222 188
f 188 298 196
f 340 298 188
f 188 264 340
f 57 70 125
f 125 120 57
f 23 36 15
f 70 36 23
f 23 75 117
f 15 75 23
f 117 125 23
f 125 70 23
f 65 120 99
f 65 57 120
f 1060 882 861
f 882 874 861
f 916 1060 861
f 861 874 916
f 950 772 895
f 950 874 772
f 895 908 950
f 950 908 1073
f 950 1073 916
f 916 874 950
f 356 314 382
f 246 314 356
f 335 246 356
f 356 500 335
f 382 437 356
f 356 437 500
f 458 416 492
f 458 492 602
f 602 403 458
f 458 403 581
f 581 416 458
f 293 327 285
f 285 361 293
f 285 327 319
f 319 361 285
f 513 623 720
f 513 610 623
f 720 691 513
f 513 691 424
f 424 610 513
f 665 720 801
f 720 712 801
f 890 665 801
f 801 869 890
f 801 712 869
f 301 254 191
f 191 322 301
f 191 178 280
f 191 254 178
f 1377 1178 1445
f 1432 1364 1445
f 1445 1364 1377
f 1419 1453 1309
f 1419 1178 1453
f 1419 1309 1432
f 1419 1445 1178
f 2278 2079 2354
f 2168 2210 2354
f 2210 2278 2354
f 2354 2236 2168
f 2160 2236 2354
f 2354 2079 2160
f 1966 1843 1898
f 1898 1843 1906
f 1898 1953 1966
f 1898 1906 1953
f 1885 1775 1733
f 1885 1843 1775
f 1885 1733 1856
f 1856 1843 1885
f 1542 1474 1343
f 1660 1474 1542
f 1618 1660 1542
f 1343 1521 1542
f 1542 1521 1618
f 1482 1474 1550
f 1440 1474 1482
f 1550 1694 1482
f 1482 1694 1414
f 1414 1440 1482
f 1508 1660 1639
f 1639 1563 1508
f 1707 1474 1660
f 1660 1508 1707
f 1707 1508 1563
f 1550 1474 1707
f 1707 1563 1550
f 1830 2003 1715
f 1715 1838 1830
f 2118 2139 1830
f 2139 2003 1830
f 1995 2118 1830
f 1830 1838 1995
f 1626 1817 1597
f 1597 1584 1626
f 1817 1940 1597
f 1940 1584 1597
f 1728 1762 1791
f 1668 1469 1728
f 1469 1529 1728
f 1728 1681 1668
f 1791 1681 1728
f 2058 1940 2092
f 2092 2113 2058
f 1770 1940 2058
f 2173 2152 2139
f 2207 2152 2173
f 2173 2139 2118
f 2118 2207 2173
f 1791 1749 1736
f 1736 1982 1791
f 1736 1749 1893
f 1456 1401 1367
f 1367 1613 1456
f 1367 1422 1558
f 1367 1401 1422
f 1558 1757 1367
f 1757 1613 1367
f 34 29 13
f 34 26 29
f 13 18 34
f 47 26 34
f 34 18 47
f 60 26 47
f 42 26 60
f 60 81 42
f 157 81 107
f 107 73 157
f 37 71 58
f 490 558 537
f 359 456 490
f 490 448 359
f 490 537 414
f 414 448 490
f 718 731 909
f 909 964 718
f 718 964 710
f 600 723 744
f 723 841 744
f 333 367 409
f 511 469 409
f 482 359 634
f 634 503 482
f 482 456 359
f 482 503 456
f 757 655 613
f 655 558 613
f 613 524 757
f 613 503 524
f 456 503 613
f 613 490 456
f 558 490 613
f 600 744 647
f 566 469 511
f 566 511 414
f 414 537 566
f 537 647 566
f 566 647 469
f 270 278 291
f 291 367 270
f 291 278 511
f 511 409 291
f 291 409 367
f 55 63 118
f 152 63 55
f 118 84 55
f 55 84 152
f 144 110 97
f 144 102 110
f 97 42 144
f 144 42 68
f 68 102 144
f 338 427 372
f 338 440 325
f 338 372 440
f 325 262 338
f 262 427 338
f 215 147 173
f 113 147 215
f 173 257 215
f 181 223 160
f 231 181 160
f 304 380 160
f 547 487 432
f 568 487 547
f 547 432 445
f 547 445 335
f 335 568 547
f 1110 1084 1021
f 1021 932 1110
f 1055 1084 1110
f 1144 1055 1110
f 953 974 1110
f 974 1144 1110
f 1262 1152 1084
f 1262 1084 1220
f 1097 1275 1262
f 1275 1152 1262
f 1220 1186 1262
f 1262 1186 1097
f 919 838 804
f 864 940 804
f 940 919 804
f 804 809 864
f 804 838 809
f 815 650 713
f 713 726 815
f 815 637 650
f 692 637 815
f 815 726 781
f 205 294 286
f 205 252 239
f 286 252 205
f 239 307 205
f 307 294 205
f 417 383 265
f 265 341 417
f 265 383 226
f 226 294 265
f 307 341 265
f 265 294 307
f 11 24 53
f 53 24 45
f 53 45 40
f 61 14 11
f 158 145 90
f 90 82 158
f 111 124 90
f 90 145 111
f 90 124 69
f 69 95 90
f 90 95 82
f 171 192 150
f 171 108 192
f 171 82 103
f 103 108 171
f 129 108 103
f 103 82 129
f 82 95 129
f 87 142 129
f 129 142 108
f 48 22 43
f 48 61 95
f 56 22 48
f 43 14 48
f 14 61 48
f 69 56 48
f 48 95 69
f 126 100 113
f 113 215 126
f 79 100 134
f 134 155 79
f 100 126 134
f 223 155 134
f 134 215 223
f 134 126 215
f 497 450 505
f 450 484 505
f 615 497 505
f 505 484 615
f 662 594 560
f 594 628 560
f 560 628 539
f 560 539 615
f 615 484 560
f 560 484 662
f 975 1161 915
f 915 1004 975
f 1004 928 975
f 1030 1250 1127
f 1127 1161 1030
f 1098 1229 1043
f 1043 1064 1098
f 1145 1284 1098
f 1098 1276 1145
f 1284 1072 1098
f 1072 1229 1098
f 1221 1276 1098
f 1098 1064 1221
f 1166 1132 933
f 933 810 878
f 933 1043 1166
f 933 1056 1043
f 878 1001 933
f 1001 1056 933
f 1441 1297 1284
f 1441 1284 1145
f 1145 1564 1441
f 1441 1564 1619
f 1441 1619 1640
f 1441 1640 1399
f 1399 1297 1441
f 2106 2017 2012
f 2012 2046 2106
f 2012 1983 2046
f 2114 2093 2059
f 2114 2059 1978
f 1978 2156 2114
f 2326 2300 2266
f 2376 2300 2520
f 2376 2423 2300
f 2376 2520 2444
f 2444 2342 2376
f 2622 2601 2465
f 2601 2499 2465
f 2504 2512 2465
f 2465 2677 2622
f 2465 2711 2677
f 2465 2499 2300
f 2465 2326 2504
f 2300 2326 2465
f 2921 2934 2900
f 2934 2968 2900
f 2900 2968 2950
f 2900 2866 2921
f 2908 2853 2929
f 2950 2942 2908
f 2887 2853 2908
f 2908 2942 2887
f 2908 2900 2950
f 2908 2929 2866
f 2866 2900 2908
f 2925 2878 2946
f 2925 2920 2878
f 2925 2954 2899
f 2925 2933 2954
f 2925 2938 2933
f 2946 2938 2925
f 2449 2517 2483
f 2449 2386 2517
f 2483 2415 2449
f 2449 2415 2462
f 2462 2352 2449
f 2352 2386 2449
f 2360 2491 2347
f 2470 2491 2360
f 2415 2470 2360
f 2394 2415 2360
f 2347 2373 2360
f 2373 2394 2360
f 2457 2491 2559
f 2504 2457 2559
f 2559 2491 2614
f 2559 2512 2504
f 2559 2614 2724
f 2724 2538 2559
f 2525 2512 2559
f 1887 1934 2078
f 2031 2065 2078
f 2078 2065 1688
f 1688 1803 2078
f 1803 2044 2078
f 2044 1887 2078
f 2091 2154 1968
f 1968 1934 2091
f 2243 2031 1968
f 1968 2154 2243
f 2031 2078 1968
f 1968 2078 1934
f 2680 2819 2730
f 2756 2688 2680
f 2680 2730 2756
f 2680 2688 2667
f 2667 2722 2680
f 2680 2722 2714
f 2714 2798 2680
f 2798 2819 2680
f 2189 1956 2087
f 2189 2066 1956
f 2087 2155 2189
f 2155 2134 2189
f 2134 2066 2189
f 2815 2794 2870
f 2794 2896 2870
f 2870 2896 2883
f 2870 2951 2815
f 2883 2951 2870
f 2595 2642 2739
f 2739 2692 2595
f 2595 2629 2540
f 2595 2692 2616
f 2595 2540 2731
f 2731 2642 2595
f 2595 2616 2637
f 2637 2629 2595
f 2545 2558 2304
f 2558 2448 2304
f 2304 2406 2545
f 2338 2406 2304
f 2372 2338 2304
f 2304 2448 2372
f 1602 1631 1492
f 1699 1631 1602
f 1602 1492 1665
f 1665 1589 1602
f 1602 1589 1699
f 1911 1644 1691
f 1644 1864 1691
f 1691 1932 1911
f 1691 1864 1932
f 2109 2282 2041
f 2282 2261 2041
f 2041 2138 2109
f 2253 2138 2041
f 2041 2261 2253
f 1308 1232 1279
f 1232 1130 1279
f 1164 1308 1279
f 1279 1130 1164
f 1758 1614 1677
f 1758 1944 1656
f 1656 1703 1758
f 1703 1614 1758
f 1677 1779 1758
f 1779 1944 1758
f 1622 1669 1656
f 1656 1944 1622
f 1622 1800 1753
f 1753 1669 1622
f 1711 1800 1622
f 1622 1944 1711
f 857 980 645
f 760 980 857
f 857 645 561
f 739 760 857
f 857 713 739
f 561 616 857
f 616 713 857
f 1082 794 802
f 1082 802 1035
f 1035 1069 1082
f 959 1014 1179
f 1171 959 1179
f 1179 1027 1171
f 993 1014 760
f 993 760 739
f 739 794 993
f 1045 875 1066
f 875 943 1066
f 1108 1045 1066
f 1066 1087 1108
f 1066 943 1032
f 1066 1252 1087
f 1032 1197 1066
f 1197 1252 1066
f 888 990 799
f 888 935 990
f 888 1202 1032
f 1032 935 888
f 888 854 867
f 799 854 888
f 888 867 1058
f 1058 1202 888
f 766 902 868
f 868 902 834
f 868 834 724
f 889 766 868
f 868 847 889
f 724 847 868
f 834 902 821
f 669 792 821
f 792 834 821
f 821 567 669
f 821 902 567
f 457 245 253
f 457 363 245
f 376 363 457
f 457 423 376
f 457 253 423
f 282 206 274
f 274 405 282
f 282 405 350
f 324 201 240
f 201 248 240
f 240 447 324
f 371 447 240
f 240 350 371
f 240 248 350
f 219 104 185
f 219 214 104
f 185 206 219
f 350 316 219
f 316 214 219
f 590 768 658
f 658 721 590
f 823 912 891
f 1048 1090 823
f 823 891 1048
f 823 1090 1022
f 1022 912 823
f 467 454 480
f 454 420 480
f 310 467 480
f 480 420 310
f 117 151 138
f 151 193 138
f 138 159 117
f 138 193 261
f 261 159 138
f 1586 1722 1701
f 1701 1497 1586
f 146 91 112
f 112 159 146
f 117 159 112
f 112 125 117
f 112 91 125
f 408 358 523
f 523 489 408
f 243 235 408
f 408 235 358
f 408 400 243
f 277 400 408
f 442 502 523
f 442 455 502
f 502 455 612
f 709 502 612
f 612 565 709
f 866 714 748
f 722 714 866
f 748 680 866
f 680 722 866
f 44 36 70
f 70 57 44
f 57 65 44
f 65 52 44
f 115 52 65
f 115 107 81
f 115 65 99
f 280 259 267
f 267 191 280
f 259 411 267
f 411 322 267
f 322 191 267
f 1432 1445 1411
f 1411 1419 1432
f 1445 1419 1411
f 1673 1529 1762
f 1762 1728 1673
f 1673 1728 1529
f 1825 2058 2113
f 1825 2126 1893
f 1825 2113 2126
f 1893 1749 1825
f 1825 1749 1770
f 1770 2058 1825
f 1893 2126 1804
f 1804 1736 1893
f 1804 2126 1859
f 1982 1736 1804
f 1859 1647 1804
f 1681 1982 1804
f 1804 1647 1846
f 1846 1681 1804
f 39 60 47
f 81 60 39
f 39 115 81
f 139 147 92
f 147 58 92
f 92 71 139
f 92 58 71
f 105 147 113
f 105 58 147
f 113 100 105
f 105 100 37
f 37 58 105
f 375 341 307
f 375 312 244
f 307 312 375
f 697 718 710
f 697 684 608
f 697 710 684
f 731 718 540
f 718 697 540
f 642 553 443
f 608 553 642
f 629 540 621
f 621 697 608
f 621 540 697
f 587 744 841
f 600 647 676
f 676 647 537
f 537 558 676
f 676 545 600
f 676 558 545
f 477 647 744
f 469 647 477
f 257 168 202
f 202 215 257
f 223 215 202
f 202 168 304
f 304 160 202
f 202 160 223
f 299 160 380
f 299 278 270
f 299 380 278
f 932 1139 1029
f 1029 1110 932
f 1029 1139 953
f 953 1110 1029
f 692 815 527
f 527 815 781
f 582 624 527
f 527 616 582
f 527 781 616
f 527 624 459
f 459 692 527
f 19 61 11
f 11 53 19
f 19 53 74
f 95 61 32
f 32 19 74
f 61 19 32
f 40 87 32
f 87 129 32
f 32 129 95
f 32 53 40
f 74 53 32
f 116 150 137
f 116 171 150
f 137 158 116
f 158 82 116
f 82 171 116
f 1051 1009 1161
f 1161 975 1051
f 949 1009 1051
f 1051 928 949
f 1051 975 928
f 1250 1030 1017
f 1017 962 1174
f 1174 1250 1017
f 1017 1009 962
f 1161 1009 1017
f 1017 1030 1161
f 1077 933 1132
f 810 933 1077
f 941 810 1077
f 1119 941 1077
f 1077 1132 1119
f 2093 2114 2211
f 2017 2169 2135
f 2080 2203 2135
f 2135 2169 2080
f 2182 2012 2017
f 2017 2135 2182
f 2182 2135 2271
f 2182 2211 2012
f 2182 2271 2093
f 2093 2211 2182
f 2161 2203 2402
f 2245 2423 2389
f 2423 2376 2389
f 2389 2232 2245
f 2342 2232 2389
f 2389 2376 2342
f 2656 2525 2711
f 2656 2512 2525
f 2711 2465 2656
f 2656 2465 2512
f 2844 2920 2912
f 2920 2925 2912
f 2899 2844 2912
f 2912 2925 2899
f 2546 2580 2525
f 2525 2559 2546
f 2538 2580 2546
f 2546 2559 2538
f 1103 1027 1213
f 1027 1179 1213
f 1213 1179 1014
f 870 993 794
f 1014 993 870
f 206 282 342
f 342 219 206
f 342 282 350
f 350 219 342
f 721 658 679
f 522 721 679
f 679 755 522
f 768 755 679
f 679 658 768
f 1730 1497 1777
f 1497 1701 1777
f 1777 1701 1722
f 1777 1811 1730
f 1777 1722 1811
f 277 408 332
f 332 408 489
f 332 489 510
f 510 463 332
f 340 277 332
f 332 463 340
f 523 358 434
f 434 442 523
f 633 612 455
f 633 599 688
f 688 565 633
f 565 612 633
f 141 154 209
f 99 154 141
f 141 115 99
f 141 209 230
f 230 149 141
f 52 115 31
f 115 39 31
f 31 39 47
f 47 18 31
f 31 18 10
f 31 44 52
f 10 36 31
f 36 44 31
f 333 409 388
f 341 375 430
f 320 388 409
f 320 375 244
f 244 333 320
f 333 388 320
f 629 621 532
f 841 731 820
f 820 587 841
f 731 540 820
f 540 587 820
f 663 540 629
f 663 587 540
f 663 532 579
f 629 532 663
f 744 587 422
f 422 477 744
f 587 663 422
f 422 663 579
f 346 299 270
f 160 299 346
f 270 236 346
f 346 236 231
f 231 160 346
f 2025 2211 2114
f 2012 2211 2025
f 2368 2135 2203
f 2203 2161 2368
f 2271 2135 2368
f 2368 2161 2271
f 2059 2093 2237
f 2093 2271 2237
f 2271 2161 2237
f 2266 2059 2258
f 2059 2355 2258
f 2258 2326 2266
f 2284 2457 2313
f 2402 2284 2313
f 2313 2161 2402
f 967 1213 1014
f 1014 870 967
f 967 1069 1103
f 1103 1213 967
f 967 1082 1069
f 794 1082 967
f 967 870 794
f 455 442 536
f 442 434 536
f 557 599 536
f 536 413 557
f 599 633 536
f 536 633 455
f 107 115 94
f 115 141 94
f 94 141 149
f 149 73 94
f 73 107 94
f 417 341 362
f 341 430 362
f 579 532 498
f 498 409 579
f 498 320 409
f 595 532 621
f 595 498 532
f 579 409 435
f 435 422 579
f 477 422 435
f 435 409 469
f 469 477 435
f 2122 2025 2114
f 2122 2114 2156
f 1983 2012 2122
f 2012 2025 2122
f 1949 1983 2122
f 2122 2156 1949
f 2190 2355 2059
f 2059 2237 2190
f 2190 2237 2161
f 2436 2258 2355
f 2326 2258 2436
f 2504 2326 2436
f 2436 2457 2504
f 2436 2313 2457
f 392 434 358
f 392 536 434
f 413 536 392
f 392 358 290
f 375 320 396
f 320 498 396
f 396 430 375
f 396 498 430
f 506 595 621
f 608 642 506
f 506 621 608
f 417 362 354
f 354 362 430
f 2161 2313 2334
f 2334 2190 2161
f 2355 2190 2334
f 2334 2436 2355
f 2313 2436 2334
f 468 392 290
f 413 392 468
f 468 290 426
f 426 413 468
f 417 354 464
f 464 642 443
f 464 506 642
f 443 383 464
f 464 383 417
f 451 354 430
f 430 498 451
f 498 595 451
f 595 506 451
f 506 464 451
f 451 464 354

