# https://github.com/mikedh/trimesh
v 17.88259196 22.19207529 12.70255154
v 17.53752933 22.21443836 13.51355743
v 17.43970973 22.18158411 14.15010812
v 17.61248566 21.86232986 14.51536981
v 18.08812101 21.15779794 14.82796793
v 17.98056180 21.70790146 15.92711076
v 17.52993064 22.34894806 15.88448934
v 17.96405615 21.46270160 15.31599010
v 17.82515372 22.29273114 16.86618796
v 23.11229684 13.16009355 12.64672689
v 23.44808443 14.23733740 10.30324914
v 23.31382222 14.25425244 10.47444247
v 22.95945627 14.12954741 11.13404527
v 22.48773409 14.25444683 11.95978545
v 22.90464016 13.36284027 12.65707630
v 22.26332372 16.92313394 9.47780713
v 23.24290905 15.71161940 9.44209071
v 22.65626996 15.30883600 10.26032230
v 23.05865653 15.63583103 9.62987800
v 22.32395169 16.78241760 9.50563599
v 23.04212866 17.60828730 8.82691725
v 23.16176703 16.18796223 9.27400374
v 23.80852933 18.43259352 8.49852990
v 21.96239506 15.51006430 11.15505341
v 21.97023377 15.01897796 11.90158211
v 22.08946658 14.41600865 12.75051691
v 22.19051745 15.05437669 11.27380942
v 21.46716711 15.79903917 11.94789615
v 21.38299074 15.25753662 13.35572676
v 21.23838611 16.82850932 11.13079891
v 21.05171901 17.24845230 11.10130326
v 20.95618257 16.97877810 11.70663678
v 22.00546575 15.95749728 10.55801444
v 21.66139984 15.98216073 11.19882135
v 21.55080004 16.23047464 11.14110938
v 21.64078109 16.91452536 10.28122115
v 22.22511555 15.91187627 10.22194361
v 21.23014946 16.10496017 12.16647532
v 21.50298567 15.40549449 12.58407602
v 20.97070140 16.71603843 12.05520928
v 20.84569378 16.72923490 12.48825435
v 22.79475619 14.29850561 11.19781069
v 22.28251910 15.70910990 10.33706602
v 22.31321057 15.18060876 10.87958552
v 23.33190936 14.46238491 10.24504258
v 22.26806748 14.61896278 11.84596115
v 22.25184655 14.20925241 12.67634280
v 22.19610000 15.81560000 10.36630000
v 20.56148360 16.69007333 13.58291364
v 20.37122057 16.86698327 14.51659545
v 20.60474673 16.67870075 15.10031969
v 20.93285037 16.77713862 15.91257728
v 21.94562394 14.29997199 13.77267955
v 23.16058217 12.82341200 14.45346807
v 23.22106064 12.84490100 15.31125031
v 22.87644618 13.22225642 13.34215362
v 22.26920028 13.86345723 13.96981463
v 23.13269206 12.85579087 13.90359839
v 22.39458132 13.74134534 14.87774298
v 22.43442055 13.77001535 15.47560746
v 22.86902336 13.40806482 15.85035191
v 22.27626047 14.19803781 16.11974013
v 23.29195329 13.00531849 15.83322402
v 23.58013486 12.99098798 16.27228106
v 23.35927005 13.25682703 16.36380813
v 23.10441102 13.87678871 16.83761464
v 23.02511521 14.38780685 17.34136476
v 21.97881713 14.38181164 13.32726966
v 21.45399313 15.07194276 13.52441643
v 21.92350907 14.37032771 15.59370592
v 21.31403713 15.08023497 14.56656401
v 21.31570464 15.46580997 15.82917271
v 21.45179690 14.93304224 15.45827131
v 20.68275228 16.28963262 14.48013898
v 21.19204625 15.70791006 13.17027712
v 20.80532025 16.22649436 13.68310099
v 21.01038781 15.78375965 14.75541649
v 21.10405934 15.93209053 15.73771136
v 21.45728927 15.55076027 16.31575871
v 21.78881992 15.13855101 16.56334788
v 21.17930845 16.68268296 16.25679806
v 21.90058113 16.74423350 17.44584395
v 21.83673562 16.04043178 17.14672458
v 22.25457455 16.02771175 17.75670472
v 22.13330858 16.81148468 18.18821193
v 22.22217830 14.74323253 16.74391991
v 22.56032340 15.03559012 17.50454536
v 22.30478974 15.66348713 17.60463654
v 23.02741584 15.11862489 18.23085286
v 23.65032937 14.70602236 18.47022550
v 22.34536013 16.62308454 18.37863994
v 20.50931768 19.13684997 10.26400534
v 20.56511597 17.75225749 11.64915469
v 20.50373712 18.28167365 11.14177555
v 20.44240529 17.05982980 13.27161567
v 20.41717849 17.45774583 12.63699662
v 19.98816879 18.26428379 12.73101076
v 20.25314974 18.21881482 11.91178946
v 20.04911702 19.67063323 10.68258866
v 20.23760497 18.87823965 11.08975373
v 20.46653810 18.71482071 10.77030846
v 19.86033197 19.50569362 11.20260672
v 19.98030547 20.14437612 10.38606751
v 19.39286373 19.23288391 12.79684565
v 19.80324447 19.01096987 11.95395846
v 19.55107857 18.65147029 13.33636077
v 19.35824095 19.88081098 11.89139784
v 19.98508813 20.81039978 9.97313062
v 20.65185222 19.97747023 9.48208697
v 20.60390601 20.62729905 9.25133835
v 20.52469823 21.27477654 9.12146035
v 18.89839891 20.76708549 11.96882801
v 18.52436591 20.87296055 13.01907315
v 19.05377503 20.00156175 12.49260741
v 18.80045358 20.10436158 13.20393896
v 18.62773575 22.24110961 11.11269989
v 19.19468376 20.87337256 11.23043384
v 18.63497565 22.18503098 11.15908869
v 19.28679934 22.16466776 10.25195771
v 19.35348495 21.48374791 10.54759702
v 18.57638126 21.56600720 11.91860961
v 18.06728949 21.34711222 13.65938369
v 18.32734804 21.53243665 12.65677802
v 18.22892695 22.17750170 11.91236291
v 19.43755605 20.41383591 11.16768767
v 19.59542494 21.01889749 10.43365282
v 21.34309172 18.35465377 9.52585784
v 22.19420598 19.02423218 8.51942953
v 21.63971139 19.27734102 8.81407275
v 21.49439496 18.85757352 9.08647536
v 21.08384931 19.06116782 9.42438513
v 20.97955128 19.59852951 9.29717704
v 20.86070000 19.14020000 9.70546000
v 22.35754731 17.85274087 8.94890595
v 23.29907093 18.39017931 8.50901007
v 21.82034660 17.82029269 9.37168517
v 23.09282287 19.08428999 8.36072970
v 23.55527706 19.82545375 8.57640830
v 21.28084179 17.41045526 10.45546781
v 21.39349255 17.55864082 10.10175718
v 20.77078442 18.50203649 10.38521911
v 21.27831997 20.90794955 8.68712300
v 22.22620984 20.80583789 8.39082192
v 21.51965630 20.15312626 8.70381623
v 20.93170000 20.72120000 8.96888000
v 21.55457209 22.14612157 8.34240096
v 21.60214717 22.51331351 8.41652407
v 23.05642622 20.19453361 8.46139679
v 23.01137256 21.11435401 8.53913921
v 23.11274890 22.18242130 8.67952222
v 23.64682036 22.26450816 9.11772733
v 19.15884993 18.74787503 14.76667943
v 18.98296294 19.34535064 13.97717191
v 18.96880320 19.14063833 15.32259475
v 18.90000718 19.37342133 14.44546710
v 19.69237618 18.01491085 14.19719266
v 19.95677634 17.55769415 14.37615322
v 19.49385055 18.32363558 14.27493133
v 19.97059569 17.79844829 13.53918576
v 20.11774448 17.28644361 14.21360516
v 19.55156363 18.21066351 14.57218680
v 19.68357764 18.11554940 15.42901556
v 20.20563496 17.44742379 15.35198774
v 19.46500900 18.59662839 13.77681211
v 19.13026877 19.10347761 15.96831365
v 19.39027826 20.62199105 17.48439263
v 19.82041209 18.29943906 16.34321342
v 20.96507262 17.52755687 16.64532232
v 19.63799145 18.96493074 16.85768124
v 19.32113875 19.01146045 16.29269409
v 20.31888971 18.44524502 17.27105391
v 20.00020223 19.31883510 17.60213698
v 20.94221601 19.24012709 18.66058024
v 18.40081222 20.83822440 13.53868493
v 18.26939626 20.79267426 14.39157913
v 18.61808975 20.05574254 15.04858427
v 18.42478754 20.71905312 15.48694236
v 18.67405580 20.47106595 15.88701012
v 18.84257681 20.84306021 16.64207061
v 19.21168519 20.88158596 17.37172508
v 18.29970223 21.28232492 16.03251156
v 18.39822229 21.54505761 16.70240633
v 18.63762982 21.45996897 17.08348504
v 18.31914712 22.02036554 17.52993538
v 19.16051262 22.10133833 18.53962446
v 19.42190151 21.27470631 18.11618387
v 19.84559230 20.68375099 18.27974858
v 20.84808639 18.03397203 17.45915019
v 21.46180820 17.48899968 17.49362555
v 21.02781825 18.84486442 18.69597431
v 20.95727713 18.32893529 18.35107880
v 21.36239782 17.80147203 18.43655905
v 21.90301342 16.96213881 17.83146069
v 22.63161665 20.18560765 17.78724397
v 24.01187389 19.34880375 18.20054928
v 21.88268807 20.95045084 17.66545444
v 21.69474726 20.81813979 17.91110044
v 21.54880000 21.22060000 17.91620000
v 21.91765961 22.41306748 17.64302952
v 23.29566812 20.91723533 17.03530842
v 23.61662375 20.88964210 16.70870239
v 22.38009123 20.06423556 18.16269574
v 22.74146727 20.83191945 17.29203010
v 23.32065337 20.29155353 17.41475077
v 23.20105994 21.60011717 16.75515225
v 23.38603116 22.42523314 16.16323828
v 22.82348843 22.32037193 16.85390341
v 22.03566996 21.75336986 17.43266618
v 22.46668311 22.35880113 17.17155934
v 22.77570000 21.42100000 17.12120000
v 23.55608851 15.33629579 19.24361851
v 23.14664140 15.91764507 19.29187528
v 22.77263322 16.34972802 19.21420534
v 22.71451645 16.02524362 18.57499470
v 22.28193938 16.92985374 19.10135250
v 22.62428962 16.67679138 19.51621415
v 23.04428374 16.28572717 19.92111371
v 23.31826314 16.00019983 20.00159635
v 22.77310158 16.70618972 20.97298447
v 23.41358136 16.28917387 22.39032396
v 23.72496676 15.79540566 22.27784739
v 22.99615750 16.60493490 22.12152789
v 23.19281030 16.84761728 22.55617988
v 20.71767002 20.50231312 18.70643919
v 20.97634330 20.98598725 18.62154857
v 19.96437276 21.33514695 18.65097223
v 20.17246492 22.59956832 18.71463948
v 20.86865598 21.08583296 18.65758599
v 21.54833107 18.84341113 19.53060612
v 21.77184089 17.65704609 19.47641569
v 21.94343445 17.39977921 19.60077053
v 21.10880933 19.72673624 18.87513629
v 21.27048893 19.72183549 18.97227722
v 21.36812490 18.66901980 19.31897051
v 21.64332523 19.35372734 19.31239494
v 21.56226148 18.27576461 19.65391681
v 22.33184155 18.60054666 21.01260369
v 22.26285842 17.33345979 20.83411144
v 22.89853256 16.99392932 22.08188769
v 22.21079351 17.78271937 21.32132263
v 22.08172612 18.30942233 20.74953381
v 22.30661519 19.79029207 18.65169686
v 22.61727209 19.76630400 18.54832932
v 23.51544685 19.26166817 18.86210813
v 22.84456382 19.13669999 19.78075681
v 22.62159648 19.05085631 20.21715898
v 23.34293247 18.81745104 20.13828419
v 23.33488602 18.71617684 20.72521600
v 23.37244650 18.40402700 21.32398874
v 23.47907195 18.68152815 20.31870626
v 22.42490542 17.50138708 21.61860288
v 22.74607625 17.79626847 21.89403054
v 23.28757193 17.42098535 22.41060146
v 23.19628346 18.40725687 21.45739467
v 23.11030000 17.21330000 22.39000000
v 20.71682934 19.95230310 18.64513191
v 21.17423235 20.68123414 18.60884261
v 21.65596995 20.21065991 18.59387433
v 9.63204462 32.60448920 15.03258859
v 9.44726478 32.57182813 15.44249050
v 9.95711932 31.61402645 16.20209542
v 9.46677407 32.71145318 16.92152964
v 10.01438951 32.08724636 17.71134459
v 9.77225913 32.21944624 17.10124386
v 9.96444436 32.62046257 18.30213374
v 9.54186522 32.95874683 17.49307496
v 9.84210300 32.88285534 18.28339167
v 10.99833704 30.22477790 15.97523116
v 12.22388683 29.01725112 15.84008569
v 12.89065186 29.60067639 13.52301564
v 12.27634504 30.30736322 13.94340512
v 12.07183146 30.91512175 13.95946853
v 12.01711931 30.49567482 14.22017749
v 11.81501341 29.59861388 15.65141507
v 12.69028968 29.25841909 14.17698480
v 12.38443974 29.61319355 14.36966178
v 12.37564120 29.05357150 15.10578505
v 11.03555596 30.18809927 16.33728711
v 11.29161523 30.44311985 17.64875172
v 11.72918451 29.98305142 17.52585697
v 12.57222771 28.52135817 16.35359895
v 12.69984761 28.41313954 16.80738833
v 12.59300997 28.95271510 17.65317510
v 11.85324584 29.44946971 16.04557843
v 11.93721132 29.56634018 17.00696063
v 12.18322415 29.11408667 16.48156181
v 11.97164956 30.08011562 18.18621883
v 12.28360907 29.52856838 17.87518819
v 12.70014326 29.02447796 18.18654284
v 11.53497410 31.40870181 14.23598007
v 10.15505420 31.71124078 15.30096612
v 10.46195244 31.42630447 15.14626964
v 11.49250197 30.68333360 14.69255859
v 11.28562349 31.02470275 14.64915356
v 11.70338380 29.98534224 15.01560747
v 11.01750014 30.71540596 15.12516735
v 10.31392605 32.81148342 14.10793478
v 10.07242914 32.71214706 14.36349328
v 10.31878368 31.90127472 14.86444699
v 11.17665441 32.13011911 14.14081197
v 11.57910000 31.19520000 14.27490000
v 12.61047366 31.14730984 13.23603239
v 12.26903634 32.31830224 13.33371805
v 10.40065740 30.92016500 16.17483677
v 10.33078449 31.08695716 15.90674352
v 10.07755013 31.53864334 16.92034957
v 10.60942430 30.96687631 17.28851546
v 10.16829416 31.34636528 16.91318646
v 10.18829191 31.78775104 17.64946036
v 10.36056909 31.51726112 17.69548537
v 10.81506772 31.13492022 18.05838785
v 10.93064870 30.49757031 17.06857610
v 11.27053185 30.70663261 18.12423238
v 13.11657279 34.89295949 13.02623146
v 9.19595759 33.53685954 15.38490444
v 9.37689274 33.37128403 14.92797275
v 9.98933417 35.35337022 14.27577870
v 9.19715347 35.21471047 15.39826769
v 9.31318642 36.00081115 15.27418796
v 10.05691028 34.97340233 13.88242715
v 9.63153386 35.42059742 14.70316441
v 9.72410016 36.33478077 15.00665990
v 8.60784050 35.97045892 16.92086967
v 8.26027917 35.83174915 17.89601734
v 9.16125701 33.39200728 16.05851047
v 9.29564839 33.39208897 17.23009062
v 9.52879068 33.42960942 18.07229947
v 9.46289337 33.65894522 18.18195991
v 8.92179275 35.16262205 17.02534993
v 9.05342664 34.45813747 17.89037300
v 8.98704834 34.78693432 16.83637624
v 9.02026884 34.77714705 18.46961716
v 8.75361906 35.27893949 18.46920354
v 8.21292967 36.08999525 18.49380617
v 8.94667487 37.22425946 17.62958348
v 8.28493341 36.72635223 18.31737931
v 8.84647324 37.09600241 18.33669393
v 8.89327159 36.46866753 16.39394849
v 9.04825000 35.87280000 15.85950000
v 8.84937836 35.82569454 16.38370747
v 9.27738700 36.87833717 16.02691951
v 9.08019354 37.00371926 16.45758897
v 8.06947651 36.87595923 17.64415645
v 10.02037451 33.49442643 13.97437606
v 10.11136945 33.69522828 13.90865210
v 10.27501719 33.91210432 13.63164878
v 11.40846619 33.49045634 13.24716961
v 11.84816029 34.57959148 13.03964499
v 10.39195342 35.23651606 13.78718429
v 11.02636875 35.83496210 14.04531394
v 10.35286291 36.15458813 14.54674361
v 12.29042529 33.65781587 12.84439156
v 12.61909861 33.43734447 12.74271484
v 11.05247417 35.02667907 13.43010110
v 12.48356643 35.33074128 13.47082959
v 11.99305587 35.56791774 13.76070793
v 12.99692795 35.28694472 13.50668798
v 12.67535753 35.23495348 13.43049594
v 13.27717797 35.72465899 14.37759056
v 10.56798582 36.89184655 15.57462959
v 11.29144526 36.52885714 15.20021462
v 12.09120713 36.50120088 15.87376028
v 12.75614015 36.21849758 15.41063961
v 11.87062628 36.38695907 15.25124933
v 9.85091541 37.08195550 15.83282414
v 10.41915587 37.24786191 16.64294215
v 11.10844694 37.11861858 17.04100357
v 11.32938686 36.95129873 16.59622601
v 11.09778585 37.18010338 17.30503427
v 10.13544214 37.40946077 17.69377085
v 11.66629638 37.29126282 19.69468952
v 11.48048674 37.18992846 18.13772488
v 11.48091095 37.27662816 18.71226702
v 12.08528137 36.67142574 16.76574351
v 12.76424778 36.45668373 16.92151741
v 11.69697345 36.97080422 17.45768530
v 12.01846647 36.98982142 18.10649221
v 12.66547488 36.73425088 18.24628487
v 15.52734803 26.97457496 12.27478186
v 14.83759840 27.54507494 12.83092121
v 15.27199074 27.81973233 11.99434535
v 16.28793033 24.73710796 12.73506622
v 16.71761657 24.72320573 11.96872601
v 17.93975017 23.27268045 11.13679489
v 17.43620624 23.83261147 11.43330684
v 17.53502427 23.28154434 11.94291409
v 17.38618384 22.96275079 12.71573717
v 17.60744559 22.56301339 12.79552730
v 17.21169830 23.32950279 12.62173324
v 17.06511408 24.11973374 11.92618899
v 17.25008605 24.53578575 11.05742477
v 17.28963587 24.66556052 10.90055799
v 17.91566257 23.90914303 10.61237905
v 18.13118510 23.98584369 10.27342938
v 17.49050264 23.93041190 11.19853627
v 16.90174221 23.87739827 12.63838775
v 17.36873715 25.54045740 10.25972622
v 18.07107612 26.14937368 9.36938417
v 17.50999135 25.88653734 9.96729911
v 16.96189964 26.96315563 10.18802039
v 16.87790830 26.66277781 10.39621057
v 17.01767535 27.23242809 10.03964336
v 16.69891264 27.27272782 10.37330760
v 17.51007925 27.35842852 9.48481213
v 16.37108066 25.53168533 11.78418788
v 16.67092842 25.62847027 11.14887241
v 16.03871899 25.57541252 12.35464946
v 15.84387771 25.55672400 12.71982526
v 15.51913610 26.40755084 12.73578923
v 15.92419963 25.34153745 12.77225315
v 15.51112810 28.08716418 11.47276049
v 15.97787652 27.32824516 11.29196338
v 16.27636746 26.90040258 11.08581439
v 15.82700477 28.41620713 10.92828415
v 15.93339744 26.64011230 11.82452067
v 15.46393656 27.52236114 11.91937418
v 17.36341554 25.34328351 10.37864951
v 17.27528780 25.52485962 10.38334349
v 16.56830837 26.86488604 10.70759170
v 13.90917913 27.97194099 13.50856871
v 13.38550301 27.47606849 15.17829830
v 14.03389568 26.99733804 14.49647062
v 13.91198590 26.48802363 15.79116816
v 13.83371908 27.38645800 14.30977074
v 15.15006519 25.79318456 14.14341799
v 15.16799656 26.41813622 13.44669405
v 14.60774545 25.86956220 15.09792150
v 14.24494239 26.30408906 15.11300362
v 14.18273002 26.30605874 15.29070233
v 14.90017398 25.48340276 15.24444244
v 15.12567886 25.60159071 14.43220541
v 15.24000033 25.02302842 15.54846917
v 14.65953145 26.55645522 14.08326725
v 14.65422643 27.05940264 13.55241794
v 14.60739426 27.35712436 13.30783235
v 14.19500000 27.32380000 13.86630000
v 14.07708539 27.08264075 14.31137471
v 14.52120000 26.48690000 14.36260000
v 13.97551765 26.29342876 16.20367608
v 13.32085954 27.28227019 15.89108331
v 13.28072188 27.18890542 16.70103087
v 13.37941563 26.96307603 16.65809552
v 13.64416452 26.71495040 17.52042908
v 13.42365871 27.07847251 18.03699637
v 14.08145700 26.51551260 18.36620234
v 14.42654914 25.82364052 16.03389432
v 14.06946495 26.24505004 17.57661153
v 14.56488112 25.71901560 16.86773347
v 15.41696885 24.94230095 17.40024324
v 14.45770118 25.86683198 17.19552912
v 14.86942258 25.54273032 17.34652298
v 15.15754415 25.56351416 18.17633608
v 15.19332953 25.69887787 18.60777066
v 16.67660060 23.44757189 14.28401825
v 16.65866084 23.47866444 15.81046169
v 15.91656305 24.69800374 13.51323663
v 16.27171515 24.19900696 13.55129017
v 16.38529642 24.24214603 13.23830823
v 15.72526928 24.65518145 14.33113929
v 16.67832799 23.60478355 13.62910534
v 16.50949396 23.63596575 15.34705444
v 15.99068371 24.23065988 14.73112875
v 17.33748714 22.57958838 13.46172857
v 17.20263038 22.72017733 13.72966197
v 16.84780007 23.64549000 13.12701546
v 17.46011383 22.53522344 13.19578505
v 17.28739639 22.63611907 15.78353697
v 16.79170072 23.26059276 14.39722185
v 17.04648765 22.87811292 15.16761342
v 16.72851613 23.68156931 18.27313160
v 15.45288209 24.74939027 15.94223528
v 15.67400840 24.54794839 16.87642693
v 16.35612510 23.83005335 16.88868014
v 17.11779619 23.01598152 16.42508465
v 15.95975269 24.43829008 17.97835744
v 15.85653600 24.41897358 17.46128552
v 15.46143783 25.31262861 18.49105099
v 16.30979341 24.07247928 18.13326697
v 16.66593142 23.90104775 18.53985912
v 17.33545896 22.83103166 16.90249245
v 17.79479430 22.54405693 17.64869206
v 18.24039159 22.67673123 18.34711126
v 17.63903716 23.02871782 18.38682364
v 15.39167354 25.47044086 13.92064154
v 15.62074742 25.43799945 13.33665664
v 15.24760681 25.21534284 14.83842191
v 15.45942374 25.95782547 13.21362980
v 13.91130000 28.55330000 12.93580000
v 13.85074767 28.87327785 12.72481853
v 13.28917199 30.45046002 12.55639277
v 14.62892790 27.94775859 12.69473834
v 14.42004182 29.36503429 11.86060285
v 14.75577321 28.56418654 12.01687670
v 15.13143831 27.94306200 12.08459040
v 14.24604235 29.91957976 11.79943487
v 14.03004780 30.68466942 11.88199857
v 13.31534925 32.22500006 12.53474833
v 13.94604245 32.72797427 12.14986080
v 14.86221291 31.36153787 11.38181327
v 13.87577253 31.63645876 12.13071057
v 15.29151312 32.17969659 11.40252649
v 15.00771421 32.29654962 11.53582206
v 14.50406487 32.58345765 11.85805097
v 15.40916433 33.66997206 12.04733198
v 15.73499893 33.12259303 11.74374802
v 16.75348203 28.87677018 10.00596876
v 16.83356565 30.13636692 10.12700147
v 17.02702960 27.97534136 9.80203162
v 17.54115875 28.83212689 9.35942636
v 17.47909978 29.18831648 9.52401216
v 18.25017286 29.08759222 9.29950332
v 17.58053247 30.19029420 9.83105319
v 17.14882160 30.68665155 10.15937894
v 17.74491417 29.77624700 9.58961921
v 15.25977644 28.70643076 11.46632162
v 16.34876527 28.73343487 10.38496104
v 16.44518629 27.94758930 10.39307985
v 16.19353423 28.86835481 10.52686105
v 15.72184290 29.34811142 10.88776234
v 16.17551640 29.57606994 10.55327948
v 15.33695529 29.85340512 11.12638678
v 15.62835307 30.77873032 10.88210993
v 16.69981347 30.70199303 10.28757045
v 17.64738073 31.10171165 10.35388032
v 16.28057309 31.44946414 10.65302652
v 15.44760000 30.67960000 10.98720000
v 15.54570000 31.12770000 10.94620000
v 15.78638732 31.96551557 11.06206477
v 16.09901593 32.43924773 11.18954380
v 17.21243055 31.83069528 10.71721613
v 18.45985675 31.68202873 11.16681585
v 17.01427555 32.97635250 11.83400833
v 16.79494269 32.23535657 11.02614533
v 17.99401762 32.59766836 11.96326506
v 18.02468635 31.92522952 11.17403159
v 18.16987997 32.34469350 11.76986920
v 17.99437924 32.91025884 12.30795957
v 13.41903056 28.65581587 13.45633095
v 13.31701198 27.95780686 14.51298506
v 12.90706531 28.26672761 15.05145295
v 12.19673691 29.48565105 14.90005380
v 12.53735971 28.73470034 15.24984291
v 13.38707490 28.98650799 13.21267290
v 13.48080634 29.53307269 12.67097682
v 13.31838841 28.52262114 13.77672365
v 12.89846624 30.18675338 13.18453742
v 12.92689245 27.94811043 16.02166861
v 13.35178206 27.13854561 17.70060380
v 12.90175864 28.34893840 17.71196222
v 13.15867396 28.11922291 18.72449648
v 12.89734644 28.73414116 18.41213219
v 12.99892224 30.84905504 12.87140134
v 12.52494765 31.49785123 13.26177009
v 18.94566911 22.69854284 10.30717983
v 18.71687643 23.19595941 10.21089845
v 19.31924308 23.17210512 9.55798227
v 19.32022915 25.36186598 8.76199553
v 18.95726083 23.80552703 9.53877546
v 18.60085256 25.03489699 9.34034484
v 19.46436950 23.82232963 9.04837906
v 18.94110059 24.61196557 9.20153997
v 20.17373549 23.19133190 8.79353675
v 20.76894796 23.68142308 8.16227863
v 19.62873308 22.84973379 9.40165275
v 19.93200439 22.23956990 9.39284992
v 19.77542000 23.32071396 9.02803393
v 19.92400750 22.94423816 9.08243059
v 20.68628765 22.29148560 8.78177178
v 19.34745522 24.07630096 9.05438747
v 19.91107484 24.84299685 8.32179291
v 20.72449154 24.81213859 7.86055863
v 19.94096742 23.93977300 8.54673460
v 20.83081677 24.90973659 7.86543410
v 18.34631415 22.87934857 10.92802184
v 18.55921883 22.39777903 11.07568476
v 18.29765343 23.53397193 10.42604168
v 18.37573394 23.31079964 10.51843324
v 18.11784738 22.51340751 11.72021100
v 19.48408347 26.17131924 8.53349335
v 18.49504043 25.41229451 9.29005395
v 18.20795500 25.11259528 9.65896234
v 19.08220519 26.33148641 8.68817726
v 18.52839900 26.06019380 9.07463162
v 19.03206688 27.19712719 8.73023345
v 20.06595787 27.69184513 8.75718502
v 18.93121980 27.64200204 8.81212161
v 18.30133350 26.47230355 9.12986874
v 18.12731023 26.52280430 9.21331488
v 19.76633150 25.42972813 8.43841966
v 20.38639142 26.04647766 8.33624518
v 19.97782021 26.76018251 8.46791787
v 20.59556346 25.88203626 8.31087264
v 19.49541652 26.98678622 8.60263423
v 20.21039282 27.49728144 8.70503937
v 20.76013655 26.64576073 8.62187841
v 20.86338975 27.35381668 8.94183422
v 21.06856463 28.05734244 9.45081974
v 21.47951418 23.47039283 8.34658195
v 21.44299259 22.87937691 8.40036167
v 22.23087032 23.35091252 8.67268127
v 21.90753731 23.81900633 8.53855692
v 20.96512002 24.77906030 7.90100534
v 21.57723097 24.77376909 8.29597522
v 21.70302324 24.83563296 8.42675919
v 21.96143969 25.02921642 8.77698017
v 22.31622026 22.75467300 8.52376147
v 23.23758548 23.09452147 9.06521533
v 23.28323596 22.53923772 8.90061071
v 23.18017699 23.61239499 9.16678578
v 23.58722894 23.79292009 9.56190543
v 22.97475181 24.18149523 9.18868967
v 22.43297943 24.90418259 9.08977507
v 23.12082371 24.79229326 9.48348461
v 23.44126021 24.07725191 9.43971413
v 23.51771845 24.40046781 9.72656276
v 23.55117436 24.96037088 10.13007754
v 23.43317265 25.21024574 10.27495819
v 20.97397990 25.70305019 8.35120486
v 21.65677671 27.20801519 9.53565870
v 22.16117209 26.07600889 9.53413843
v 21.23452876 27.29740629 9.19660161
v 21.28980898 26.88610971 9.10027211
v 21.67418247 27.51900498 9.78489543
v 21.82462042 26.94871691 9.64363026
v 21.85811335 26.41696792 9.36399389
v 22.03424057 27.37680227 10.36761327
v 22.15813842 26.99832267 10.28122004
v 22.58345920 25.56665927 9.64638768
v 22.26847633 26.76855127 10.31130114
v 22.58467704 26.27014023 10.29945269
v 23.24846041 25.49754846 10.30592957
v 22.18285311 27.29448343 10.81734865
v 22.06526314 27.75164632 11.18634952
v 22.87850710 26.24871813 10.88357276
v 23.12927218 25.82907425 10.63685112
v 23.39212489 25.64540916 10.95201460
v 22.96591001 26.27432337 11.20152835
v 23.10763041 26.15327721 11.57163893
v 23.38941303 25.73852272 12.76638193
v 23.25543513 25.76763560 13.41225046
v 23.02281408 26.40126185 12.12352321
v 22.27853673 27.13032422 10.86528506
v 22.48841283 26.97325773 11.27365429
v 22.54140000 26.53160000 10.63820000
v 22.80216212 26.53767588 11.29316089
v 22.66742257 27.00822290 12.19805535
v 22.18365069 27.76535645 11.89267852
v 22.82882266 26.82611350 12.47356855
v 22.37062929 27.50850692 12.18715427
v 22.32714320 27.88723504 12.94041493
v 23.47046614 23.28097424 15.59025266
v 23.41227656 24.11498924 15.30178994
v 23.39912329 24.97952919 13.83847693
v 23.04485806 24.38244596 15.72468999
v 23.18939417 24.77814137 15.25726647
v 23.28384748 24.90755835 14.52246972
v 23.10898907 24.80714431 15.41640318
v 21.78838782 22.86469070 17.81825071
v 21.09470800 23.28740905 18.31569286
v 21.54198120 23.15300642 18.02005297
v 21.39147308 23.85343222 18.11547428
v 21.86012729 23.27611739 17.74863585
v 21.68235982 24.04305989 17.79802318
v 22.09027091 24.88815192 16.95455934
v 21.32470385 24.23566007 18.22831108
v 21.48452074 25.85660264 17.70926095
v 21.69449991 24.63369624 17.59422139
v 21.63467614 24.96728421 17.59350754
v 22.59811007 22.66507530 16.97654317
v 22.49812743 23.24019937 16.87512269
v 22.33363546 23.81317027 16.88142991
v 23.41978543 23.09918413 15.78281195
v 23.09329885 23.39006376 16.07653809
v 22.38318197 22.52902106 17.23266305
v 22.33832970 23.09601321 17.09477597
v 22.60358086 24.29313916 16.42291028
v 22.42587408 24.08512239 16.68218450
v 22.75394377 24.89093126 16.10274664
v 22.93485708 24.00168979 16.08383400
v 22.95200309 24.19536473 15.98207505
v 21.96479236 27.12831571 16.03901320
v 22.19180816 27.68730120 14.95812708
v 22.06623669 27.29673593 15.46394056
v 22.92789176 25.89316323 14.53176989
v 23.25251463 25.45989762 13.87192217
v 23.15907059 25.34882414 14.38204282
v 23.11946972 25.98603405 13.68987794
v 22.74751749 26.33719848 14.55651707
v 22.82344773 25.67882152 15.28503504
v 22.38863564 26.42117295 15.40198826
v 23.00194455 25.56346996 14.72786934
v 22.50091638 27.59238008 13.65471943
v 22.72469496 27.05833437 13.63235891
v 22.37921283 27.54283617 14.34744614
v 22.43726373 26.60177861 15.04940175
v 22.44505476 27.20701336 14.43865179
v 22.20370000 27.22230000 15.10110000
v 21.79220098 26.11305798 17.10598639
v 21.73384978 25.81977836 17.27228351
v 21.57162755 26.74401917 17.24625375
v 22.11397485 26.51834717 16.16717222
v 21.54792337 26.42164792 17.48378932
v 21.80728074 27.04905037 16.51672153
v 21.78058936 28.40013126 15.82401810
v 21.64334943 27.20136765 16.87210277
v 21.55336853 26.91664752 17.23551604
v 21.39795428 27.23499361 17.68607586
v 21.30020927 26.84680392 18.28030953
v 21.41474661 26.63246994 17.81863318
v 21.37395921 27.97109227 17.45984655
v 22.49529333 25.70540314 16.11107508
v 22.71586235 25.22981420 15.93941309
v 22.29227588 25.17813388 16.58906599
v 18.68736071 27.78396571 8.90496839
v 18.20898059 28.17835282 9.08587699
v 19.33650937 28.25676428 8.95774855
v 19.05499619 28.63854867 9.07602698
v 18.66370612 30.30074346 9.94070093
v 18.83933622 29.62889037 9.51201970
v 19.91882918 28.38931862 9.00905471
v 19.71662308 29.21616707 9.52261302
v 20.18245027 28.29549292 9.06968343
v 20.96088567 28.43505971 9.64303759
v 20.73427868 29.28251833 10.28099141
v 20.17460000 29.15890000 9.72250000
v 19.90560056 30.01566769 10.27741648
v 20.16541839 29.75431557 10.19529465
v 19.23533215 30.38161404 10.21310492
v 20.14888646 29.33883926 9.84545658
v 19.71175905 30.33497773 10.45889811
v 20.58619590 29.85580049 10.83778473
v 20.75270820 29.96604219 11.22173287
v 20.20681721 30.42395230 10.99628083
v 20.51620432 30.43730336 11.50798921
v 19.15912773 31.28249688 11.18893890
v 18.91792565 30.81859443 10.53773382
v 19.47976544 31.04251883 11.11922874
v 18.90564078 32.08929299 12.08930681
v 18.45181976 32.39492354 12.04940706
v 18.52439749 33.07152142 13.29551880
v 18.57721702 32.90260008 13.01801192
v 19.37934220 32.23769712 12.94987814
v 19.99196193 30.77898352 11.22945220
v 19.47754115 31.51804177 11.80644424
v 20.17836584 30.79733427 11.45310012
v 19.75457250 31.80501783 12.61311079
v 20.09416692 32.00893071 13.43298819
v 20.29907224 31.16630242 12.24115622
v 20.76628160 30.53890392 12.11263821
v 20.23246929 31.46250380 12.55573104
v 20.96808439 30.80991292 12.90863802
v 21.62890136 28.19544154 10.37517637
v 20.97435719 28.87305044 10.10404270
v 21.37801803 28.81690223 10.86099377
v 21.60005509 28.76274951 11.51971276
v 21.75878740 28.05029541 10.51146557
v 21.87146738 28.10569655 11.03285574
v 21.80830897 28.29846392 11.22494898
v 21.94124405 28.23191645 11.78235298
v 22.04980132 28.26643617 12.35783105
v 21.84148673 28.55680208 12.06653952
v 22.19593785 28.16206695 12.85015475
v 21.44162995 29.72924676 12.63720343
v 21.92230899 28.63445805 12.49135647
v 20.90137544 29.20866778 10.41228775
v 20.98985050 29.45289114 10.89159473
v 21.05523086 29.34185717 10.86457967
v 20.98551079 30.00020731 11.77440711
v 21.31516095 29.28964666 11.50538680
v 21.49811983 29.24140384 12.07758621
v 21.11392998 29.97770319 12.07009836
v 21.01903520 30.39060174 12.43309874
v 21.12884464 30.44870431 12.78829319
v 21.80061605 29.13454725 12.86705518
v 20.64260420 29.63723107 18.15763788
v 20.68359464 30.38174866 16.94668330
v 20.56966350 30.10369685 17.61045103
v 20.32637851 30.13417517 18.40515815
v 18.89222376 32.98944747 13.83446428
v 18.96317274 33.09497407 14.45390840
v 19.80103725 32.34744407 13.85356527
v 18.96542999 32.80151354 13.46068248
v 19.70349455 32.46849421 14.04972034
v 19.15315786 33.04389257 15.18595095
v 19.41372228 32.71981783 14.29230173
v 18.85340539 33.28158148 15.22201367
v 19.44362817 32.81156667 15.15045177
v 19.43821798 32.71490436 15.75247784
v 20.42432355 31.69203573 13.40489682
v 20.29100337 31.93254137 13.73018323
v 20.75252115 31.43508463 13.53891411
v 20.86424682 31.18777325 13.29311677
v 20.86038335 31.34798843 13.66648294
v 20.89849559 31.46924563 14.20561566
v 20.85391402 31.47227811 15.20412540
v 20.87331735 31.45255877 15.23398712
v 20.07922321 32.14040267 13.76686473
v 19.95164580 32.45631553 15.00042420
v 19.64803724 32.65859546 15.26690313
v 20.45116849 31.96151757 14.30633525
v 20.24620411 32.21640129 14.69796240
v 20.24306320 32.15269296 15.46794754
v 20.26909760 32.19344660 15.04634079
v 18.89693239 33.09357793 16.03442209
v 18.47416413 33.17498216 16.78171974
v 19.27630139 32.40316346 16.87490326
v 19.24455610 32.77040325 16.11003782
v 19.67795068 32.17593431 16.65560127
v 18.51771546 32.96783955 17.19032945
v 17.86979901 33.34983680 17.93953151
v 18.63018396 32.64467057 17.78676768
v 18.41724207 32.85830156 18.40088578
v 19.45193126 31.78882041 17.68913371
v 18.99522858 32.33724947 17.52450882
v 19.14120430 32.03156387 18.35733441
v 20.16550252 31.40256522 16.96889524
v 19.73703405 31.79661058 17.11211715
v 20.34670322 31.15849441 16.90524183
v 20.19433069 31.82859557 16.31887260
v 20.71670976 31.29845484 16.02951309
v 20.69254061 31.23188091 16.16256489
v 20.14675237 31.28148766 17.14961848
v 19.93931049 30.93033436 18.06594183
v 19.89811800 30.91813596 18.54476889
v 19.86799685 31.29386732 17.62778845
v 19.62301537 31.39148872 18.41585407
v 20.69263048 30.54442069 16.74594503
v 20.34675373 30.68424290 17.42579000
v 20.15054647 32.16977403 15.75312394
v 20.07976504 32.11339544 16.10935492
v 19.49116822 32.10702716 17.06643241
v 22.08484984 28.76689285 14.55658228
v 22.10120401 28.68590527 13.36952482
v 21.96089024 29.04587329 13.36001460
v 22.15321973 28.67493916 13.92022704
v 22.07421016 28.87335863 14.50581480
v 21.89342783 28.82326584 15.21198501
v 21.65700455 29.86682080 13.52114479
v 21.38680742 30.30120989 13.35165580
v 21.36958471 30.58395640 14.47948062
v 21.76914698 29.67166752 14.41942643
v 21.43572948 29.95032256 15.26788880
v 21.56028292 29.85335286 14.90082477
v 21.56086292 29.50975261 15.36668869
v 21.75768471 29.21589558 15.14463071
v 22.32432325 28.07114905 13.74389568
v 22.12978325 28.27028730 14.79320255
v 22.20910000 27.88600000 14.76880000
v 21.49634460 28.05901800 16.82727664
v 21.37408894 28.93217338 16.57088178
v 21.07477854 29.31796240 17.24593555
v 21.63719390 28.16629204 16.34789934
v 21.21788158 28.51033090 17.69687410
v 21.36930801 28.66329384 16.82756835
v 21.14164959 28.08680604 18.42105420
v 21.15515899 28.81310421 17.69614448
v 20.97694115 28.86275958 18.27519875
v 21.10177333 28.45805758 18.24100014
v 21.06362151 29.97693165 16.41827041
v 21.44336292 29.16215567 16.07207228
v 21.02746598 30.37394614 16.08681287
v 21.02709548 29.72289196 16.82419728
v 20.83932005 29.79372717 17.29843440
v 20.86870000 29.20240000 18.10170000
v 21.12177223 31.01844171 13.80298381
v 20.98933910 31.26686994 15.25982357
v 21.07877748 30.65526901 15.64566017
v 21.02100045 31.33447915 14.55524437
v 13.31179876 34.34570831 12.68947120
v 12.88727260 34.42909576 12.77633120
v 13.51750796 34.53839919 12.71248630
v 13.53862759 33.60063045 12.31005056
v 13.68353868 34.25105125 12.50045520
v 14.06569668 34.05578466 12.36208701
v 14.31236266 33.79562978 12.20659036
v 14.97922481 33.58196458 12.04753665
v 14.52293929 34.46939419 12.71403322
v 15.05453533 33.73867073 12.12077908
v 14.70039856 34.63166427 12.99721409
v 15.67083010 34.26635433 12.82912937
v 16.57732792 33.51851672 12.21593650
v 16.11666608 33.69769245 12.24190382
v 16.63567697 34.45929799 13.77247465
v 17.55032818 33.70423204 13.16177955
v 17.54503819 33.31078910 12.56515180
v 16.94330250 34.33897282 13.78435802
v 17.87557439 33.22198568 12.72064724
v 13.19286102 35.23702271 13.48227657
v 14.52135261 35.32884481 14.36053592
v 14.35275377 35.52344808 14.78178644
v 13.41048852 35.85473616 14.95744205
v 14.07683392 35.67271044 15.07870710
v 13.87259826 35.81836931 15.68772058
v 14.36416898 35.03395859 13.58433515
v 14.78586384 35.19792405 14.27304432
v 15.03618364 35.11786925 14.31922506
v 15.58621872 34.77947458 13.71135501
v 14.87732889 35.38138678 15.20694248
v 15.33604509 35.21395063 15.47444560
v 13.74895289 35.97847359 16.64248475
v 14.35128115 35.72710458 16.57491537
v 14.67410595 35.62686354 17.00754565
v 14.81872768 35.52360356 16.29918374
v 15.32449298 35.28850770 16.06741012
v 14.79902867 35.71668504 17.85569874
v 15.32797078 35.35915629 17.32048226
v 15.27041756 35.44589881 17.66012871
v 15.21520791 35.63578120 18.59386056
v 15.46450833 35.39931999 18.15687403
v 13.01824273 36.07297800 15.24918299
v 13.46755915 36.00927060 15.91397997
v 13.41137691 36.13348209 16.59000339
v 13.10568900 36.32313652 16.90776557
v 13.18540131 36.50146449 18.06360596
v 13.56421378 36.33625815 17.89362947
v 13.69518979 36.42544546 18.51182498
v 14.00433275 35.96601443 17.17451035
v 14.33768133 35.93506109 17.75297252
v 13.90938477 36.19702148 17.97771365
v 14.00309538 36.04867404 17.52198370
v 16.30126048 34.49142720 13.55932560
v 16.01769864 34.62585797 13.64893672
v 16.34173701 34.79464442 14.60870771
v 15.37697278 34.84526773 13.78008626
v 16.43265970 34.68745367 14.27893553
v 15.83785054 35.05493520 15.50797472
v 15.39601106 35.01864799 14.39428052
v 16.45900726 34.79053383 16.07542921
v 16.85864942 34.61983488 15.71912060
v 17.90283995 33.68498150 13.62766622
v 18.29638203 33.32642641 13.48186781
v 18.37340929 33.63733304 14.76193173
v 17.76194523 33.94541265 14.12248690
v 16.90322031 34.63813462 15.10001736
v 17.12319694 34.41160110 14.37918351
v 17.63522848 34.19475825 15.41787165
v 17.93934361 33.94815875 14.76322871
v 16.84444761 34.51165581 14.24307783
v 17.45246503 34.21470838 16.09799492
v 16.75088827 34.32524888 18.20760948
v 15.37102541 35.29343290 16.84724792
v 17.12967149 34.12484075 17.37449724
v 16.21991566 34.79128963 17.50946504
v 16.04845621 34.93350225 17.91489399
v 16.22000258 34.82567863 16.80145774
v 17.33743555 34.09191860 16.78293358
v 17.37299344 33.99935518 17.07698922
v 18.13477724 33.69188535 16.16182815
v 17.78619932 33.74551736 16.86712620
v 17.67764311 33.96266035 16.42752189
v 16.68459145 34.39419360 17.62907651
v 17.47502620 33.72937951 18.52498597
v 17.41754342 33.81190975 17.63326401
v 17.59898292 33.62011256 17.96179356
v 18.00843369 33.31193344 18.64306196
v 18.38338426 33.39684000 13.88332902
v 18.40029970 33.51658153 14.32742677
v 18.32381504 33.56996219 16.05776700
v 12.54756789 30.23467488 19.80662842
v 12.70124740 29.59393929 19.10642056
v 12.22661074 30.27776171 19.14010216
v 12.72724059 30.09344946 20.08689527
v 12.67489089 30.30568984 20.32389811
v 10.64383892 31.89017205 19.02558639
v 11.36744847 30.96239821 18.84605894
v 11.08478564 31.02468515 18.41602476
v 10.87923898 31.47471639 18.79260334
v 11.33278603 31.16185144 19.21688620
v 11.23197070 31.45656439 19.60502632
v 11.17076508 31.84525007 20.22809092
v 10.41548196 32.26712538 19.04863739
v 10.13415591 32.77030475 19.08502437
v 10.37803767 33.42419445 20.29119354
v 11.02926754 31.61465680 19.47612807
v 10.84511035 32.04364308 19.82301517
v 10.41538391 32.76292858 19.79501838
v 10.73756471 32.60219940 20.34964492
v 11.00783496 31.90493408 20.00483050
v 11.70923533 30.48387053 18.47728708
v 11.91108942 30.52676332 18.97809322
v 12.01376674 30.59929349 19.38570040
v 11.71987074 31.02280181 19.75029740
v 12.00455770 31.04581351 20.38168388
v 11.56812038 31.52597648 20.40958106
v 11.46911214 31.73046655 20.52936981
v 12.53501003 30.40573346 20.19440689
v 11.14703508 32.56180253 21.00768279
v 12.48412365 30.85065899 20.97151132
v 12.51095543 31.12527569 21.42221807
v 12.27236335 31.58922182 21.52692835
v 12.74535966 31.85276213 22.41642731
v 11.55379613 32.11315018 21.10809452
v 11.96247424 31.90923281 21.43698689
v 11.69588076 32.82414173 21.95579341
v 11.87774352 33.34864693 22.63611703
v 12.23885353 32.77522657 22.57993249
v 12.78031054 32.09647735 22.71813431
v 12.71156428 32.40831099 22.92199815
v 12.47898567 33.22359291 23.46384967
v 12.85487918 32.70965765 23.60363283
v 8.42879323 35.84631149 18.62797763
v 9.88964065 33.41013617 19.09150159
v 10.04479484 33.50035214 19.58669088
v 9.76141155 33.65344765 18.99464510
v 10.32023638 34.02952441 20.43590140
v 9.67313810 33.82461802 18.87268109
v 9.64281221 34.45954217 19.37424907
v 9.98216180 34.55889189 20.01890605
v 8.93660017 35.07389788 18.60931384
v 9.13091976 34.85788436 18.77379327
v 9.70914542 34.97075730 19.76080740
v 9.06108660 35.23170756 18.91380115
v 9.18743818 35.72285215 19.34189377
v 9.56693634 34.27124683 19.07769736
v 9.58403744 35.50734750 19.71422689
v 9.89833336 35.74556494 20.02692425
v 8.51535876 36.68994279 18.59589504
v 8.93442617 35.98391329 19.13948966
v 9.33578914 36.18209594 19.46370991
v 8.78744334 36.92762038 18.69775421
v 9.22980749 36.92391470 19.00162629
v 9.73207252 36.87372941 19.43877419
v 9.65400373 36.49205928 19.56254044
v 9.64455221 37.16433548 18.81087003
v 10.05999372 36.36350956 20.02619640
v 9.67256281 37.21608728 18.70630251
v 10.81658908 37.24560452 19.33807985
v 10.87782774 33.38305622 21.20809279
v 10.54742892 34.82996825 20.93146771
v 11.07393098 33.56056289 21.65363360
v 11.23787993 33.46846600 21.85293961
v 11.12589768 34.23536069 21.98450588
v 10.79763257 34.60671830 21.42437409
v 11.26600237 35.20645778 22.15767308
v 11.72636386 35.98523323 22.74558497
v 11.03393334 35.36767530 21.61604070
v 11.08261081 35.93965929 21.36764949
v 11.59043285 33.47091423 22.34494107
v 12.03513849 34.25562479 23.52844881
v 11.72273686 34.60578725 23.13789639
v 12.18745100 33.82241468 23.48482170
v 12.43244312 34.02416015 24.18044559
v 11.53883202 34.62621042 22.77817718
v 11.99496332 35.21546676 23.55628119
v 11.90674589 35.98023467 23.07838227
v 10.43456811 37.14997818 19.48137194
v 10.34094977 36.14164725 20.35756712
v 10.59044454 36.26599697 20.50474531
v 10.36652690 36.88014444 19.87125495
v 11.28180904 36.83875995 20.74113353
v 11.10167961 37.10058759 20.13396428
v 12.44703782 36.94002147 18.70519372
v 12.84627852 36.83757246 18.90089371
v 12.37852728 37.20351394 19.72919649
v 12.34668111 37.09508791 19.19660420
v 11.77732705 37.16612711 20.61909802
v 12.86746568 37.18917508 20.12204215
v 11.90479396 37.20946506 18.97152732
v 12.74078165 37.24324088 21.77405872
v 12.97372163 37.23730176 20.50773655
v 12.93587289 37.28085451 21.64043043
v 12.94502332 37.28966367 21.03780830
v 11.40074756 36.06360897 21.89946559
v 12.05935596 36.12576602 23.23125549
v 10.90876308 35.96744804 21.05999834
v 11.91992512 36.79511180 22.06496965
v 11.60786551 36.96735964 21.01326736
v 12.00743543 36.97223417 21.79163216
v 11.93446904 36.90567373 21.84420963
v 12.57682392 37.12608892 22.33735505
v 12.58542809 37.00418757 22.90171693
v 12.06140619 35.43686298 23.70377017
v 12.67756897 36.79455403 23.57462545
v 12.78927241 32.89970124 23.71083278
v 12.72953156 33.77166224 24.50466245
v 12.33393934 34.35874527 24.11389361
v 12.51946142 35.32815555 24.37187695
v 12.62934300 36.01724895 24.38079310
v 12.41063503 35.75440407 24.09376020
v 13.90800242 26.84034648 18.71971905
v 13.91651816 27.07566075 19.22587361
v 14.11463127 27.00388193 19.47208395
v 13.51431269 27.28144289 18.71939848
v 13.82801278 27.16208452 19.19663642
v 13.90185477 27.60794979 20.01946306
v 14.30382351 26.53355684 18.86704988
v 14.63259634 26.01133906 18.27851895
v 15.01304496 26.02201995 18.93770560
v 15.05321036 26.32142415 19.54907848
v 15.31147553 25.93968172 19.31186286
v 14.33685013 27.00405823 19.87430687
v 15.19900510 26.70419639 20.56408691
v 14.30634021 27.37426659 20.47031917
v 15.09626780 26.90518898 20.83286633
v 15.81611686 26.24643460 20.51252970
v 15.67259174 26.92557216 21.62348729
v 14.83880336 27.87857307 21.95457929
v 15.55503355 27.35562505 22.09651043
v 15.05172705 27.81667542 22.18156919
v 16.05585722 24.67651768 18.67231337
v 15.79158396 24.81877873 18.44607021
v 16.66177551 24.60407576 19.33012108
v 17.60958368 23.47303534 18.81929836
v 17.48299838 23.20634398 18.44494137
v 18.12607761 22.94161850 18.55896841
v 18.50671464 23.77788448 19.18216793
v 17.53757983 24.18064244 19.38054860
v 16.96547859 24.60210844 19.46970586
v 17.29849430 24.80138612 19.81852036
v 17.75464293 23.83914657 19.19034118
v 17.73065010 24.53806288 19.63911804
v 18.57998567 24.72749947 19.80467151
v 15.81670812 25.37574211 19.34406959
v 15.82530285 25.13698123 18.99899881
v 15.45645380 25.88272667 19.45185336
v 16.00020464 25.20578194 19.33532410
v 15.93048243 25.77982850 19.96307564
v 16.31419964 25.87970129 20.40075309
v 16.62944692 26.25645087 21.13867118
v 16.85281855 26.12436909 21.02731459
v 16.64863947 25.32078940 19.94890992
v 17.46962113 25.21928734 20.12814165
v 16.99157654 25.56242756 20.32564004
v 18.32948347 25.55785883 20.48545972
v 17.74034044 25.59475408 20.50458959
v 15.98614078 26.72101691 21.44464626
v 15.92178013 27.28691497 22.22872115
v 16.72534182 27.34739200 22.41384075
v 16.36642878 26.89508312 21.93721280
v 17.98578749 26.28086559 21.15554107
v 17.56751422 25.94161229 20.86928883
v 16.83298750 26.63822478 21.65133977
v 18.27410559 27.47499873 22.29253360
v 18.07842349 26.52273982 21.35905658
v 18.47671408 27.10183700 21.82947450
v 18.67412453 27.58071360 22.30428122
v 18.12082672 27.89299475 22.75916918
v 18.61577858 27.87453299 22.63601525
v 13.38601009 27.89432426 19.29150291
v 13.20700739 28.60831520 19.65790374
v 13.31863930 28.40610967 19.80493174
v 12.98002615 28.89440452 19.05960747
v 13.16307696 28.84384894 19.79084079
v 13.54690000 27.83190000 19.60270000
v 13.50502644 28.58743288 20.71722307
v 13.39344639 28.93701242 20.84981145
v 13.19863419 29.17337759 20.50296243
v 13.60290343 27.95955887 19.95040069
v 13.83678935 28.02229640 20.60573616
v 13.94936144 28.50793485 21.43866850
v 12.88160000 29.35500000 19.33570000
v 12.94882572 29.56253610 19.93974105
v 13.17560278 29.51521467 20.90148107
v 12.79637322 30.27687181 20.63051519
v 14.24560453 27.65914995 20.81775013
v 13.73120734 28.96881603 21.57537162
v 13.23842376 30.13146059 21.74999460
v 13.47291131 29.24372587 21.37827235
v 13.43552993 29.61469930 21.69478222
v 13.08512702 30.55699923 21.85101537
v 14.11676136 29.28624167 22.38672323
v 13.80987627 30.21662794 22.67440454
v 13.99827789 30.65991967 23.28390297
v 14.40976967 27.72442833 21.17642386
v 14.22865679 28.30411148 21.62223811
v 14.14009991 28.59078418 21.80348697
v 14.65537499 28.20253397 22.06049417
v 14.82710181 28.26201267 22.33607705
v 14.98705174 28.30799346 22.57917215
v 15.57722916 27.80280465 22.56077020
v 15.13770998 28.34246997 22.69393164
v 15.54542951 28.55481519 23.06351190
v 14.23755128 29.48921377 22.69832944
v 14.73903830 29.24658868 22.97840482
v 14.75935679 29.60540929 23.28533475
v 14.27484346 30.16621982 23.25491328
v 14.58298419 30.26912482 23.58046562
v 14.99514908 30.31297192 23.92386092
v 15.11919445 29.45839115 23.47532084
v 15.16978346 29.27906031 23.37931837
v 15.29333463 30.18253986 24.01155353
v 12.87855878 30.29971982 20.97568738
v 12.75106107 30.69826866 21.26765957
v 12.75915921 30.96989514 21.68007786
v 12.91406161 30.64905761 21.61926234
v 13.18302748 31.22889093 22.58024250
v 13.45491303 31.52262548 23.31304865
v 13.68229976 30.80457936 22.96968325
v 13.89583432 31.32213589 23.67487528
v 14.33777804 30.69602215 23.70012570
v 13.22039649 31.93662746 23.36660962
v 13.36627769 32.33595029 24.19912871
v 16.04036108 27.83942416 22.81857685
v 16.02278021 28.99281660 23.55007379
v 16.65122504 28.74367536 23.49743744
v 16.75450463 28.11699253 23.07878576
v 16.07119158 29.29647902 23.69514798
v 17.70861559 28.06256010 22.93063832
v 17.72796140 28.64174465 23.37940653
v 18.49560802 28.67789477 23.18412506
v 18.63995827 29.52183771 23.33185911
v 17.81284312 28.77332623 23.42020621
v 17.58082644 29.40588068 23.67631608
v 18.35276024 30.00684724 23.46137750
v 17.92915590 31.92443798 23.36803362
v 18.57687166 32.23957478 22.61582338
v 18.01815846 32.06339797 23.29865218
v 18.26240286 32.92152725 23.61293683
v 14.20574893 31.41714493 24.12630912
v 13.03417314 33.36008790 24.68674161
v 13.52358762 31.97399823 23.97534269
v 13.55426856 32.78090088 24.91076629
v 14.26607861 32.19357675 24.89997045
v 13.96281164 32.33559833 24.79614341
v 14.24366756 33.00845321 25.56828197
v 14.37350520 32.75027161 25.45908630
v 14.94675643 30.98756884 24.31166052
v 15.04173442 31.21135701 24.50391965
v 15.06101911 32.10581654 25.23660449
v 14.96374374 31.84129524 24.96855355
v 15.28831975 32.69037075 25.77579606
v 15.88746407 29.71219449 23.87509780
v 16.34193440 30.24568234 24.08966275
v 16.92729433 30.19996011 23.97651817
v 17.32020391 29.57851679 23.76123539
v 17.76518990 30.28164599 23.72618686
v 17.61318837 30.44134695 23.77537181
v 15.97982031 30.68058847 24.34007464
v 15.67329474 31.65331115 24.94102397
v 16.86452618 30.91937130 24.14846756
v 16.87705926 31.35515710 24.32277002
v 16.85189745 31.69244257 24.52606168
v 16.08570023 31.44999260 24.76618686
v 16.54358593 32.08918773 25.04081946
v 15.95875647 32.10210249 25.30083001
v 16.25429172 32.37532167 25.49115342
v 16.20291161 32.84573387 25.89784964
v 16.80658596 32.60329103 25.31292799
v 17.40921242 31.00891064 23.82405259
v 16.94639017 30.91149060 24.10506632
v 16.91302797 31.30320474 24.26209087
v 17.63786686 31.24312741 23.72599643
v 17.93095791 31.09417404 23.57664829
v 16.89348825 32.02740577 24.73004871
v 17.37774708 32.50984733 24.47806380
v 17.47637151 32.26816969 24.08811495
v 17.92700944 32.73356799 23.87484040
v 18.10168697 33.09378411 24.07878168
v 17.49377765 33.47638866 25.37863285
v 17.22186822 33.31164328 25.55889713
v 18.94249319 22.88437793 18.83524299
v 19.00949143 22.42659608 18.62197466
v 18.44601851 23.12609649 18.82685078
v 18.79771594 23.46350630 19.04382364
v 20.13768755 23.28128965 18.75754746
v 20.39976377 24.55146838 19.30942429
v 19.10376869 23.46685730 19.01933794
v 19.50368450 24.67734084 19.63993496
v 20.06477552 24.87921343 19.66319500
v 19.40366301 24.26847402 19.37405596
v 19.83579756 25.22298945 19.95865086
v 20.03832497 22.49956238 18.76646030
v 19.93800000 22.86760000 18.77880000
v 20.93648435 23.62808580 18.58120941
v 21.19412154 21.98429661 18.20904504
v 20.93954677 23.41542351 18.47501212
v 20.00734893 23.87681301 19.00258900
v 20.82356898 24.57794417 18.99754779
v 20.85140365 24.09810320 18.79450029
v 18.91050790 25.29164553 20.19584418
v 19.16768597 26.20806236 20.77364751
v 18.50699217 26.09714136 20.88632447
v 19.52115027 25.63654380 20.29775180
v 19.33057694 25.46966025 20.26903915
v 19.99306252 26.97419947 20.81637304
v 20.76211294 25.46118376 19.37995206
v 20.55460000 25.08540000 19.38650000
v 20.50931665 25.81348403 19.76505506
v 20.07949629 25.93408764 20.22899113
v 20.57842292 26.35474949 19.89791328
v 20.40714840 25.93622663 19.93590796
v 20.86723550 27.87014171 19.28499036
v 20.01932358 26.67550246 20.61997633
v 20.06623886 26.87499610 20.69507852
v 20.18200000 27.19540000 20.75390000
v 20.55571340 27.21091100 20.12741685
v 20.64035521 27.01458178 19.94138035
v 20.53194433 28.61812876 20.37897933
v 20.28580588 27.13939253 20.53937975
v 18.80564069 26.45207379 21.10820100
v 18.67961698 26.97655425 21.62092898
v 19.24637629 27.96393146 22.43640915
v 19.44891244 27.68333781 21.97319620
v 19.90528137 27.68725556 21.53436682
v 20.08141688 27.41256665 21.08947134
v 19.49923081 26.95703221 21.18708869
v 20.03615481 27.90889167 21.61427194
v 21.04563214 24.72753166 18.78125685
v 21.03114060 24.45244976 18.70716039
v 21.29431829 25.40628300 18.23294332
v 20.87966546 25.15032918 19.16997273
v 21.22550000 25.25000000 18.44770000
v 20.98642177 26.09446088 19.23505068
v 21.14608640 26.46070742 18.81633414
v 21.04651158 27.33754653 19.06709873
v 20.88452970 25.65455747 19.31853854
v 20.96692219 26.55762951 19.34531233
v 20.69609202 28.42190317 19.60657908
v 20.39510572 28.41985575 21.01111516
v 20.52733854 29.30608030 19.87832034
v 20.53930570 29.45403062 19.19098570
v 20.35647792 30.04122653 18.78454633
v 20.11152398 30.60388539 19.16434646
v 20.21082150 30.35276956 19.29967051
v 20.35778913 29.49412907 20.92385817
v 20.35032916 29.73306418 20.86176010
v 20.37017414 30.27046031 20.02765051
v 20.27467091 30.64268459 20.72856414
v 20.15193302 30.39906011 21.10153057
v 18.54152461 27.99799360 22.73196235
v 18.78741402 28.68069863 23.03872859
v 18.58449619 29.20980571 23.29424639
v 19.11249430 29.55758152 22.88170622
v 19.61102232 28.38441468 22.30474767
v 19.39104601 28.73862197 22.70980766
v 19.39110826 30.46282916 22.23900654
v 18.52344692 30.43804162 23.31127560
v 19.45541030 29.65410953 22.54130798
v 18.93932545 29.79179016 22.98631281
v 19.13342074 30.44532484 22.58229172
v 20.20923647 28.15763248 21.38903367
v 20.00966574 28.17085210 21.75289837
v 20.07571995 28.31855307 21.73039007
v 19.80388241 28.39166870 22.14396911
v 20.10962390 28.74391949 21.82725734
v 20.29728983 29.13265847 21.27963909
v 20.14016220 28.86402307 21.78592423
v 20.11852160 29.87557478 21.36733088
v 19.78442558 29.90160145 21.93111372
v 19.93620000 29.61090000 21.81150000
v 19.76006237 30.40595976 21.74754321
v 19.53908692 31.81167537 19.06997397
v 18.46853543 32.99416271 18.91615649
v 18.61117254 32.97536842 19.11270138
v 19.05381005 32.34931132 18.94056383
v 19.32370790 32.14791836 19.03918637
v 19.06524122 32.68374885 19.26944885
v 19.80475005 31.21892024 18.95444826
v 20.09209091 31.20148197 19.59446984
v 20.11031264 32.53388087 20.46032693
v 20.13162732 32.24232369 20.74633720
v 20.20230774 31.10790574 20.86248509
v 20.20215781 31.61171322 20.77567750
v 20.22890029 31.06203538 19.88086248
v 19.47162030 32.02779194 19.15296534
v 19.59253435 32.53766846 19.61766391
v 19.97423924 32.96033019 20.82163328
v 19.75837748 32.99228357 20.15117057
v 19.37347604 33.54174728 20.18526113
v 19.85395415 32.90878467 20.39833830
v 19.36470014 31.14283009 22.00595725
v 18.72280913 31.90187829 22.46089093
v 19.18226307 32.51041159 22.05842138
v 19.34786597 31.96593701 21.82435275
v 18.43650112 31.50540208 22.98281154
v 18.41941683 30.66750720 23.32525632
v 18.26860000 31.59110000 23.13110000
v 19.10470000 30.77240000 22.46990000
v 18.75861669 30.74151418 22.90952388
v 19.45998382 32.33092142 21.73792763
v 18.88661501 32.66995888 22.43714679
v 19.47067437 32.81899400 21.82858518
v 18.77861033 32.14402395 22.40129837
v 19.19554139 33.51163516 22.73626883
v 18.82143218 33.16392313 22.97659771
v 18.18420000 32.41750000 23.24400000
v 18.37194581 32.44528320 23.01242063
v 18.70339947 33.14007454 23.15219964
v 19.71120013 31.08896434 21.57994083
v 19.54147325 30.67424355 21.95690380
v 19.59650000 30.92120000 21.80140000
v 19.57081527 31.34945529 21.70893305
v 19.85394359 32.19980042 21.24618957
v 19.71106008 32.00156529 21.40453742
v 19.98072401 32.84715947 20.96526416
v 19.62276947 32.98597434 21.59841264
v 20.91476834 27.98000784 19.10626353
v 20.80310889 28.67305660 18.96171670
v 14.83893993 35.85918169 18.61543055
v 15.73677675 35.34521870 19.07418369
v 15.44859812 35.59180752 19.18315601
v 15.38214477 35.75827562 19.76802366
v 13.70186907 36.65296930 19.33440512
v 13.13925906 36.85180412 19.28622830
v 14.38642786 36.36672754 19.48954492
v 13.59407212 36.99983584 20.26607018
v 13.70730275 36.90150753 20.05476601
v 13.49852650 37.17285842 21.46651782
v 13.56009576 36.83631107 19.66655935
v 14.17223354 36.64234359 20.07691943
v 13.65660248 37.11059549 21.13964210
v 14.12334219 36.82917516 21.08030820
v 14.55517718 36.09513942 18.82259785
v 14.36220137 36.02691693 18.20784597
v 14.31630175 36.32517565 19.19285346
v 14.84022136 36.01141580 19.21033659
v 14.84638977 36.16585510 19.87338214
v 15.08050291 35.82892836 19.13134072
v 14.67785559 36.41661933 20.64088645
v 14.37566738 36.52156963 20.09827708
v 14.36993865 36.64972556 20.86047770
v 15.25332307 36.05357384 20.78171417
v 15.49255465 35.99977067 21.28592805
v 13.67506971 37.13103439 23.00548704
v 13.49765347 37.12837081 23.33700440
v 12.90192553 36.92081941 23.79820709
v 12.96647816 37.00351749 23.49271803
v 14.26043416 36.92159359 23.36396831
v 15.13139850 36.38985082 22.38260105
v 15.24859422 36.23046817 21.60450800
v 15.32058957 36.22557013 21.89319385
v 14.46203362 36.73080979 22.43112792
v 14.70484752 36.69132977 23.26884220
v 15.43619250 36.35098369 23.79634294
v 16.87995042 34.41968573 19.88381886
v 16.08322748 34.97137761 18.63029834
v 16.03815416 35.21347435 19.61547603
v 16.49546421 34.61715114 18.90601012
v 15.67210246 35.56039433 19.87475276
v 16.02998535 35.44789494 20.50979460
v 15.86168053 35.61572393 20.76084837
v 16.36515471 35.07278438 20.25178166
v 16.90448162 34.71327743 20.70544369
v 16.20263664 35.20143595 20.13834209
v 16.32194236 35.35020210 21.03706071
v 17.72030310 33.60443580 18.99952420
v 17.37121886 33.85070477 18.85860651
v 16.85562183 34.32243128 19.24133062
v 17.93893291 33.79219940 19.90496879
v 17.45946452 33.98375945 19.75473194
v 17.36662853 34.34728863 20.33295831
v 17.77784194 34.15246052 20.28749317
v 18.35085081 34.23124134 20.48397925
v 17.40373983 34.83459930 21.26306645
v 18.41410724 34.83914503 21.48227573
v 15.75206488 35.78678668 21.17207954
v 16.21867263 35.58601176 21.73135586
v 15.73226157 36.01321461 22.30379163
v 16.12547677 35.70724278 22.05210586
v 16.87584920 34.92327436 21.11125738
v 16.79758308 35.22171614 21.74160311
v 16.77237959 35.40428766 22.29533529
v 16.14067982 35.85257243 23.16608888
v 16.55769595 35.59502403 22.80184975
v 17.33693120 35.39002235 24.01137718
v 17.52206370 35.20342324 22.37225561
v 17.72081332 35.16267874 22.45574270
v 17.11424944 35.32733069 22.53948144
v 17.93729538 35.03427235 22.07831800
v 17.21657076 35.43451681 23.75567220
v 18.25576369 34.86198553 24.04194037
v 15.55440000 35.83240000 20.79280000
v 15.34950422 36.35781780 23.23665902
v 16.06341375 35.93558603 23.80925201
v 13.07615862 33.51998039 24.87249322
v 13.03065480 34.35849673 25.04402180
v 13.34621438 33.56503264 25.19786470
v 14.44860669 33.86639549 26.17906474
v 13.65697887 33.50904486 25.49800546
v 13.86052016 34.26961515 25.80329278
v 13.39831475 35.39519540 25.27007509
v 13.54562055 35.17851659 25.45289234
v 13.39739026 35.96464077 25.13256105
v 14.15729723 34.60396313 26.05080581
v 14.59360886 35.61031976 26.01390159
v 14.38887583 33.49519742 25.97792882
v 15.04154098 33.41413307 26.19657486
v 14.48477049 34.39494298 26.27145643
v 14.39429128 35.78022225 25.78442329
v 14.84764818 35.35394076 26.21911479
v 15.13862449 35.28392358 26.37383216
v 15.74746340 34.60611336 26.73851874
v 16.02939072 34.46247977 26.71308978
v 13.02831836 36.12643333 24.74637234
v 12.79532576 36.51230831 24.24096697
v 13.53931850 37.06640885 24.24490133
v 14.42982385 36.73606341 24.71443694
v 13.63428204 36.60502850 24.89868586
v 14.18621438 36.68265903 24.86816933
v 13.77445543 36.27365571 25.20023383
v 14.46282759 36.90384470 24.03494853
v 14.64478856 36.77146517 24.32017427
v 14.36397707 36.25674806 25.45665366
v 15.39998985 36.29009073 24.87463429
v 14.92502020 36.63596576 24.25522228
v 14.50752126 35.94456088 25.68062437
v 15.18489428 36.14423126 25.44917649
v 16.11732742 33.35606435 26.29904582
v 15.82407229 33.43946987 26.35535458
v 16.83263206 33.79931341 26.24768314
v 16.82910203 35.44136936 25.63667929
v 16.67445572 35.66566710 24.39997065
v 16.16820943 35.74826254 25.54412144
v 15.94836024 35.26286674 26.41464826
v 16.06603851 35.27379915 26.39420093
v 15.68378188 35.75980940 25.89946337
v 16.40319597 35.24392574 26.22882486
v 16.87292062 35.31686813 25.82443831
v 18.15533100 33.60042025 24.62647211
v 17.96969106 33.56859940 24.85157095
v 18.18266655 34.23854231 24.89543218
v 17.42748836 33.91411316 25.72230913
v 17.23201914 33.53173497 25.75694770
v 16.91426951 34.31274613 26.37808026
v 17.02559017 33.69763326 26.08057032
v 17.21545313 34.33347192 26.07720445
v 17.79606756 33.58991759 25.09094836
v 17.67692052 33.72408704 25.31592585
v 17.97108497 34.37378474 25.22164514
v 17.61370214 34.35120022 25.67980754
v 17.33186508 35.36433103 24.70265636
v 17.29127931 35.34669001 25.01205253
v 17.80574839 35.03306001 24.73692300
v 17.73015295 34.60906078 25.38008996
v 18.22914515 34.54077261 24.78150463
v 17.93051029 34.53401573 25.20667912
v 17.57410000 35.21410000 24.63090000
v 17.22728011 35.18399307 25.46833278
v 16.87873927 34.46241311 26.40755834
v 17.51448801 34.53214954 25.74507004
v 16.96615497 35.26406413 25.80053701
v 15.96034876 33.60860362 26.46246065
v 15.87086448 34.25748254 26.74715490
v 16.45940000 34.76360000 26.46560000
v 16.00895236 35.97025445 24.09201493
v 15.62341635 35.96680381 25.35492683
v 15.57250000 35.85820000 25.75930000
v 18.62344512 33.58123185 19.95691443
v 18.65969058 34.39228095 20.78980498
v 18.79381968 33.08502420 19.37738664
v 19.43472784 33.95602257 20.70667201
v 19.17741586 34.14572141 20.70598677
v 19.70940249 33.48077607 20.60701262
v 19.62616593 33.78773347 21.06339468
v 19.41261618 33.64185521 22.34427933
v 19.37669089 33.49658569 22.38785408
v 19.37180153 34.24107220 21.34323803
v 19.09204139 34.57189342 22.10474509
v 19.32638904 34.29671818 21.76983035
v 18.78310494 33.52243118 23.55991934
v 19.35628365 33.02481133 22.12264803
v 19.15147373 34.38724712 22.58007201
v 19.01479198 34.49568286 22.95371800
v 18.45790447 34.59082954 20.97139107
v 18.92264469 34.62467816 21.53435674
v 18.88147169 34.72534952 21.82638489
v 18.46874415 34.90555716 22.18079074
v 18.39384933 34.95507838 22.33926907
v 18.32709264 34.93243284 23.35454435
v 18.83102662 34.52457753 23.54898180
v 18.91568460 34.56254067 23.08593077
v 19.67335512 33.55900037 21.54955388
v 18.36218984 33.66031868 24.33563675
v 18.64011167 33.57790878 23.83476051
v 18.56005771 34.50184118 24.25928521
v 18.90769758 33.92795740 23.45671123
v 18.36749781 34.38525017 24.65180009
v 18.64898286 34.56196528 23.96022809
v 18.23500000 34.49170000 24.78380000
v 25.49387653 11.66762728 11.39578606
v 25.71107516 11.05658426 12.43994460
v 24.74253414 11.64465472 12.88136282
v 25.38211906 11.16407670 12.79129142
v 25.79832729 10.93732808 12.73537869
v 25.50980344 11.10835373 12.68579937
v 26.07423931 11.90654714 10.43659559
v 26.37740112 11.30747672 11.16310952
v 25.98003338 11.15331082 11.92163487
v 26.29687053 11.37439911 11.10165793
v 26.86966212 11.10270677 11.20894983
v 26.94283717 11.45809516 10.68160358
v 27.28975338 10.83451633 11.50624518
v 26.51353330 10.87613620 11.95625269
v 26.84417933 10.52843532 12.70920215
v 26.93749919 10.47346589 12.80316638
v 27.64441819 10.10753749 13.11841244
v 27.81459744 10.42631846 12.13741383
v 27.96919382 10.11464703 12.77771441
v 28.61676404 10.26033948 12.02237898
v 28.81071960 9.91080903 12.75283359
v 27.57379219 10.96887228 11.12710167
v 27.83749232 11.53621018 10.57324599
v 28.25960000 10.98840000 11.04150000
v 29.05676239 10.71351720 11.39869972
v 28.93750890 11.20459424 10.97250096
v 28.75897709 11.14138329 10.94597349
v 28.76298268 10.96729550 11.09249957
v 27.69697998 10.55316851 11.88996331
v 28.96919848 10.47628529 11.68649473
v 24.82632116 11.49957392 15.28794613
v 24.58418857 11.60174851 13.94581581
v 25.33603572 10.93618398 14.06932276
v 25.55166296 10.87465123 13.47855575
v 25.87514644 10.52669070 14.50387388
v 25.38207656 10.90724526 14.89727922
v 25.16265818 11.15043610 15.19650621
v 25.09521760 11.47735490 15.96612291
v 25.49919707 10.92023507 15.53041928
v 25.92889386 10.52765966 14.84411953
v 25.85042897 10.69687969 15.58585216
v 25.81551145 10.65041971 15.31670188
v 25.36635216 11.18234996 15.91881507
v 25.35747350 11.43172064 16.39625084
v 25.13989115 11.92437549 16.81872939
v 26.02151981 10.82931683 16.31536895
v 25.85767478 11.08221798 16.65256056
v 25.70640257 11.52521266 17.12320980
v 26.23590000 10.39390000 14.06520000
v 26.62276667 10.25533113 13.86534003
v 26.54590000 10.20650000 14.27580000
v 26.34233565 10.28604501 15.25700826
v 27.12207277 9.99635814 14.27147057
v 26.25640427 10.50729221 15.85342326
v 27.27721584 9.93281017 14.53065384
v 27.20409422 9.99525761 15.47095826
v 27.12271522 10.08746019 15.81467360
v 26.30393900 10.59971654 13.11782630
v 27.24477223 10.12757643 13.47068598
v 26.24531945 10.49309924 13.61946817
v 26.74544259 10.46246598 13.05818507
v 27.89322230 9.82895449 14.26776702
v 27.93861842 9.92810022 13.56319345
v 29.37316833 9.58358069 13.44898689
v 29.04821925 9.61456390 13.71931294
v 28.42266222 9.76214222 13.76864582
v 28.58525395 9.59949277 15.52970208
v 27.96668420 9.83436500 15.67352977
v 28.63298960 9.57620837 14.67306235
v 28.68779467 9.52172949 15.21161988
v 26.83483350 10.33937099 16.21839210
v 27.19040352 10.27672907 16.48317351
v 26.26632969 10.62685257 16.21806369
v 26.95325890 10.59164513 17.03808896
v 26.96133854 11.47806746 18.81926100
v 26.29197830 11.01334931 17.25637686
v 26.82459868 10.98536011 17.86926093
v 28.30661848 9.83855680 16.33546480
v 27.93042495 9.98376649 16.43975785
v 28.27905814 10.09281648 17.20434959
v 28.99909902 9.71052556 17.03753412
v 28.80832359 10.03763510 17.70732884
v 28.31160049 10.40541527 18.02034438
v 28.09854445 10.69194426 18.61920818
v 29.70558819 10.29241026 12.00291663
v 29.67054299 9.91404124 12.66455869
v 30.34235972 10.18318379 12.58472695
v 29.33264583 10.76130336 11.44156777
v 29.62331364 11.02302544 11.32105805
v 29.80819610 11.45512917 11.25230520
v 29.86846504 11.19017343 11.38355708
v 30.09841493 11.95917057 11.35632838
v 30.20464031 10.51406342 12.14037486
v 30.27654810 11.14877872 11.68590455
v 30.63190986 11.41424453 11.85377637
v 31.38616808 11.92106855 12.35173801
v 31.13970974 10.51539718 12.88895056
v 31.01757461 10.87128891 12.55397479
v 31.96335215 11.08009196 13.12939264
v 31.51908031 11.88497834 12.49918406
v 31.81062626 12.17046877 12.66818847
v 31.79910263 11.85203877 12.74307184
v 30.19675717 8.81432968 16.05646358
v 30.68597268 8.86468239 14.84550794
v 31.05180566 8.73625181 15.00474340
v 30.25085227 8.83283338 15.60100051
v 31.35896574 9.04664109 14.50096770
v 30.27446403 8.86425830 16.66055149
v 30.71919617 8.60038461 16.13244896
v 31.03202422 8.51605977 16.96893918
v 30.59532464 8.88570291 17.51546109
v 30.49890000 8.85468000 17.12240000
v 30.35466619 9.18393170 18.01825471
v 31.05324938 8.63473230 17.57977783
v 31.58659648 8.39525693 17.49527125
v 30.94691485 8.86990264 18.18013017
v 29.20342065 9.48710516 13.94367871
v 29.52153073 9.76453966 12.95791146
v 29.64462017 9.50794969 13.52931712
v 29.34997141 9.24016699 15.01264304
v 29.59606864 9.10725342 15.55398123
v 29.63412086 9.18956965 14.62711250
v 29.51442898 9.17422989 15.99859403
v 29.67678872 9.09184494 15.19160379
v 30.68782398 9.48242225 13.66488113
v 30.74028270 9.77421558 13.30766957
v 31.52660454 9.49086047 13.98776842
v 31.03209561 10.01831432 13.18871541
v 30.25290113 9.23360605 14.12137751
v 31.30993628 9.20165820 14.26833399
v 28.82695112 9.55459381 16.08604942
v 29.33908702 9.39955952 16.69674538
v 29.80843284 9.09782262 16.60489874
v 29.17672544 9.71113179 17.35311254
v 29.97821908 9.23853582 17.45009168
v 29.56099548 9.94753793 18.50741586
v 30.26260656 9.08700762 17.52805932
v 29.94955026 9.63812744 18.44220379
v 29.97768073 9.36308218 17.80111438
v 30.62799457 9.12857795 18.33318882
v 32.07035258 8.64446978 15.27356540
v 31.58812754 8.55650386 15.53985142
v 32.84394488 8.69327850 15.52826874
v 32.18870635 8.82275101 15.04188339
v 33.41014825 9.08538293 15.41463973
v 31.19791780 8.41299951 15.94620686
v 32.00776127 8.38980505 15.82974342
v 31.84660285 8.32630100 16.13548645
v 32.53362971 8.15091981 17.08378003
v 32.06347024 8.23916250 18.06504426
v 32.72355542 8.09698325 17.61526398
v 32.07856139 8.24117402 17.56917999
v 33.00095165 8.30216392 16.52461453
v 33.00870599 8.49381463 15.93736293
v 33.50368084 8.50485159 16.20018354
v 33.46773209 8.22540484 16.80097561
v 34.26389773 8.47109380 16.64595154
v 32.93874763 7.92189733 18.05714096
v 33.74862440 7.89106296 17.52174026
v 33.43002603 8.04265376 17.22860801
v 33.63831602 7.81532164 17.72414480
v 31.99724748 9.39417221 14.30160218
v 32.08666844 9.75627676 14.05249347
v 31.80712235 10.25256037 13.48212062
v 32.32773810 10.02563966 14.01630338
v 32.22106305 11.96355833 13.07729704
v 32.23565736 11.67308137 13.15231838
v 32.66352132 11.28010500 13.66263240
v 32.55602824 10.70313880 13.79430086
v 33.00112837 10.71533640 14.14818184
v 33.07624819 9.85475414 14.60109532
v 33.51125221 9.51902041 15.05899074
v 32.57099255 9.18762229 14.80236001
v 33.63747050 9.70595937 15.03704177
v 33.61215343 10.49547904 14.67738545
v 34.11928255 9.56989700 15.46316883
v 33.77096154 11.70297085 14.57075157
v 33.42500272 11.28875927 14.26765990
v 34.27470777 10.87948341 15.18354961
v 33.73174703 12.05739539 14.70517721
v 34.32352452 9.26806808 15.83633486
v 23.97890230 13.51801574 10.27023202
v 23.95864001 14.04727848 9.93634727
v 24.66698644 13.36185719 9.79308781
v 24.78823599 13.65589108 9.48245425
v 24.77375659 14.58455694 9.16392797
v 24.86129492 12.70634433 10.26109558
v 26.42413303 12.73979823 9.53411554
v 24.70997001 12.90246545 10.17457172
v 25.43446982 13.49427837 9.34435010
v 26.55957504 13.80556609 9.24002279
v 26.39406599 13.62805661 9.27722609
v 25.41984952 14.15992843 9.17204840
v 24.04620876 12.91278846 11.22574714
v 24.76599928 12.03492113 11.90269774
v 24.93714268 12.38520499 10.68987197
v 24.50635287 12.55869202 11.07252132
v 24.19189791 12.20883702 12.64545600
v 24.54091419 11.87583110 12.71342950
v 24.58607756 11.64569536 13.46428141
v 23.89183949 12.83750682 11.79518471
v 23.25157600 12.80735403 13.22264656
v 23.20942226 13.66612734 11.36020512
v 23.74523279 13.48405065 10.68822497
v 23.90315086 13.46138218 10.43753756
v 23.71694532 13.24651677 11.16624478
v 23.25405064 13.42032057 11.73950837
v 23.38867585 13.27288666 11.80419415
v 24.66440470 12.77127761 10.36873472
v 25.28261318 12.06934278 10.84429767
v 25.55496132 12.21109428 10.36085185
v 25.53378042 12.60290281 9.91941574
v 25.63843252 11.79330484 10.98410192
v 24.87221195 11.82895022 12.17426581
v 25.15360922 11.77957147 11.75797241
v 23.59160000 15.06430000 9.63067000
v 23.97102199 16.43243392 8.97611775
v 24.20277424 15.65909534 9.10550066
v 24.63347960 15.02419893 9.11510163
v 24.08042523 14.72894002 9.44979226
v 24.87809201 15.44207981 9.02981108
v 23.74902957 16.22975754 9.07371255
v 24.65049432 17.34899798 8.94242127
v 25.06480254 16.88811484 9.06706821
v 25.76886519 15.14097620 9.14899809
v 25.79171050 15.70158378 9.19058395
v 26.06556027 14.50169745 9.17712167
v 25.46560769 15.94617065 9.13522768
v 26.59469704 16.83801324 10.19148677
v 25.53074506 17.39564378 9.26329780
v 25.69410807 16.96038684 9.34800361
v 25.92419424 17.19015292 9.59635205
v 26.37388329 17.51040853 10.22614681
v 26.37789290 11.91550901 10.22981942
v 27.07829887 12.41407595 9.77570247
v 27.29878558 11.85694150 10.13945554
v 27.49435490 12.34971332 10.00184873
v 27.39337048 13.18223460 9.64137237
v 27.34430330 12.77646674 9.71801722
v 26.54266947 13.59276803 9.30176325
v 27.06451684 13.44997784 9.51402732
v 27.38846538 14.50870449 9.80332697
v 28.43519369 12.34536118 10.41689626
v 27.90458819 12.92171160 9.97167382
v 28.03309708 14.43800835 10.18425949
v 27.30164847 14.24543202 9.69617851
v 26.38863624 11.82363987 10.35083867
v 27.76416738 11.85683690 10.30345881
v 28.17403355 11.86096675 10.39413889
v 28.27730302 14.38866474 10.37537562
v 29.06141039 13.63069145 10.88080270
v 28.87232281 14.33602122 10.86583079
v 26.25029358 15.45159658 9.44984146
v 27.07514428 15.35977172 9.89577132
v 26.29847725 15.94060612 9.62851814
v 26.84314446 15.85309910 9.95280433
v 27.52827835 15.89682872 10.55716881
v 26.92736302 16.27676525 10.24819044
v 27.15016511 16.82860251 11.00233188
v 27.22296999 17.04938779 11.30146496
v 28.17136759 15.19044544 10.56030935
v 27.88651706 15.28176470 10.35983636
v 28.15552600 15.91246684 11.12293320
v 28.77710280 15.19141955 11.19749308
v 28.71184268 15.52753462 11.43677913
v 28.79172041 15.82341897 11.94140142
v 27.85882742 16.25691714 11.15449443
v 27.56764965 16.82362857 11.61399545
v 28.35671196 16.22131324 11.89530938
v 28.45507756 15.88397271 11.52421523
v 28.18705678 16.46564384 12.10636154
v 27.81198255 16.78116813 12.03997726
v 28.05200752 16.75159311 12.82331710
v 28.68296094 16.23657576 12.55554450
v 28.53167603 16.03189224 11.85791662
v 28.27430000 16.56270000 12.70240000
v 23.99222217 12.13824678 14.57447559
v 23.65563688 12.48195389 13.32367596
v 23.93644816 12.18159400 13.61196567
v 23.96827880 12.14195906 14.34439845
v 24.09634462 12.20748716 12.91130640
v 24.24585449 11.91009370 13.83256725
v 23.98240625 12.18601648 15.00507330
v 23.69272389 12.54728447 15.62673756
v 24.34480000 11.82480000 14.46150000
v 24.09169024 12.18393286 15.40675120
v 24.58911510 11.72638361 15.27932450
v 24.52616551 12.14194595 16.20053232
v 23.61258412 12.75943005 15.95179895
v 24.09605080 12.52078796 16.27426141
v 24.24543718 12.27550240 15.99539155
v 24.73740574 12.26757542 16.69721295
v 24.38387753 12.81042392 17.01101799
v 24.24393602 13.50251797 17.64867030
v 24.91057986 12.42174225 17.14795146
v 23.72129257 13.36796514 16.94169945
v 24.12094765 13.22929026 17.21681700
v 23.80564382 13.87435739 17.59605099
v 23.81057840 14.51775000 18.40521430
v 24.28534477 13.99022278 18.27537467
v 24.75562498 13.20683377 17.88997044
v 24.71652543 13.51639538 18.19534574
v 24.81276353 11.91436426 16.21025639
v 25.28720316 12.72358458 17.98307147
v 25.38223584 12.96445801 18.41544746
v 26.02921712 12.18419749 18.39039397
v 26.00797433 16.77215768 17.61703122
v 25.80962101 16.50341647 18.57450816
v 26.17331208 16.51694271 17.74665038
v 27.98729480 16.82096455 13.62982290
v 27.87545707 16.84640307 14.55683690
v 28.08888635 16.72148934 14.08596910
v 28.46509974 16.43615364 15.01383340
v 28.59609405 16.41820899 13.18122004
v 27.35872630 17.14315096 15.71727078
v 27.83098957 16.82219668 15.64085636
v 28.25567467 16.57804128 15.63155964
v 27.29623281 15.85111772 17.83125085
v 26.79952117 17.04539469 16.90436920
v 27.34899324 16.80054739 16.87806890
v 27.21973257 17.17596907 16.09329394
v 26.55948992 16.15789398 17.76914146
v 26.28961483 16.07264226 18.38370700
v 26.41736219 17.22337456 16.97488355
v 27.04979799 16.30234435 17.48123812
v 28.33549259 14.89999800 18.27083870
v 28.03630552 15.39493152 18.03272654
v 28.02772258 16.06662594 17.64206412
v 28.79981874 14.56995817 18.33594380
v 28.79425628 15.65573587 17.72172058
v 27.61570999 16.72656968 16.77698628
v 28.82865427 16.19481885 17.00106231
v 27.87279056 16.07667414 17.64030604
v 27.51360994 16.61049678 17.08728444
v 28.25862785 16.23689584 17.27440978
v 28.90657784 15.65911923 17.65606063
v 24.07410000 17.22092041 8.85880555
v 23.82710311 18.58366266 8.52519920
v 24.72106506 18.40648660 8.80343397
v 23.94818957 17.69581538 8.74666287
v 24.16143351 19.27842489 8.66101093
v 24.80613172 19.14203233 8.99620369
v 24.51983438 20.05574362 9.17053839
v 24.97688835 17.55293749 8.98875237
v 25.20139143 18.16132286 9.05458928
v 26.01123015 17.77064186 9.77004278
v 25.70745748 18.44689975 9.46289115
v 26.09838857 18.32968319 10.10779595
v 25.54034860 19.26324238 9.62339770
v 25.16759570 19.25618734 9.27401631
v 24.93434388 20.39444262 9.57742292
v 25.64963947 18.91172080 9.58296565
v 25.88695927 19.15329611 10.09607380
v 26.07550773 19.16180955 10.50673774
v 25.73972040 20.13521752 10.70450031
v 25.96362007 19.90481920 11.04188571
v 26.08401904 19.72406754 11.18312480
v 26.09795342 19.98077678 11.80734073
v 23.73860580 21.55974278 8.97343188
v 24.20024615 20.68859765 9.11824904
v 24.57416788 20.98381901 9.44684022
v 24.06915923 21.99348346 9.40169116
v 24.59254195 21.18147834 9.55273862
v 24.28402106 21.71486984 9.44808362
v 24.69313888 21.90061761 10.11541437
v 25.07563319 20.29345218 9.72656853
v 25.21376772 20.23744845 9.88166375
v 25.43674121 20.63065803 10.35169549
v 25.61128422 20.14946786 10.38878866
v 25.03638124 21.55616862 10.33683727
v 24.84620229 21.88554437 10.35658688
v 25.41163608 20.93165000 10.61500491
v 25.54869289 20.94018000 11.19693939
v 25.84920563 20.27031025 11.26264296
v 25.91762819 20.34096593 12.48957980
v 25.64178407 20.85282567 11.78677195
v 25.61092715 20.81968436 12.84094905
v 25.25900586 21.65760709 11.13343799
v 25.42952548 21.44837643 11.64172653
v 25.42758974 21.56732561 11.93883875
v 24.96686526 21.96744741 10.77192632
v 24.86230000 22.03080000 10.63730000
v 24.93653950 22.27598137 11.23597878
v 25.01508401 22.36432784 11.73249317
v 24.73176556 22.73272474 11.60925653
v 25.21230000 21.91010000 11.54420000
v 25.26536551 21.76242189 12.87632603
v 24.93537251 22.46696836 12.85978725
v 26.51600147 17.49440746 10.43582269
v 26.78040906 17.88694519 11.17017845
v 26.86870330 18.35421019 11.83477333
v 26.25649135 18.58965668 10.48041907
v 26.32328091 18.39106101 10.52711075
v 26.66382909 18.58829351 11.47706141
v 26.98989052 17.48345491 11.26575978
v 27.16415616 17.47094309 11.72573692
v 27.31723555 17.64799879 12.79344698
v 27.17374237 17.66101840 12.09679258
v 26.73934045 18.45177685 13.67099606
v 27.02312982 18.21695649 12.69964466
v 26.56033467 18.38247807 11.01211584
v 26.42938891 19.01091733 11.25786042
v 26.56675941 19.26589783 12.22112299
v 26.42411409 19.29116316 11.63922134
v 26.56520126 19.22741049 12.84851528
v 26.38898952 19.52960931 12.02121627
v 27.54687834 17.22937163 12.41247437
v 27.52900000 17.19320000 12.29340000
v 27.73028392 17.08724562 12.72180963
v 25.87491581 20.05012913 13.59712496
v 25.99604096 19.22687629 14.43654497
v 25.58388001 19.58855076 14.90232498
v 25.34158100 19.44871858 15.64249218
v 26.01726122 18.94871885 14.82476254
v 26.06801279 18.51736771 15.41531499
v 25.83056340 19.61879012 14.31076026
v 25.72110000 19.20870000 15.10350000
v 24.93119650 19.22435405 17.13739727
v 24.76918864 19.28999767 17.30242855
v 24.87946499 19.61776091 16.49875529
v 24.22246878 19.65227536 17.48241802
v 24.22806109 19.46921815 17.74054609
v 24.81900691 18.57647483 18.38962315
v 24.91255126 18.95375267 17.67329406
v 26.22199509 17.52061771 16.82051948
v 25.87507564 17.88999181 16.94018022
v 26.41743710 17.52859668 16.47686992
v 25.52127961 17.69257452 17.70637827
v 25.38715574 17.53155687 18.16846302
v 25.51602535 17.94725003 17.47673565
v 24.95858448 18.38093171 18.37602408
v 25.01180820 18.63146171 17.95309210
v 25.82019360 17.56105066 17.29807314
v 26.04921516 17.41165881 17.12717648
v 25.52665751 18.41420456 16.92477011
v 25.20630000 19.19400000 16.43370000
v 25.15615827 19.62051207 15.82923150
v 24.91917757 19.77277609 16.11617260
v 25.67117393 18.75931925 16.04549571
v 25.78385755 18.54162644 16.14980550
v 25.09191142 18.60223329 17.82508907
v 24.57427879 20.95549170 15.32259952
v 24.74978583 22.44820061 13.43433306
v 24.38168876 22.45124765 14.45369301
v 24.70249867 22.28923681 13.78142087
v 24.21721089 22.38353610 14.82763689
v 24.01501952 22.27741037 15.29112232
v 24.65727504 21.55048583 14.66798276
v 24.00251051 21.00426682 16.14414847
v 24.30582719 21.61194442 15.26762776
v 24.55210000 22.05320000 14.43470000
v 25.54762946 20.75376064 13.28821356
v 25.05830700 21.12443187 14.30352967
v 25.39646015 20.79522358 13.80503915
v 25.55147137 20.14363315 14.27161808
v 25.57630000 20.56730000 13.62330000
v 25.16619925 20.45607761 14.78672974
v 24.92491322 20.47855649 15.21229765
v 25.02434103 20.11510776 15.42359410
v 24.98710054 21.08361679 14.49581807
v 25.29275658 21.60445193 13.02945077
v 25.08898102 21.61254320 13.69194728
v 24.88926259 21.60173313 14.15666303
v 24.08024896 20.22846921 16.85935470
v 24.13649073 20.76239730 16.17058167
v 24.61075650 20.07565594 16.20325842
v 23.98482177 20.19816358 17.00619816
v 23.99742016 20.00533669 17.18744222
v 24.16408975 21.49301093 15.57505153
v 23.72724698 21.65195247 16.08308094
v 27.00131451 17.73100707 14.38198110
v 26.45545306 18.45029752 14.42170025
v 27.40154926 17.43479276 13.54962337
v 27.28458508 17.53749051 13.70678807
v 26.91024411 18.17532278 13.60215033
v 26.85042165 17.77517493 14.79541120
v 26.54506357 17.68341397 16.02172978
v 27.20310255 17.45547981 14.63089139
v 27.05368678 17.41905797 15.47374524
v 26.34773366 18.70731851 14.30068408
v 26.19945043 19.42521550 13.66375627
v 26.44859387 19.00457749 13.63462945
v 26.48843278 18.14130286 14.98634933
v 26.21820000 18.54160000 14.93820000
v 26.53901939 17.27906307 16.75423707
v 29.56867248 12.16306841 10.98927701
v 29.20847445 12.50675646 10.80668040
v 29.91219593 12.27623088 11.20723818
v 30.21185795 13.40332453 11.63305690
v 29.40420351 14.29510293 11.35196078
v 29.86053320 14.27692918 11.70450537
v 30.01432948 14.54503423 12.04949875
v 30.32890641 11.95984557 11.51823804
v 30.44779842 13.47838796 11.83605719
v 30.76450904 12.73125938 11.86305847
v 31.05776688 12.91274878 12.17564230
v 31.24389235 13.11538812 12.45109661
v 30.71192027 13.82542484 12.31932676
v 30.61879644 14.38408492 12.73909043
v 31.16637089 13.57718675 12.69580053
v 31.03719328 13.95389195 12.98556640
v 29.24562054 14.90563585 11.52373484
v 29.28611742 15.29955554 11.92527130
v 29.59605345 15.28860435 12.36043377
v 29.22220066 15.81128061 12.63573053
v 29.58814525 15.67657215 13.08922072
v 30.11638708 14.99615400 12.74916867
v 29.81924135 15.35920123 12.85929636
v 28.86519561 15.86302069 12.15698769
v 28.98019114 16.07753400 12.82395812
v 30.37491531 14.86100680 13.19299829
v 31.74547964 12.99508769 12.85202049
v 30.78896005 14.40556972 13.25643659
v 31.30427019 13.79471357 13.20908615
v 31.19052351 14.11221016 13.63843900
v 30.95600276 14.42913363 13.91053589
v 31.39249924 14.03799781 14.14844889
v 31.86964492 13.73496281 14.39021930
v 31.42277129 14.11197728 14.52800104
v 31.25484512 14.35863702 16.11361542
v 31.18042527 14.38763819 16.83617441
v 30.97576618 14.30370935 17.36353430
v 30.39990373 13.80641980 18.52263414
v 30.41836501 14.39129448 17.71612632
v 30.87897079 13.86354970 18.24993648
v 31.78357535 14.07999432 17.66347608
v 29.82643687 15.51302726 13.46984207
v 29.76755958 15.56719524 14.98028574
v 30.10945394 15.27767491 14.68388537
v 30.33210530 15.07343927 15.76202599
v 28.94612088 16.23742924 13.55054322
v 29.42557805 15.86297317 13.54230393
v 28.92380853 16.18514389 14.68640047
v 29.25896265 15.95338703 14.69242409
v 29.77102701 15.56500722 15.33589441
v 28.98670000 16.11230000 15.05100000
v 28.93493356 16.18725264 15.81851019
v 30.49165666 14.70677603 13.06839612
v 30.30267874 15.05119363 13.56492735
v 30.66786095 14.76121508 14.49072607
v 30.47326205 14.93342121 14.26745224
v 31.26984392 14.30651213 15.16927299
v 29.45140699 15.81544818 15.99859659
v 29.62317115 15.62640862 16.86471400
v 29.65112111 15.47401078 17.13652544
v 30.31937140 14.98781369 16.88704368
v 29.06230278 14.41192246 18.39625699
v 29.45760404 14.49385219 18.12085902
v 29.11267671 15.35405644 17.75992031
v 30.02977918 14.72139716 17.65292094
v 29.95330000 14.59130000 17.79940000
v 29.56890000 15.53500000 17.10150000
v 28.86754139 16.20922687 16.85209837
v 29.09031764 16.05602650 16.75153918
v 29.00051593 15.97251938 17.13246873
v 29.08072290 15.84783491 17.20017027
v 30.67789874 14.77845940 15.98688771
v 30.55656338 14.80673087 16.74396751
v 30.51415075 14.66265331 17.18976685
v 30.63103775 14.36588503 17.58523114
v 30.74740000 14.53800000 17.10810000
v 32.23469014 12.84439037 13.34326267
v 32.48145254 13.11257731 14.12199646
v 32.77167584 12.91517852 14.21284640
v 31.56795284 13.47500901 13.17058326
v 31.72226527 13.56701562 13.57102168
v 31.73379456 13.65686221 13.79296589
v 32.04172194 13.27890250 13.66790502
v 32.31045882 13.42933935 14.49456220
v 32.00158374 13.77963774 14.85436917
v 32.20383619 13.74910398 15.30831786
v 31.87619149 13.97669019 15.46336717
v 32.45459388 13.53179011 15.04475469
v 32.75377168 12.06359953 13.67885737
v 33.02808556 12.57232362 14.23653757
v 33.14723693 12.93219534 14.84651942
v 33.66911819 12.61182918 15.21848225
v 33.34440132 12.74932648 14.87632926
v 33.35935857 13.02855022 15.45568254
v 33.54113296 12.03872972 14.44801512
v 33.08251397 13.25587732 15.60142853
v 31.77085529 14.09566399 16.01708216
v 32.02946604 14.04823990 17.15090219
v 32.20915746 13.94916089 16.74754899
v 32.57073445 13.61368868 15.78324970
v 32.69339162 13.65547045 16.46083195
v 32.01915329 13.75487133 18.53605713
v 32.46945490 13.74865754 18.35601405
v 32.87945976 13.74456449 17.65229779
v 33.54647394 13.13100506 16.20594734
v 33.53104808 13.02869233 15.80420718
v 33.75676168 12.88876754 15.87933061
v 34.36040130 12.73667682 16.58144348
v 34.17344877 12.87787944 16.57670171
v 33.97381564 13.12483080 16.96203512
v 33.12644016 13.41824378 16.37455355
v 32.92181328 13.50341263 16.29761343
v 33.63357148 13.37286408 17.38615846
v 33.48266838 13.32013203 16.78743218
v 33.19584017 13.54448396 18.56622120
v 34.20358703 8.78781590 16.10240381
v 34.48716311 8.78369289 16.38401176
v 34.97486019 8.64760577 16.81720191
v 35.32705927 8.69573557 17.11998984
v 34.45586300 8.01074231 17.33412870
v 34.81714420 8.29840923 17.19019137
v 35.50778948 7.89967890 17.77052207
v 35.41071995 7.83663807 17.83141374
v 35.88099673 8.76741868 17.67313007
v 36.07187339 9.69691774 17.42419226
v 36.61283140 8.93180344 18.30961150
v 36.59989970 9.59125255 18.06729409
v 34.73913048 11.24490356 15.74973030
v 34.21887250 11.27868533 15.17034449
v 34.64242712 12.04612343 15.95807996
v 34.59410480 9.52578874 15.83494175
v 34.63276225 10.20015758 15.65404203
v 35.01824933 9.73624543 16.17912971
v 35.47962879 9.83012820 16.57939749
v 35.28740907 9.52429247 16.51720921
v 35.09910794 10.59557092 16.06808712
v 35.28054684 11.16046951 16.24445995
v 35.11229830 12.12651298 16.51468753
v 36.00043067 10.51646503 17.01147420
v 36.50830833 10.58307123 17.59469856
v 36.21179262 11.14520107 17.19488244
v 36.03136072 11.24360935 16.97311893
v 35.75834197 11.30598148 16.71172950
v 36.22421253 11.74933450 17.54111458
v 36.70207931 11.49020811 18.01919975
v 36.54995687 11.86391988 18.28041763
v 36.86502804 10.45385559 18.05456558
v 34.32730184 12.08364714 15.58275638
v 34.44342128 12.22153822 15.90330216
v 34.39025690 12.29831950 15.95084495
v 34.48528072 12.56477503 16.48054411
v 35.11995011 12.74199399 17.60728776
v 35.43737379 11.96361099 16.73364628
v 35.38866348 12.47060192 17.41223422
v 34.52698525 12.97755479 17.38056706
v 35.17899857 12.86297100 18.26985525
v 35.53559449 12.61209952 18.11963516
v 34.20452970 13.25619753 18.13571390
v 35.72868900 12.30884738 17.55961176
v 35.89482598 12.10305092 17.42473655
v 35.97128983 12.37483644 18.15604255
v 36.26620170 12.14305251 18.10979273
v 26.96417343 12.08289195 19.80600099
v 26.77361205 12.24160543 19.74260101
v 27.85503821 11.04535528 19.30471862
v 27.52708273 11.30410428 19.35312428
v 27.62174202 10.83476194 18.46349721
v 28.10323375 11.29062216 20.09576148
v 28.55421097 10.61205258 18.89508771
v 29.14078785 10.55970418 19.48481652
v 28.54861295 10.90446233 19.76513398
v 28.44955259 11.35838818 20.77499754
v 28.43041763 11.51372730 21.18902868
v 31.23799188 8.94500637 18.96129170
v 31.62324499 8.59373835 18.73740164
v 29.01885709 10.40991582 18.86607795
v 29.50453650 10.20441643 19.00846958
v 29.82518520 10.25087098 19.63296068
v 29.21204805 10.85223184 20.59338871
v 28.96227170 10.80019496 19.99412778
v 29.40323384 10.87740009 21.00897951
v 28.82589178 11.20065936 20.98189817
v 29.70222067 10.50882728 20.20691331
v 30.32326747 10.24704094 20.54408561
v 30.57162023 9.29085104 18.68117497
v 30.27971885 9.68498061 19.04309431
v 30.78544638 9.40665217 19.29619461
v 30.97091675 9.40437079 19.61384120
v 30.20726436 10.08494062 19.86801853
v 30.84424426 10.02476444 21.15159470
v 31.00372274 9.57684307 20.09241789
v 31.01661484 9.70498116 20.48664395
v 31.40778347 9.22980164 20.15607733
v 31.32823098 9.67596945 21.32940324
v 31.12147422 9.71287168 20.74491727
v 29.16102662 11.15593946 21.51699573
v 28.89647086 11.42309610 21.89054817
v 28.94017575 11.54420128 22.52188566
v 29.48865285 11.12991682 22.14975272
v 29.84404001 10.77437765 21.58658996
v 30.08700282 10.81372802 22.36190955
v 28.83550000 11.69550000 22.95450000
v 29.34772566 11.30714670 22.51298766
v 29.00822046 11.68395833 23.45358541
v 29.78908089 11.10174087 22.88734834
v 29.37358012 11.41185908 23.08794108
v 30.27494668 10.95831248 23.77678012
v 30.63358834 10.32042419 21.73966174
v 31.65504366 9.42409822 21.43568945
v 31.57845245 9.93562046 22.68540394
v 31.21942656 10.00221516 22.13551650
v 31.25992627 10.41748827 23.87722463
v 30.34297223 10.41352984 21.20917495
v 30.28198893 10.47880859 21.33894597
v 30.57159999 10.47758239 22.25256080
v 30.94318375 10.36384493 22.78833447
v 30.61665034 10.65096595 23.10808232
v 30.93520777 10.65276431 24.15632985
v 31.85061416 8.63920990 19.67802355
v 31.37544827 9.08151668 19.73510647
v 32.44593685 8.05704918 18.22692300
v 32.77584607 7.84568776 18.87294770
v 32.49823817 8.03075155 19.27309937
v 31.54042170 9.12183566 20.22803192
v 32.06727722 8.83843483 20.80093216
v 32.23061161 8.30793816 19.66087740
v 32.75287344 7.95760914 20.01455272
v 32.62462287 8.51112805 21.17493177
v 32.34496593 8.54546164 20.63872046
v 34.04695781 7.49969306 18.88529984
v 33.37458631 7.65862462 19.53083182
v 33.52659419 7.64231943 19.99597434
v 34.51575934 7.53569849 20.77507469
v 33.53173275 7.60578447 18.92222285
v 32.92576885 7.82610062 19.68713726
v 33.57861541 7.66921116 18.35933096
v 33.00787267 7.81212442 19.87276929
v 33.03182330 7.92864024 20.54335411
v 33.56788282 7.69899265 20.44980741
v 33.82397413 7.86264111 21.54850992
v 33.93999501 7.78283748 21.38338190
v 32.05876495 9.01036261 21.25712270
v 32.46370546 8.74588340 21.41439956
v 32.95734454 8.68607436 22.14733112
v 33.33598942 8.14441426 21.45216768
v 33.25671296 8.46548214 22.13512045
v 33.39222606 8.57341069 22.63385659
v 33.71050610 8.16136097 22.09373193
v 33.92045222 8.15552756 22.44779008
v 33.43391249 8.77194291 23.19040150
v 33.36514933 9.14732809 23.85112182
v 33.87053051 8.43589129 23.06394851
v 31.86260524 8.80897819 20.22382408
v 31.87880728 9.27527224 21.58288259
v 31.82939384 9.67867901 22.40712175
v 31.67700000 9.67930000 22.10540000
v 32.43007713 9.21342332 22.38368301
v 32.40791330 8.97834849 21.86406275
v 31.76883900 10.12046605 23.87612995
v 31.91138743 9.93914366 23.33048973
v 31.97446815 9.99478769 23.83899193
v 32.47066605 9.40854384 22.84094405
v 32.62531526 9.51655371 23.33207156
v 33.07784216 9.16997610 23.38048660
v 32.78971189 9.56540560 23.78571708
v 29.50294750 11.46922724 23.80826893
v 29.38732120 11.62801356 24.26259741
v 30.05093806 11.30290448 24.67774119
v 29.81319653 11.60210520 25.97761067
v 30.07177541 11.41372514 25.52453749
v 29.47941177 11.89826991 26.45901704
v 30.68612791 10.83836837 24.45582251
v 30.26742382 11.21105014 24.93624712
v 31.33222490 10.48756585 24.76839963
v 30.61246897 11.00144702 25.09931071
v 30.05552079 11.61529568 26.61926861
v 30.61520731 11.13367871 26.21655234
v 31.10658476 10.67948136 25.16387247
v 30.40160806 11.24823353 25.81490838
v 31.29166576 10.64486268 25.78934150
v 30.99145071 10.88885806 26.17480755
v 30.99038668 10.91647351 26.45400416
v 30.69638304 11.53323830 27.42469060
v 30.82211928 11.31238325 27.32661490
v 31.13967256 11.03948792 27.38011863
v 31.00565271 11.09067051 27.22317788
v 31.32770000 11.49980000 27.71930000
v 31.71670219 11.97194570 28.05434023
v 31.72275402 10.21089596 24.62011414
v 32.53426056 9.77730884 24.10478412
v 32.47822251 9.90486286 24.72301546
v 32.03504660 10.12756097 25.34577904
v 32.04032298 10.21281350 25.91499596
v 32.12013788 10.33411262 26.67130677
v 32.77858984 9.91157206 26.08880595
v 32.56135010 10.05230622 26.43248324
v 31.65256479 10.45998261 25.99365098
v 33.21610150 9.58846287 24.80447910
v 32.80330660 9.73334614 24.58091142
v 34.39051191 8.67232422 24.32517799
v 33.41218832 9.32957819 24.35885634
v 34.37046592 9.09116283 25.21121054
v 33.79302575 9.42353289 25.34322982
v 33.97695846 9.07478678 24.58980656
v 33.33248047 9.65651313 25.64948652
v 33.20510387 9.76300537 26.11965101
v 33.62788113 9.70378116 26.65222465
v 34.22853477 9.29851044 25.62569160
v 33.27786798 9.85849923 26.91564623
v 33.48035438 10.22932998 28.17822848
v 32.00515097 10.53959378 27.17700852
v 32.04799289 10.39200625 26.68676122
v 31.84170174 10.92559199 27.85283366
v 32.23770000 10.40760000 27.15720000
v 33.12682132 10.27333836 27.94004517
v 31.72100433 11.06796599 28.03628933
v 31.99501160 11.76665323 28.19353489
v 31.93304575 12.08781199 28.10200166
v 32.46779195 10.53626253 27.67621949
v 32.51407365 11.50744313 28.38728051
v 32.82716469 11.28935549 28.50898614
v 33.46436090 10.09354472 27.75378128
v 34.28822245 9.53113758 26.51408046
v 34.45832330 10.03350626 27.92625909
v 32.55434179 10.93298442 28.30398771
v 33.39162132 10.93573040 28.54858504
v 33.80197624 11.47305796 28.42603741
v 34.30963540 11.75259101 28.08736691
v 24.55726506 14.12555853 18.78359330
v 25.21547135 13.34179780 18.69422404
v 25.64039827 12.85078432 18.66925197
v 25.98504655 12.71666317 19.09977735
v 25.98126015 13.13646377 19.82546616
v 24.85691633 13.60414445 18.49218770
v 24.79146851 14.04530384 19.03480705
v 25.00136785 14.50940628 20.29672489
v 24.82767351 14.46409297 19.84307103
v 25.25503546 13.99646790 19.82373488
v 25.55621447 13.29502276 19.26031966
v 25.84870209 13.51681787 20.25007605
v 25.51651833 14.20540425 20.91891639
v 25.81817336 13.75763044 20.76440284
v 25.60311341 14.26610256 21.53909006
v 26.02408530 13.72323384 21.49971747
v 26.05754793 13.88510071 22.14859037
v 26.06725976 14.06171307 22.77015346
v 23.88982374 14.99648816 19.29486242
v 24.02802005 15.28253211 20.14251096
v 24.34591558 14.53328232 19.14395059
v 24.62692788 14.63231571 19.83725748
v 23.58511746 15.67876018 19.89265668
v 24.12226208 15.06235966 19.83991850
v 24.27068497 15.18228510 20.75324507
v 24.42747919 14.89303451 20.05010259
v 24.43254653 15.09341896 21.38152125
v 23.42254017 15.93438024 20.23307896
v 23.46061512 15.99741857 21.47853446
v 25.32939205 14.23075328 20.43875006
v 24.94875931 14.65132606 20.80274530
v 25.80446504 16.67884374 17.89661052
v 25.21236729 17.53887645 18.65743001
v 25.71927409 16.58807759 19.05039267
v 26.35762331 16.08678964 19.72962797
v 25.76021427 16.55952800 18.89850800
v 25.38506817 16.89932062 19.51551147
v 25.17329249 17.05573113 20.22630483
v 25.08747650 17.10361135 21.43478391
v 26.21420865 16.19700536 19.78487798
v 25.67590384 16.64708600 20.39280768
v 25.92269147 16.50122627 20.58502063
v 23.80416156 15.66368307 21.66199261
v 24.54005844 15.09515251 22.52413712
v 24.00915814 15.58699994 22.50098970
v 24.40141659 15.71424031 23.29137482
v 24.68370953 15.27313980 23.22891153
v 23.50330954 15.98280713 21.67932811
v 23.83217728 15.80591001 22.63523008
v 23.65043664 16.13759332 22.61875825
v 23.93442836 15.84508371 22.89129389
v 24.16062277 16.49655322 23.11537570
v 23.98065319 17.00061858 22.97643665
v 24.32127384 16.13244792 23.34646897
v 24.86168888 16.49135017 23.43300915
v 24.82150553 15.93386268 23.67802928
v 24.76563990 16.88715531 23.00205956
v 24.79972361 17.10040568 22.65418622
v 24.81308424 16.72553213 23.14282198
v 25.36953982 14.46601911 21.47469417
v 25.53865613 14.43054422 22.05244167
v 24.91434864 14.86794859 22.58979498
v 25.43129207 14.58872993 22.68026253
v 25.42853807 14.71155686 23.25931044
v 25.10382711 15.00086438 23.43726177
v 25.44940807 15.30768442 24.06823581
v 25.75423875 14.36053135 22.82461834
v 25.87493170 14.34338672 23.29733489
v 25.92581287 14.63218025 24.11462333
v 24.96795991 17.08368653 22.42161097
v 25.57677848 16.71734794 22.27172124
v 26.26690349 16.37504344 21.55261001
v 25.28982902 16.57161586 23.15252473
v 25.69324653 16.26530252 23.58019923
v 26.42389259 16.12260011 23.21466929
v 26.18101450 15.98009723 23.54695515
v 26.35176490 15.92136090 23.56821139
v 25.44258813 16.73630863 22.50708306
v 26.29966250 11.92316563 18.46769177
v 26.32456898 12.41500752 19.24404245
v 26.28445553 12.86309275 19.96776620
v 26.23272304 13.14564050 20.53233507
v 27.28497571 11.86926460 19.98846082
v 26.97906779 12.35337757 20.49324221
v 26.63269336 12.75873954 20.69718105
v 27.10814231 12.43068432 21.08884549
v 27.52109689 11.81747196 20.31273677
v 27.58103068 11.84248978 20.50132558
v 27.89761797 11.60501116 20.52140965
v 27.97292011 11.78841531 21.13883981
v 28.22387761 14.61789516 18.97352633
v 29.08622427 14.32166650 18.57326614
v 28.96225529 14.28565411 19.34392070
v 26.48948052 13.06421244 21.17203066
v 26.99175804 12.76401158 21.79586287
v 27.32788095 12.51766010 21.89395447
v 27.33130526 12.75943980 22.60980106
v 27.18453748 13.18088969 24.02802793
v 26.43939888 13.27154790 21.60042150
v 26.72209592 13.31532925 22.45849814
v 26.48359614 13.67873315 22.98067623
v 26.58812219 13.69354797 23.59225425
v 27.37598912 12.82483123 23.09497553
v 26.72906753 13.56551268 23.77300546
v 27.81331160 12.10296716 21.68152878
v 27.78351519 11.98039165 21.27274446
v 27.61978825 12.49279164 22.52258829
v 27.76608106 12.24228484 22.06145898
v 28.06390006 12.14904125 22.56819491
v 28.51412214 11.60560267 21.66305062
v 28.41838229 11.76228992 22.06665588
v 28.00470555 12.36531393 23.36902548
v 27.52150000 12.67250000 22.95480000
v 27.61698853 12.60212293 23.05043297
v 27.90550968 12.51645323 23.69458182
v 28.61213657 11.81663673 22.91450553
v 28.28715987 12.09578892 23.11959464
v 28.63165913 11.97802123 23.59396437
v 28.82832329 14.39046724 22.48776606
v 28.75354114 14.36975787 23.26791802
v 27.14236877 15.34351180 19.40731325
v 27.33545144 15.26262687 18.43397353
v 27.97201124 14.85703805 18.58426723
v 27.49475352 15.10505163 19.57998458
v 27.13378092 15.34881095 18.55047795
v 27.31128542 15.39923149 20.35028252
v 26.81280697 15.71193345 19.98707916
v 27.26760508 15.63517802 21.25626275
v 26.35243212 16.11751338 20.10168754
v 26.49218594 16.15605147 20.87450683
v 27.89150784 14.99349940 18.43510060
v 28.05054785 14.75158623 19.25814099
v 28.04921317 14.80743300 19.66021589
v 28.36586380 14.86378245 21.22132254
v 27.76290000 15.21500000 20.90550000
v 28.62502109 14.58397121 20.14557541
v 28.00362602 14.95270491 20.31931027
v 28.50509442 14.77029507 20.95213283
v 28.82996730 14.58113314 20.69479147
v 27.04061577 15.71074407 23.24712835
v 27.35340817 15.57761424 22.59843644
v 27.36047978 15.43551016 23.44495091
v 26.61958277 16.16001826 21.52194699
v 26.55124651 16.19934847 22.47013408
v 26.93049040 15.91507195 22.40350200
v 26.89440000 15.84950000 22.94130000
v 28.06942944 14.97032420 22.46448115
v 27.40152813 15.46160493 20.92318025
v 27.68861691 15.29855220 21.28720878
v 27.59928099 15.39802043 21.96649512
v 28.12613772 15.00257599 21.91716716
v 27.97939440 14.96148844 23.26903489
v 28.10457732 14.82363844 23.56142409
v 28.88136497 14.27121303 23.26360438
v 25.18953477 15.61951350 23.87007023
v 25.56985854 15.23427526 24.17502738
v 26.34989388 15.27915381 24.44710926
v 26.20944821 15.44263202 24.22800433
v 25.56884496 16.07447688 23.77713153
v 26.52208178 14.34549726 24.72805838
v 26.75426961 13.72115782 24.25920882
v 26.04120790 14.34927378 24.04571911
v 27.17728355 13.31922990 24.48412933
v 27.06211777 13.53028179 24.83100092
v 27.77867538 13.01019086 24.84090221
v 27.51247013 13.54680950 25.41192699
v 27.21204528 13.95813850 25.01726432
v 26.92457394 14.19108160 25.04398638
v 27.33714494 13.96002162 25.12889674
v 27.54357600 12.86427408 23.94338957
v 27.83939452 12.64902804 24.01507405
v 28.02844097 12.68757097 24.59339589
v 28.89152795 12.05774733 24.60086019
v 28.43480461 12.43913056 24.77471372
v 28.31169722 13.00173532 25.88594425
v 28.37221983 12.59897825 25.23905469
v 28.71099239 12.99246972 26.21872795
v 28.65426502 14.21032194 25.00200346
v 28.71642836 14.31570538 24.61839023
v 28.06691177 13.41716589 25.89576377
v 27.84525024 13.70328865 25.73544464
v 28.42300431 12.70683839 25.68260055
v 28.02003724 14.48964198 25.10060648
v 28.03678611 13.94195782 25.63803001
v 28.56634582 13.75373867 26.01440971
v 28.73521071 13.71787766 26.10695219
v 28.36250470 13.90466269 25.74277435
v 26.70754624 14.86487773 24.66396191
v 26.56705008 14.74347177 24.68736883
v 26.39040000 15.74450000 23.81020000
v 26.42142551 15.61741876 24.06057299
v 27.04537572 15.57888333 23.55615540
v 27.29475758 14.63407714 25.05046078
v 27.30940871 15.28778838 24.10400529
v 27.26469536 14.51212001 25.13167559
v 27.91792162 14.76166681 24.65247618
v 28.19408493 14.61572489 24.50060376
v 28.21518005 14.69965663 23.99328668
v 28.31742534 14.47564029 24.86128809
v 24.83593330 18.30666450 18.68146761
v 24.75951139 18.50734846 18.58451463
v 24.62042195 17.95921284 19.40682059
v 24.30811482 18.19743657 19.74096017
v 24.85217060 17.42687799 19.95881638
v 24.63335716 17.60899788 20.26949978
v 24.34692859 17.77817889 21.10383606
v 24.04601734 18.26454585 20.13558125
v 24.27310000 17.91020000 20.64170000
v 24.07939773 19.14155871 18.55013058
v 24.11752233 18.72697331 19.16749590
v 23.74067248 18.86243547 19.40101317
v 23.52308755 18.78867639 19.89502725
v 25.28447648 17.55882798 18.40375188
v 25.21040000 17.19550000 19.26970000
v 24.06791977 17.68657462 22.18695063
v 23.71249847 18.06959072 21.69341131
v 24.32131431 17.66197352 21.78998579
v 24.47780000 17.61100000 21.53530000
v 24.79121349 17.34986365 21.55029141
v 24.12542570 17.50569363 22.46599071
v 23.95364313 17.39904476 22.58245730
v 29.66719925 14.10592737 18.57076144
v 29.80351437 13.93195371 19.90837511
v 29.92726877 13.85922768 19.37129093
v 29.71920301 14.13441537 18.46109230
v 30.43376930 13.60563962 19.27578344
v 29.27929177 14.23581076 20.39786149
v 29.41073728 14.20910248 20.78943313
v 29.75182524 13.97586686 20.76507354
v 30.26358067 13.61261596 20.33929759
v 31.31988833 13.10218132 20.46961758
v 30.94585316 13.15852398 20.77913198
v 30.81343159 13.34837237 20.06363657
v 30.90178580 13.79627756 18.32981175
v 31.39554911 13.36261731 19.49373041
v 29.23973966 14.27630630 21.53331359
v 29.00676103 14.41551833 21.79473485
v 29.80844342 13.84591385 21.56957514
v 30.10795428 13.55138676 22.25446142
v 29.52963709 14.03241942 21.75268839
v 29.41236094 14.00469484 23.14712456
v 29.12728748 14.17236831 23.43848295
v 30.09817361 13.57657145 22.65081887
v 30.17498787 13.61120686 23.43306107
v 31.00114059 13.04838154 22.54009347
v 31.36239229 12.80068614 21.47249634
v 31.66359279 12.75495965 22.44107324
v 31.30771901 12.89313617 22.51659934
v 31.39473863 12.98649662 22.94709142
v 31.27099546 13.14644696 23.36656483
v 30.50754475 13.31704534 21.47171905
v 30.44377354 13.33789811 21.69498719
v 30.55172180 13.27496535 22.45049910
v 30.61559524 13.33309445 23.03615956
v 31.26930339 13.22114554 23.64732819
v 32.00781292 12.80235358 20.85992157
v 31.84937174 13.08974085 20.27315909
v 32.71594613 13.04478943 20.08612081
v 33.04267932 12.68675043 20.82342724
v 32.67500061 12.64727006 21.27607398
v 31.96963407 13.42726199 19.31450094
v 32.20553477 13.64315475 18.75247118
v 32.65459522 13.51979840 18.94644881
v 32.83081739 13.35718297 19.32193811
v 33.01877380 13.29011906 19.39453991
v 31.75089200 13.20631665 19.93335076
v 33.15637834 12.82286185 20.39518082
v 34.57318970 12.39766964 20.88536310
v 33.68565786 12.62130535 20.73347565
v 33.76670039 12.81954688 20.06632589
v 34.30552679 12.68919848 20.06520633
v 34.38569540 12.99876084 19.27992105
v 33.80794631 13.29700162 18.74388237
v 34.05281412 13.26689290 18.58702918
v 33.43389040 13.29051674 19.19581089
v 31.75316499 12.68493869 22.02669820
v 32.05721859 12.64139767 21.56262062
v 33.04532738 12.53929548 22.52071909
v 32.14882144 13.04357287 24.02176622
v 32.09073272 12.84709450 23.33122092
v 33.25111180 12.53339215 22.87628735
v 32.40095330 12.68179557 23.06590374
v 33.50198760 12.52557432 21.74373521
v 34.15553718 12.40949974 22.25265848
v 32.95347527 12.68284975 23.61338755
v 33.68264869 12.60273042 24.22901704
v 33.71286371 12.51152587 23.15941610
v 28.84688898 11.98518699 24.15138796
v 28.88888139 12.02208467 24.46006535
v 28.76171357 12.29328318 25.21911378
v 29.64995428 11.57658667 24.95537421
v 29.34732858 11.86350726 25.78735873
v 28.90797199 12.52444341 26.24714811
v 29.27829536 12.26265333 26.52401695
v 28.72598183 12.79183992 26.29529635
v 29.53329665 11.79282160 26.11892884
v 29.80338587 13.92623894 24.84584975
v 29.76188178 13.90210870 23.91399622
v 29.57956929 13.59891789 26.23852479
v 29.17943504 14.08066090 25.15389217
v 30.16410317 13.57227128 25.93317552
v 30.55760761 13.60583764 25.33076992
v 29.60712497 13.74966563 26.07618507
v 30.59366956 13.59267952 24.49620350
v 30.97224624 13.35361919 23.74998361
v 30.41198599 13.60433723 24.00015631
v 31.80742301 13.19490674 24.27006914
v 31.41509506 13.37407882 24.82337642
v 30.84729357 13.54865590 24.98641586
v 30.31344777 13.54100053 25.87377666
v 30.67461630 13.30817764 26.51169983
v 31.03199735 13.33655048 26.20191374
v 29.57213003 12.92998827 26.98604744
v 29.58889635 13.32215160 26.61706069
v 29.65613782 11.94037641 26.66004942
v 29.90092706 12.29539506 26.98357673
v 30.20691245 12.65082988 27.17163127
v 30.24462708 11.83764304 27.25674418
v 31.19200474 12.17517994 27.82869087
v 30.61107557 11.72804747 27.48858851
v 30.11607378 13.05884417 27.02911918
v 30.58428057 12.96062077 27.16173150
v 31.27903251 13.20319072 26.54314621
v 31.14359909 12.74684710 27.34351385
v 31.81537899 12.85481404 27.17409844
v 31.08008968 12.02223859 27.81697421
v 31.81993338 13.17088953 24.13770852
v 32.55829453 12.90982455 24.05832304
v 31.98229763 13.21532828 26.07158524
v 32.14422957 13.09943629 26.44681147
v 32.52517514 13.12593188 25.83486673
v 32.80425842 13.04699628 25.04197766
v 32.81220654 12.90004578 26.46990057
v 31.64657584 13.35147180 25.35143227
v 31.81669988 13.10185462 26.60790071
v 33.41049282 12.74339066 24.75604758
v 34.74247147 12.42144478 25.28583137
v 33.89879321 12.54630389 23.94831678
v 32.80102441 12.96336466 26.24529402
v 33.64789733 12.61703162 25.72866687
v 33.57327865 12.66156718 25.61889149
v 32.46731222 12.50390500 27.51019021
v 31.56223856 12.50781367 27.65135943
v 32.51978339 12.61047297 27.28925158
v 32.72932909 12.12852164 28.00082034
v 33.53873148 12.39180787 27.04858776
v 33.10413962 12.35356005 27.47680433
v 33.86723506 12.10251036 27.51441936
v 33.73037009 12.32420871 27.02922255
v 34.45795701 11.97657454 27.66336966
v 33.22242596 11.94648547 28.02079638
v 34.78101519 7.67207006 18.04761741
v 35.32914165 7.42610327 19.87920610
v 35.77906307 7.50298415 19.29634244
v 34.53789435 7.48002687 19.93394755
v 34.99407824 7.48375098 20.58109498
v 36.25722000 7.72337129 18.57269746
v 35.59364488 7.63133712 18.42957419
v 36.79734188 7.61528889 19.64849118
v 36.50984166 7.48143928 20.62401029
v 37.04105235 7.52632683 20.79793110
v 37.89746471 7.86522126 20.57230931
v 36.24147169 8.01302585 18.13544615
v 36.72456042 7.95124370 18.60838190
v 36.85871686 8.54900228 18.63445071
v 34.59156365 7.63927534 21.51712384
v 35.79446796 7.53835068 22.09044832
v 34.57938975 7.75658697 22.26763493
v 34.65227547 7.95000029 22.97551523
v 34.20820712 8.34505586 23.35211868
v 34.77914172 8.14452796 23.44469939
v 35.00250022 7.70454923 22.55351175
v 35.29459694 7.78857406 22.99755267
v 34.90409467 8.19999704 23.69162622
v 36.72288044 7.50913124 21.73447385
v 36.11908617 7.90096547 23.51384535
v 37.52533804 9.60622267 18.96178220
v 36.73505087 11.78243767 18.53575366
v 36.03390503 11.81661835 21.68657988
v 37.01223445 11.84431108 23.34264667
v 37.59681637 7.91397017 19.84862504
v 37.09876479 7.90291612 19.03940037
v 37.73916893 8.00205272 20.00551902
v 37.35535159 8.14906935 19.31439770
v 37.06416954 8.82734538 18.78300366
v 37.54350582 9.15704960 19.13589805
v 37.59880028 9.07550732 19.25022191
v 37.92349450 8.79711935 19.89232806
v 38.49615407 9.40157607 20.82551234
v 37.54480813 7.74800879 22.37515901
v 36.87734840 7.62046789 22.40451405
v 37.95779292 7.80887530 20.98107992
v 38.02018436 7.88403736 21.46698681
v 37.92525372 7.92745880 22.09278126
v 36.61270129 7.67486894 22.77329072
v 37.31869346 7.83191508 22.95869009
v 37.58960057 8.31390209 23.94864549
v 37.66482902 7.93638516 22.87951042
v 37.96078297 8.21032447 23.04947527
v 37.95351934 8.57302892 24.16942256
v 38.60274044 9.52006935 21.12646144
v 38.48823128 8.68272818 23.14102502
v 38.52737983 8.77878451 22.48756209
v 38.44905140 8.66306209 23.21888330
v 38.43187859 8.75222883 23.50441163
v 37.16308816 10.45478590 18.37297090
v 37.82146264 10.37109683 19.07377124
v 37.83015023 9.98735429 19.19147040
v 38.05966626 10.23575071 19.47304027
v 38.23457593 9.57391512 19.96892864
v 38.50164707 9.79233882 20.55713806
v 38.29899483 10.30893425 19.88939264
v 37.12931611 11.33511063 18.57412326
v 37.41904053 11.60267824 19.71228141
v 36.97387741 11.80880693 19.08683497
v 37.65527970 11.26787311 19.42933106
v 37.72768924 10.78467491 19.12927643
v 38.18316587 10.66302825 19.96382937
v 37.88302186 11.33506435 20.70716633
v 37.84417902 11.28363429 19.99503101
v 38.47066090 10.53666578 20.71212015
v 37.24081196 11.66677266 20.75750305
v 37.72854765 11.48783237 22.08056970
v 38.54394339 10.63673605 21.39858811
v 38.08147629 11.19000968 22.02722013
v 37.73911244 11.46669559 21.66110061
v 37.93030604 11.39508909 22.34743789
v 37.79254845 11.70885834 23.85767251
v 37.57664762 11.66004577 23.01632836
v 37.75382344 11.64155307 23.42570873
v 38.07026449 11.28673318 23.25719182
v 38.83870891 9.67522035 22.34413723
v 38.73222011 10.16156245 22.09587636
v 38.57884589 10.45682604 21.17922323
v 38.83453142 9.53787541 22.68091680
v 38.58499098 9.57163422 24.13195883
v 38.79208138 9.62626392 23.31581597
v 38.69212304 9.69896340 23.66410299
v 38.61177773 10.45268837 23.06170471
v 38.38669950 10.41407495 24.21487813
v 38.50022614 10.65850279 22.93783588
v 38.58534949 10.61351319 22.18669710
v 38.59970000 10.56240000 21.95490000
v 38.60070000 10.57110000 22.44900000
v 38.58194944 10.40964844 23.37493276
v 38.38382919 10.57258413 24.00321224
v 34.77874126 8.77840603 24.84485847
v 35.25222714 8.32911336 24.15399588
v 36.14072104 8.55966423 24.87415136
v 35.69751133 8.80582719 25.21613313
v 35.16428542 8.60029631 24.72411818
v 34.92928997 8.98457533 25.38521373
v 36.21881178 8.27401393 24.23789739
v 37.02780444 8.59745084 24.67972060
v 36.09797437 9.02666786 25.45156516
v 36.81457611 9.00697787 25.28832809
v 34.74678923 9.34985349 26.13363510
v 35.58794929 9.18648426 25.77795801
v 36.15058126 9.69735589 26.57775990
v 36.99012719 9.77251430 26.43709882
v 36.76408704 9.50061623 25.99864256
v 34.69869048 9.97695018 27.79127586
v 34.55717667 9.52395081 26.54694688
v 35.97314712 10.21152885 28.15024870
v 36.18756224 9.94307924 27.38366758
v 34.43528384 10.16473150 28.20643069
v 34.25206615 10.36459383 28.37053159
v 34.89415629 11.54331347 28.40278549
v 34.51333941 11.24758026 28.57770275
v 35.38898650 11.20117033 28.72630047
v 34.66097714 11.41527183 28.48164714
v 36.23408792 10.55549060 28.38705980
v 35.12988366 10.76481794 28.51324633
v 34.79240404 11.81648418 28.15181888
v 35.08592665 11.36371967 28.59790435
v 36.98130422 10.13067952 27.55735075
v 36.77675166 10.30932699 28.03169288
v 35.78443255 11.59079987 28.52953149
v 36.89979458 11.74018527 28.46745296
v 37.02472751 10.66747591 28.28249947
v 36.95275507 11.00319181 28.55516920
v 36.86469227 11.11712626 28.70582666
v 37.40170616 8.38728315 24.19453719
v 37.66582756 8.85914827 24.72422470
v 37.89958547 8.89605156 24.55117835
v 37.62667324 9.48853821 25.55061106
v 37.23845520 8.98834872 25.08142139
v 38.39942260 8.87956338 23.90084446
v 36.79302919 9.35240372 25.74854986
v 37.63558080 9.69093424 25.83619711
v 38.17600985 9.72762593 25.12635911
v 37.90290846 9.71638117 25.47135104
v 38.17132669 10.27192918 25.68683062
v 38.17549172 10.79657723 26.47393655
v 38.11596797 11.24403595 24.37479425
v 38.10844351 11.30482143 24.75712845
v 37.74721125 11.82818485 24.43993333
v 38.16201676 11.27830217 25.96453872
v 37.75950159 11.94583981 25.04894762
v 38.15839011 11.27200469 25.52975769
v 38.32876546 9.44889201 24.54462761
v 38.33914815 9.55907128 24.59774270
v 38.27828749 10.46437153 25.25940649
v 37.68824364 10.05319891 26.50939181
v 36.80069102 10.22838183 27.91816677
v 37.77174729 10.19596487 26.73965886
v 38.03673907 11.18021141 26.91271626
v 37.77122508 10.61683095 27.22857909
v 37.73843495 11.22754218 28.03153857
v 37.77019627 11.85664496 27.07639785
v 37.87794162 11.27921457 27.63298982
v 37.55241708 11.10566365 28.19414258
v 37.73082423 10.68690202 27.48948057
v 37.23352369 12.01458586 28.04369540
v 37.43293782 11.36296325 28.25744918
v 35.66361248 12.59409459 19.03810270
v 34.78141791 13.03622098 18.40597052
v 34.80676082 12.52019090 20.16058801
v 34.90285817 12.85728107 19.13993802
v 34.87425471 12.31376255 20.71527905
v 35.69848419 12.27923975 20.17629090
v 36.05320455 12.43532636 19.10573877
v 35.76232252 12.56524192 18.58734992
v 35.58100000 12.53940000 19.44430000
v 36.56552777 11.96974384 18.57639734
v 36.40310000 12.16630000 18.78760000
v 36.67988076 12.07190932 19.09114804
v 36.55906125 12.11882092 19.44492722
v 35.61890266 12.40161278 19.87461293
v 36.15903630 11.95458993 20.67895895
v 35.67028670 12.00115507 20.95485724
v 36.50587479 11.97497895 20.25762289
v 36.53149594 11.88681438 20.54894319
v 36.70047784 11.74835882 21.66784249
v 36.58750000 11.85470000 20.61270000
v 34.38977312 12.37111836 21.48382554
v 35.12624591 12.06661031 22.78428128
v 35.35398896 11.95833473 22.45160063
v 34.61258534 12.30366975 23.01722878
v 35.29354885 11.99022766 21.63152128
v 35.72282735 11.89308477 22.83335267
v 36.22696315 11.79614909 22.84204943
v 35.45976864 12.05446091 23.30075481
v 36.14563730 11.90628683 23.39020739
v 37.05858789 12.01589974 24.03830676
v 37.22655064 11.71540099 20.21550809
v 34.94178562 12.42504372 24.60280648
v 34.95437154 12.38957332 24.23528151
v 35.23176778 12.22466211 23.80709090
v 34.40632628 12.35548492 25.88890827
v 34.58712643 12.14807715 27.29533369
v 35.34004690 12.39609372 25.74152818
v 35.04570978 12.36091346 26.18194466
v 36.14341245 12.37153846 24.87511365
v 36.05357202 12.13310002 24.10231295
v 36.67741249 12.33544269 24.91134294
v 36.88364531 12.30930137 24.93889273
v 35.91202651 12.51312999 25.66269650
v 36.89274082 12.45669830 25.66245611
v 35.75928722 12.17584896 28.01655821
v 34.45042958 12.15068934 27.12061451
v 35.09228575 11.95115187 28.08271736
v 35.51068072 11.99956836 28.16257216
v 35.55791080 12.30552158 27.25487478
v 36.03864091 12.18113516 28.04457636
v 37.00668567 12.24088116 27.94236570
v 36.24165764 12.44966969 27.14177096
v 36.75522111 12.14318201 28.23380326
v 36.61336929 12.21028921 28.07894303
v 37.00781067 12.17830900 24.46576869
v 37.34581867 12.22894437 25.27050840
v 37.59582930 11.88872891 24.29751173
v 37.64461963 12.10280783 25.48157054
v 37.65196212 12.11734026 26.33676292
v 36.89775840 12.45245103 26.37319056
v 37.71611102 12.01373842 25.32108842
v 37.45502471 12.15571646 27.23622576
v 37.63666841 12.01677415 27.25835559
v 37.09480000 12.06800000 28.12260000
v 24.01859806 23.16302028 10.07449663
v 23.81755681 24.34499007 10.27959007
v 24.09895830 23.44686191 10.43676866
v 23.99842139 23.85757743 10.38676427
v 24.15945054 23.60685900 11.06751803
v 24.29005661 22.93848868 10.46133967
v 24.30233997 23.23117136 10.93904101
v 24.54456344 22.45288487 10.49685661
v 24.49999493 22.96923811 11.18457377
v 24.54106654 22.85369009 11.07018823
v 24.21799377 23.62557830 11.94912162
v 24.06025668 23.92730324 11.51764063
v 23.97656714 23.92718357 12.61000464
v 24.62987468 23.00847154 12.07350240
v 24.84443972 22.66228608 12.43078472
v 24.64370894 22.89263798 12.80560237
v 23.92063937 24.30376391 10.89812055
v 23.64650453 25.20739995 11.66287570
v 23.68438606 24.78954140 12.56891913
v 23.62525435 24.57161545 13.26537472
v 23.60422464 25.14096792 12.49448883
v 24.90880000 22.57500000 11.90630000
v 25.09808151 22.29023585 12.09456143
v 23.45787136 25.71941196 11.87176239
v 24.22297387 23.01304621 14.01771207
v 23.85042304 23.75152360 13.99197757
v 24.28947653 23.27963711 13.24176861
v 24.20710914 22.87059995 14.37503689
v 24.52720000 22.52590000 13.92790000
v 23.62039796 22.64282499 15.69856557
v 23.97241498 23.01993497 14.77968551
v 23.90360000 22.57010000 15.28820000
v 23.80731830 23.57560515 14.71673643
v 23.58525493 23.92287495 14.97910505
v 23.93265066 23.33479416 14.63905050
v 23.63616603 23.39668176 15.28142754
v 23.84741860 23.98068876 13.23391782
v 23.85024784 24.62664748 11.56348773
v 23.64711287 24.11935343 14.37218872
f 1 122 2
f 3 2 4
f 122 4 2
f 4 7 469
f 4 8 7
f 8 6 7
f 6 9 7
f 13 12 1772
f 14 15 47
f 1776 1777 15
f 15 1777 10
f 1776 15 1772
f 10 56 15
f 42 13 1772
f 14 1772 15
f 14 42 1772
f 36 136 16
f 19 45 18
f 19 17 45
f 37 19 18
f 19 37 20
f 21 20 16
f 36 16 20
f 20 22 17
f 19 20 17
f 22 20 21
f 25 28 27
f 25 39 28
f 37 36 20
f 34 30 35
f 34 38 30
f 34 33 24
f 34 35 33
f 24 27 34
f 33 139 36
f 37 33 36
f 33 30 139
f 33 35 30
f 39 38 28
f 38 32 30
f 38 40 32
f 38 41 40
f 27 28 34
f 34 28 38
f 46 27 42
f 27 44 42
f 43 37 18
f 43 24 33
f 27 24 44
f 44 24 43
f 45 44 43
f 44 11 12
f 44 45 11
f 42 12 13
f 42 44 12
f 45 43 18
f 47 39 46
f 46 14 47
f 25 27 46
f 46 39 25
f 46 42 14
f 47 26 39
f 33 48 43
f 37 48 33
f 37 43 48
f 49 95 41
f 56 1771 57
f 57 1771 58
f 26 47 68
f 68 57 53
f 15 57 68
f 15 56 57
f 15 68 47
f 56 10 1771
f 59 57 58
f 60 70 57
f 60 57 59
f 59 58 54
f 59 54 60
f 60 54 55
f 55 61 60
f 60 61 62
f 61 55 63
f 61 64 65
f 61 63 64
f 61 65 66
f 61 67 62
f 61 66 67
f 39 29 75
f 39 68 69
f 26 68 39
f 71 53 73
f 71 69 53
f 53 69 68
f 73 53 70
f 39 69 29
f 69 71 29
f 72 78 71
f 70 53 57
f 70 60 62
f 73 72 71
f 74 76 38
f 75 74 38
f 75 38 39
f 75 29 71
f 71 74 75
f 76 50 49
f 76 74 50
f 41 38 76
f 76 49 41
f 77 74 71
f 74 163 50
f 74 51 163
f 74 78 52
f 77 78 74
f 71 78 77
f 74 52 51
f 73 70 80
f 80 70 86
f 73 79 72
f 80 79 73
f 72 81 78
f 72 79 81
f 78 81 52
f 79 82 81
f 81 82 189
f 84 83 79
f 79 83 82
f 84 82 83
f 70 62 86
f 87 86 62
f 80 86 87
f 79 87 88
f 79 80 87
f 79 88 84
f 88 87 84
f 62 67 87
f 87 67 89
f 67 211 89
f 67 90 211
f 89 84 87
f 84 214 91
f 84 193 82
f 84 85 193
f 84 91 85
f 32 96 93
f 41 95 96
f 98 94 93
f 93 97 98
f 96 97 93
f 101 92 141
f 100 101 94
f 100 102 101
f 98 100 94
f 98 102 100
f 101 99 92
f 99 103 92
f 102 99 101
f 105 98 97
f 105 97 104
f 107 102 105
f 104 107 105
f 98 105 102
f 109 103 108
f 92 103 109
f 110 109 108
f 111 119 565
f 108 111 110
f 111 108 119
f 111 565 568
f 114 112 107
f 104 114 107
f 112 117 125
f 107 112 125
f 114 113 112
f 115 113 114
f 118 120 117
f 116 120 118
f 120 119 108
f 119 120 116
f 112 123 121
f 123 112 113
f 123 124 121
f 121 124 118
f 124 123 1
f 121 117 112
f 121 118 117
f 99 125 103
f 107 125 102
f 102 125 99
f 103 117 126
f 103 126 108
f 125 117 103
f 120 126 117
f 120 108 126
f 36 140 136
f 127 136 140
f 144 128 129
f 127 92 131
f 127 141 92
f 109 132 131
f 132 129 131
f 92 133 131
f 92 109 133
f 109 131 133
f 130 128 136
f 127 131 130
f 127 130 136
f 130 131 129
f 130 129 128
f 134 16 136
f 16 134 21
f 128 134 136
f 128 137 134
f 137 135 21
f 134 137 21
f 128 148 137
f 139 140 36
f 32 31 30
f 32 93 31
f 31 139 30
f 31 93 139
f 139 101 140
f 140 141 127
f 101 141 140
f 139 94 101
f 93 94 139
f 40 96 32
f 40 41 96
f 144 143 128
f 109 110 129
f 129 132 109
f 110 144 129
f 110 145 144
f 111 142 110
f 145 142 144
f 145 110 142
f 146 142 111
f 111 568 146
f 146 144 142
f 144 146 143
f 128 143 148
f 137 148 138
f 148 143 149
f 143 146 149
f 146 150 149
f 149 150 151
f 104 106 153
f 153 106 152
f 152 165 154
f 153 152 155
f 152 154 155
f 158 159 156
f 95 159 96
f 95 156 159
f 160 95 49
f 95 160 156
f 49 50 160
f 96 159 97
f 161 152 156
f 156 157 162
f 156 162 161
f 167 162 163
f 160 157 156
f 160 162 157
f 160 50 162
f 50 163 162
f 163 51 52
f 104 97 106
f 106 97 159
f 164 152 106
f 159 164 106
f 159 158 164
f 158 152 164
f 156 152 158
f 161 162 152
f 162 165 152
f 165 180 154
f 165 170 169
f 167 163 168
f 167 168 188
f 165 162 170
f 162 169 170
f 162 167 169
f 169 167 171
f 169 171 172
f 172 187 169
f 188 171 167
f 171 173 172
f 256 172 173
f 174 113 115
f 114 104 153
f 114 153 115
f 153 175 115
f 115 175 174
f 153 155 175
f 177 8 175
f 175 8 5
f 176 177 175
f 176 178 177
f 155 176 175
f 155 154 176
f 154 178 176
f 123 113 122
f 122 1 123
f 113 174 122
f 122 174 175
f 122 175 4
f 5 4 175
f 5 8 4
f 177 6 8
f 177 181 6
f 178 179 177
f 178 154 180
f 180 165 166
f 165 169 166
f 178 180 179
f 177 182 181
f 181 182 6
f 177 183 182
f 177 179 183
f 6 182 9
f 182 184 9
f 184 182 183
f 183 180 184
f 180 185 184
f 185 482 184
f 179 180 183
f 180 166 186
f 180 186 185
f 169 187 166
f 187 172 226
f 187 186 166
f 172 256 226
f 81 163 52
f 81 168 163
f 81 189 168
f 188 168 189
f 188 191 171
f 191 190 171
f 188 192 191
f 82 193 189
f 189 192 188
f 171 190 173
f 196 197 194
f 197 1265 225
f 196 198 197
f 1265 198 196
f 1265 197 198
f 1265 196 208
f 208 199 1265
f 197 242 202
f 197 202 194
f 196 194 203
f 194 204 203
f 202 243 194
f 243 195 194
f 200 203 204
f 204 2036 200
f 207 205 206
f 196 203 208
f 208 205 207
f 208 210 205
f 208 203 210
f 208 207 209
f 207 669 209
f 203 205 210
f 203 200 205
f 212 89 211
f 91 216 215
f 91 214 216
f 214 213 216
f 215 216 231
f 84 89 214
f 89 212 214
f 214 212 213
f 213 212 216
f 218 217 212
f 216 217 219
f 216 212 217
f 219 238 216
f 219 217 2410
f 219 2410 222
f 219 239 238
f 222 239 219
f 226 256 224
f 187 226 186
f 186 226 185
f 226 1262 185
f 226 224 228
f 226 228 1262
f 1262 1265 227
f 192 229 234
f 193 192 189
f 230 192 231
f 193 231 192
f 85 231 193
f 85 215 231
f 85 91 215
f 230 236 192
f 192 236 229
f 192 234 191
f 191 234 235
f 191 235 190
f 173 233 232
f 190 235 173
f 173 235 233
f 234 229 235
f 236 237 229
f 230 237 236
f 231 238 240
f 240 230 231
f 238 231 216
f 240 241 230
f 230 241 237
f 235 229 245
f 235 245 242
f 242 245 243
f 245 244 243
f 244 245 2593
f 237 246 229
f 241 240 237
f 237 248 246
f 246 245 229
f 245 246 247
f 248 250 246
f 238 251 240
f 239 251 238
f 251 252 240
f 239 253 251
f 251 253 252
f 222 223 239
f 240 252 254
f 253 254 252
f 239 255 253
f 223 253 255
f 223 255 239
f 240 254 237
f 248 237 249
f 254 249 237
f 173 232 256
f 256 232 233
f 256 233 224
f 225 224 257
f 224 258 257
f 257 258 197
f 197 225 257
f 233 258 224
f 242 258 235
f 258 233 235
f 242 197 258
f 224 225 228
f 1265 228 225
f 228 1265 1262
f 243 202 242
f 261 259 291
f 261 306 263
f 261 264 262
f 259 261 260
f 261 262 260
f 260 326 325
f 260 262 326
f 261 263 264
f 262 263 266
f 264 263 262
f 263 265 267
f 271 270 275
f 295 273 271
f 268 295 274
f 295 541 274
f 276 275 541
f 276 271 275
f 277 274 541
f 271 541 295
f 271 276 541
f 268 278 304
f 281 269 542
f 282 283 281
f 268 274 284
f 268 284 278
f 278 284 285
f 278 285 280
f 269 277 542
f 269 281 274
f 269 274 277
f 281 284 274
f 281 286 284
f 286 281 285
f 284 286 285
f 281 283 285
f 278 280 312
f 285 287 280
f 285 288 287
f 283 288 285
f 291 259 292
f 292 293 296
f 292 294 293
f 296 305 292
f 295 268 296
f 296 293 295
f 292 290 294
f 259 298 299
f 299 290 292
f 292 259 299
f 299 298 297
f 299 297 300
f 299 300 290
f 273 272 271
f 302 271 272
f 302 552 271
f 290 302 272
f 290 553 302
f 290 303 553
f 294 272 293
f 293 273 295
f 293 272 273
f 294 290 301
f 290 272 301
f 294 301 272
f 290 300 303
f 300 352 303
f 303 352 353
f 353 497 303
f 305 296 268
f 304 312 308
f 292 305 291
f 305 261 291
f 305 304 261
f 304 306 261
f 305 268 304
f 278 312 304
f 306 304 308
f 306 308 263
f 312 307 308
f 307 310 308
f 312 279 313
f 279 312 280
f 307 311 310
f 307 312 311
f 312 966 311
f 312 313 966
f 308 309 263
f 309 308 310
f 310 263 309
f 310 311 263
f 279 280 287
f 316 298 259
f 316 320 344
f 344 298 316
f 260 316 259
f 316 315 320
f 318 321 320
f 320 315 318
f 320 321 317
f 321 318 319
f 319 322 321
f 260 325 316
f 315 316 325
f 326 330 325
f 266 327 262
f 326 262 327
f 263 327 266
f 327 328 326
f 267 327 263
f 328 330 326
f 315 329 318
f 315 331 329
f 315 325 331
f 330 331 325
f 330 1010 332
f 331 330 329
f 324 329 330
f 329 324 323
f 330 333 324
f 322 351 321
f 319 365 322
f 323 324 343
f 324 334 336
f 343 337 335
f 343 324 336
f 318 338 339
f 318 340 338
f 319 318 339
f 319 339 338
f 319 342 341
f 319 338 342
f 318 329 323
f 318 323 340
f 323 338 340
f 319 341 365
f 323 343 338
f 343 342 338
f 341 342 365
f 343 335 342
f 342 370 365
f 342 335 370
f 298 344 297
f 297 344 346
f 320 346 345
f 346 344 345
f 345 344 320
f 347 300 297
f 346 347 297
f 348 346 354
f 346 348 347
f 320 349 346
f 349 354 346
f 317 350 320
f 349 350 354
f 320 350 349
f 317 351 350
f 347 352 300
f 352 347 870
f 347 348 870
f 870 348 314
f 354 350 356
f 354 355 348
f 348 357 888
f 354 356 355
f 355 358 348
f 348 358 357
f 317 321 351
f 322 365 360
f 351 322 360
f 351 360 361
f 351 361 350
f 350 361 364
f 363 910 356
f 350 363 356
f 350 364 363
f 364 362 363
f 365 368 360
f 365 366 368
f 360 368 361
f 365 370 366
f 368 366 367
f 366 369 367
f 366 370 369
f 367 369 372
f 369 370 372
f 370 373 372
f 364 361 362
f 361 368 362
f 362 368 374
f 363 362 375
f 375 362 374
f 376 368 367
f 367 372 376
f 376 374 368
f 374 372 377
f 376 372 374
f 374 377 378
f 374 378 375
f 410 383 382
f 1 386 124
f 388 1 2
f 463 387 388
f 1 387 386
f 388 387 1
f 384 386 385
f 387 389 386
f 393 574 384
f 391 393 384
f 384 395 391
f 385 395 384
f 385 391 395
f 391 392 393
f 393 392 394
f 390 385 386
f 396 386 389
f 386 396 390
f 390 391 385
f 390 383 391
f 383 390 396
f 396 382 383
f 465 382 396
f 399 559 397
f 399 400 402
f 404 402 508
f 399 402 588
f 399 588 398
f 402 404 588
f 404 508 509
f 404 509 715
f 407 405 383
f 383 405 391
f 407 383 410
f 405 406 391
f 410 408 407
f 405 407 406
f 406 407 415
f 412 413 406
f 406 413 419
f 403 402 400
f 403 517 402
f 412 411 413
f 413 411 419
f 411 414 419
f 415 407 379
f 415 412 406
f 409 426 381
f 409 381 379
f 407 409 379
f 407 408 409
f 416 415 379
f 379 381 416
f 415 416 412
f 391 406 392
f 392 418 417
f 392 406 418
f 406 419 418
f 397 401 399
f 419 397 418
f 417 394 392
f 417 397 394
f 417 418 397
f 401 397 419
f 401 400 399
f 419 400 401
f 419 403 400
f 422 429 421
f 422 421 424
f 427 429 428
f 484 486 431
f 427 431 430
f 430 431 486
f 431 427 425
f 433 425 427
f 435 434 420
f 434 436 420
f 437 434 433
f 437 424 434
f 424 436 434
f 424 420 436
f 426 380 381
f 434 425 433
f 425 434 426
f 434 435 380
f 380 426 434
f 437 422 424
f 422 437 433
f 422 427 428
f 422 438 427
f 422 433 438
f 427 438 433
f 428 429 422
f 440 547 421
f 442 429 423
f 439 442 423
f 429 442 421
f 442 439 447
f 440 421 442
f 440 442 441
f 548 441 442
f 443 444 442
f 442 447 443
f 447 444 443
f 444 548 442
f 447 445 444
f 446 429 427
f 429 439 423
f 446 439 429
f 427 430 446
f 446 447 439
f 447 446 448
f 432 446 430
f 432 448 446
f 432 471 448
f 448 471 449
f 448 449 451
f 447 450 451
f 448 450 447
f 448 451 450
f 451 1087 447
f 449 452 451
f 1087 451 452
f 465 458 382
f 465 457 458
f 457 460 459
f 457 465 460
f 458 456 382
f 457 456 458
f 457 459 456
f 459 432 486
f 462 432 459
f 430 486 432
f 462 471 432
f 459 460 462
f 454 462 460
f 462 454 461
f 472 462 461
f 464 3 4
f 464 2 3
f 465 389 463
f 465 396 389
f 460 465 464
f 463 389 387
f 465 463 464
f 464 454 460
f 464 468 454
f 466 388 2
f 466 463 388
f 2 463 466
f 2 464 463
f 4 469 464
f 464 469 468
f 468 461 454
f 461 468 469
f 469 455 461
f 7 467 469
f 471 462 472
f 449 471 472
f 472 455 474
f 472 461 455
f 472 474 473
f 472 473 476
f 476 449 472
f 476 475 449
f 449 475 1101
f 478 475 476
f 476 470 478
f 476 473 470
f 469 467 474
f 455 469 474
f 467 7 474
f 474 7 9
f 9 480 474
f 470 473 474
f 480 470 474
f 480 483 470
f 483 1104 470
f 480 9 481
f 480 481 483
f 481 9 184
f 481 482 483
f 410 485 408
f 485 484 425
f 485 410 456
f 382 456 410
f 484 485 456
f 486 456 459
f 486 484 456
f 484 431 425
f 408 485 487
f 485 426 487
f 425 426 485
f 487 409 408
f 487 426 409
f 449 477 452
f 449 1101 477
f 544 496 495
f 544 490 496
f 380 491 381
f 489 492 493
f 489 544 492
f 493 381 494
f 493 411 381
f 491 494 381
f 491 493 494
f 515 493 492
f 515 411 493
f 544 495 492
f 492 495 521
f 492 521 515
f 490 552 497
f 490 500 496
f 490 497 500
f 497 353 872
f 497 503 500
f 503 497 498
f 497 872 498
f 499 521 495
f 495 496 499
f 500 502 496
f 496 502 499
f 502 501 499
f 499 501 528
f 502 500 503
f 502 503 505
f 503 504 505
f 517 508 402
f 508 506 509
f 506 510 509
f 506 514 510
f 512 506 513
f 506 512 514
f 507 513 506
f 510 514 509
f 411 515 414
f 414 517 419
f 517 414 516
f 517 403 419
f 517 506 508
f 414 518 516
f 414 520 518
f 517 516 506
f 516 518 506
f 416 381 412
f 381 411 412
f 414 519 520
f 414 515 521
f 521 519 414
f 521 520 519
f 521 523 520
f 518 520 506
f 520 507 506
f 520 523 507
f 521 522 523
f 521 526 522
f 526 521 499
f 526 499 522
f 499 527 522
f 522 527 523
f 499 525 527
f 499 528 525
f 527 525 523
f 523 513 507
f 528 529 525
f 525 529 533
f 502 505 501
f 501 505 528
f 505 529 528
f 523 530 513
f 525 533 523
f 513 530 524
f 523 533 530
f 533 529 532
f 533 532 537
f 533 537 530
f 530 537 534
f 534 536 530
f 532 885 537
f 537 885 887
f 545 420 424
f 545 538 420
f 543 489 493
f 538 543 420
f 543 488 420
f 543 493 488
f 420 493 491
f 420 488 493
f 539 540 545
f 540 547 542
f 540 539 421
f 547 540 421
f 541 275 545
f 540 277 541
f 540 541 545
f 542 277 540
f 421 539 424
f 424 539 545
f 270 544 543
f 543 538 545
f 270 545 275
f 545 270 543
f 271 490 546
f 271 552 490
f 271 546 270
f 270 490 544
f 270 546 490
f 543 544 489
f 491 380 420
f 420 380 435
f 547 281 542
f 547 282 281
f 282 547 441
f 440 441 547
f 549 441 548
f 550 548 444
f 548 550 549
f 441 283 282
f 441 549 283
f 549 551 283
f 283 551 289
f 302 553 552
f 553 497 552
f 553 303 497
f 554 555 564
f 555 556 564
f 555 558 556
f 394 558 555
f 561 558 394
f 394 397 561
f 397 581 561
f 561 569 558
f 558 569 560
f 564 558 567
f 564 568 565
f 564 567 568
f 565 119 564
f 556 558 564
f 558 560 566
f 566 560 562
f 558 566 567
f 566 562 567
f 567 562 568
f 572 562 560
f 561 570 569
f 561 557 570
f 570 572 569
f 572 563 562
f 570 563 572
f 563 570 571
f 560 569 572
f 575 119 116
f 386 118 578
f 386 575 118
f 384 574 575
f 575 386 384
f 575 116 118
f 574 393 577
f 576 394 555
f 393 576 577
f 577 554 574
f 577 555 554
f 577 576 555
f 575 574 554
f 554 564 119
f 575 554 119
f 578 118 124
f 124 386 578
f 394 576 393
f 559 561 581
f 399 580 559
f 398 580 399
f 398 583 580
f 581 397 559
f 583 398 582
f 557 580 583
f 580 561 559
f 580 557 561
f 557 583 582
f 582 584 593
f 584 586 593
f 398 588 587
f 398 587 582
f 587 588 582
f 582 588 584
f 404 714 588
f 404 715 714
f 588 714 584
f 714 586 584
f 557 589 570
f 557 579 589
f 570 589 590
f 557 582 579
f 579 591 589
f 570 590 592
f 570 592 571
f 589 591 590
f 579 593 591
f 579 582 593
f 593 586 585
f 593 585 594
f 593 594 591
f 591 595 590
f 591 594 595
f 595 594 596
f 594 585 722
f 568 562 146
f 599 146 562
f 562 563 599
f 146 599 147
f 563 598 599
f 599 598 600
f 598 601 600
f 602 563 571
f 571 573 602
f 563 602 598
f 603 601 598
f 598 602 603
f 603 604 601
f 601 604 605
f 601 605 612
f 146 147 606
f 146 606 150
f 599 600 606
f 147 599 606
f 606 600 150
f 150 600 607
f 600 611 607
f 150 607 608
f 611 609 607
f 607 609 614
f 607 614 610
f 601 612 600
f 600 612 611
f 611 613 609
f 609 613 614
f 614 613 615
f 612 613 611
f 613 616 615
f 613 617 616
f 613 631 617
f 573 618 602
f 571 618 573
f 571 592 618
f 602 618 603
f 592 590 618
f 590 595 618
f 603 625 604
f 618 625 603
f 604 625 605
f 605 625 612
f 595 596 621
f 618 622 619
f 618 595 622
f 618 619 625
f 595 621 622
f 594 597 596
f 619 622 621
f 625 619 624
f 620 625 627
f 624 626 625
f 625 626 627
f 623 619 621
f 619 623 626
f 624 619 626
f 625 628 612
f 625 620 628
f 613 612 628
f 620 629 628
f 620 627 629
f 629 630 628
f 613 628 631
f 628 630 631
f 632 626 633
f 630 629 634
f 635 636 631
f 631 636 617
f 630 635 631
f 634 635 630
f 635 634 636
f 634 637 636
f 636 638 2985
f 636 637 638
f 638 641 2985
f 641 639 2985
f 627 626 629
f 626 642 629
f 626 632 642
f 629 642 643
f 634 644 643
f 629 643 644
f 629 644 634
f 634 645 637
f 643 645 634
f 637 645 638
f 632 633 642
f 633 643 642
f 633 647 643
f 643 649 646
f 647 649 643
f 649 650 646
f 646 650 648
f 645 643 638
f 638 643 641
f 646 641 643
f 646 648 641
f 641 648 639
f 648 692 639
f 481 184 482
f 655 657 652
f 659 1265 660
f 658 660 1265
f 1265 199 658
f 658 199 662
f 662 660 658
f 659 660 662
f 659 663 661
f 659 662 663
f 661 663 665
f 663 667 665
f 665 667 1300
f 663 664 667
f 668 667 664
f 668 1300 667
f 666 1300 668
f 670 677 671
f 670 673 677
f 670 669 207
f 206 672 207
f 670 207 672
f 651 673 672
f 673 651 652
f 680 673 652
f 670 672 673
f 209 674 208
f 199 208 674
f 199 674 669
f 669 675 199
f 199 675 662
f 675 669 670
f 669 674 209
f 675 670 662
f 670 671 662
f 671 663 662
f 677 673 676
f 677 663 671
f 664 663 677
f 676 664 677
f 664 676 713
f 676 678 713
f 680 679 673
f 673 679 676
f 676 679 678
f 652 654 680
f 657 654 652
f 680 654 657
f 678 679 680
f 657 678 680
f 640 653 639
f 653 640 685
f 653 686 656
f 653 685 688
f 653 688 684
f 685 640 688
f 640 687 688
f 689 688 695
f 711 689 690
f 689 695 690
f 686 684 656
f 656 684 691
f 686 653 684
f 691 689 656
f 689 712 655
f 655 712 657
f 656 689 655
f 688 689 691
f 688 691 684
f 688 687 696
f 650 692 648
f 692 696 693
f 692 640 639
f 693 640 692
f 640 693 687
f 687 693 696
f 696 695 688
f 695 683 690
f 681 690 683
f 694 696 692
f 696 682 695
f 695 697 683
f 695 682 697
f 683 697 682
f 698 664 713
f 699 668 664
f 668 699 666
f 664 698 699
f 698 702 699
f 699 702 666
f 705 701 703
f 700 701 705
f 681 703 701
f 683 704 681
f 681 705 703
f 681 704 705
f 666 707 709
f 666 709 708
f 707 710 855
f 707 698 700
f 707 702 698
f 707 666 702
f 700 706 707
f 706 705 707
f 706 700 705
f 707 705 710
f 712 678 657
f 689 711 712
f 711 713 678
f 712 711 678
f 711 690 701
f 698 713 711
f 701 700 711
f 698 711 700
f 681 701 690
f 509 511 715
f 715 719 717
f 586 714 720
f 714 716 720
f 715 717 714
f 714 717 716
f 511 719 715
f 509 718 719
f 511 509 719
f 512 718 514
f 509 514 718
f 719 718 728
f 586 720 585
f 585 720 722
f 716 717 720
f 717 721 720
f 720 724 722
f 723 722 753
f 720 725 724
f 722 724 753
f 719 721 717
f 719 727 721
f 721 727 720
f 720 729 725
f 720 727 729
f 719 726 727
f 719 728 726
f 725 729 724
f 729 727 724
f 728 730 726
f 727 726 733
f 730 733 726
f 727 731 724
f 731 732 724
f 727 733 731
f 733 734 731
f 732 731 734
f 734 749 732
f 512 513 718
f 718 513 524
f 531 718 524
f 718 531 736
f 524 530 531
f 531 735 736
f 728 718 736
f 728 736 737
f 735 531 744
f 736 735 737
f 530 535 531
f 535 739 531
f 535 530 739
f 531 739 738
f 530 536 739
f 536 534 739
f 534 537 739
f 741 537 740
f 537 741 782
f 531 738 744
f 739 537 738
f 738 537 742
f 744 738 742
f 728 737 730
f 733 743 745
f 733 730 743
f 730 737 743
f 737 735 744
f 743 737 745
f 744 746 750
f 744 750 737
f 737 748 745
f 737 750 748
f 744 742 746
f 745 748 734
f 733 745 734
f 748 749 734
f 749 748 751
f 748 750 751
f 594 722 597
f 722 723 597
f 596 597 621
f 621 597 623
f 597 752 623
f 597 723 752
f 723 753 754
f 723 754 752
f 767 754 753
f 769 755 754
f 623 756 626
f 623 752 756
f 756 752 757
f 756 633 626
f 756 757 633
f 757 759 633
f 758 759 757
f 752 754 757
f 757 754 758
f 758 754 755
f 755 769 770
f 633 759 647
f 759 760 647
f 758 755 759
f 759 755 761
f 761 755 764
f 770 763 764
f 770 764 755
f 761 764 759
f 763 774 764
f 759 764 760
f 753 765 767
f 724 765 753
f 767 765 724
f 724 732 766
f 724 766 767
f 732 767 766
f 767 769 754
f 767 768 769
f 732 768 767
f 769 771 770
f 768 771 769
f 732 749 768
f 768 772 771
f 749 772 768
f 771 772 770
f 772 773 770
f 773 763 770
f 760 649 647
f 760 764 649
f 764 762 649
f 649 762 650
f 764 833 762
f 772 749 751
f 772 751 773
f 777 863 776
f 777 778 775
f 740 779 741
f 537 782 781
f 537 781 742
f 741 779 782
f 781 782 785
f 781 785 783
f 782 779 785
f 779 780 785
f 780 784 785
f 785 784 787
f 786 804 784
f 750 747 789
f 750 789 791
f 791 792 750
f 789 794 791
f 789 800 794
f 796 866 795
f 742 781 747
f 746 747 750
f 746 742 747
f 781 797 747
f 789 747 790
f 747 797 790
f 797 781 790
f 790 800 789
f 781 800 790
f 783 798 781
f 798 801 781
f 785 798 783
f 785 787 798
f 787 799 798
f 787 784 799
f 788 799 784
f 799 788 798
f 788 829 798
f 801 796 795
f 801 803 796
f 781 801 800
f 795 800 801
f 795 794 800
f 829 796 802
f 801 798 803
f 796 798 802
f 796 803 798
f 829 802 798
f 804 788 784
f 804 807 788
f 804 806 807
f 804 805 806
f 805 809 806
f 807 806 808
f 809 814 806
f 810 814 809
f 810 812 811
f 810 811 814
f 813 831 806
f 811 815 814
f 811 812 815
f 815 813 814
f 813 806 814
f 821 818 827
f 819 821 820
f 816 818 821
f 816 821 819
f 817 822 816
f 817 825 822
f 813 826 823
f 815 826 813
f 823 825 813
f 776 828 777
f 823 777 828
f 818 828 827
f 828 822 823
f 823 822 825
f 828 776 827
f 778 777 823
f 818 822 828
f 818 816 822
f 808 830 807
f 831 816 808
f 831 808 806
f 816 830 808
f 830 816 819
f 788 807 829
f 807 830 829
f 829 830 820
f 820 796 829
f 830 819 820
f 831 813 817
f 813 825 817
f 817 816 831
f 833 764 774
f 833 774 834
f 683 682 704
f 847 837 682
f 837 704 682
f 847 832 837
f 704 837 844
f 763 839 838
f 763 773 839
f 763 838 774
f 834 774 838
f 838 833 834
f 838 841 833
f 841 835 833
f 836 835 841
f 839 865 838
f 865 840 838
f 840 841 838
f 861 842 867
f 832 836 837
f 843 836 841
f 837 845 844
f 837 836 845
f 844 845 836
f 844 836 842
f 836 843 842
f 840 843 841
f 842 843 840
f 650 846 692
f 762 833 650
f 833 835 650
f 694 692 846
f 846 650 835
f 836 846 835
f 836 832 846
f 832 694 846
f 694 848 696
f 694 847 848
f 847 682 848
f 682 696 848
f 832 847 694
f 704 852 705
f 852 849 705
f 854 849 852
f 850 852 704
f 854 852 850
f 850 704 860
f 705 856 710
f 854 856 849
f 856 705 849
f 856 853 710
f 858 855 710
f 858 710 853
f 850 851 854
f 851 856 854
f 853 856 858
f 858 856 857
f 850 860 862
f 850 862 851
f 862 860 859
f 859 860 861
f 860 844 861
f 861 844 842
f 862 776 863
f 827 859 861
f 776 859 827
f 776 862 859
f 704 844 860
f 862 863 851
f 777 851 863
f 775 851 777
f 775 856 851
f 856 864 857
f 775 864 856
f 857 864 775
f 750 792 751
f 751 865 839
f 773 751 839
f 751 792 865
f 865 792 791
f 865 791 793
f 865 793 794
f 791 794 793
f 865 794 840
f 868 866 840
f 867 842 866
f 840 866 842
f 840 794 868
f 794 795 868
f 866 868 795
f 821 861 867
f 827 861 821
f 821 867 820
f 796 867 866
f 796 820 867
f 873 872 353
f 352 869 353
f 353 869 873
f 869 352 870
f 869 870 871
f 872 873 874
f 869 871 873
f 873 871 879
f 498 872 876
f 498 876 503
f 872 875 876
f 872 874 875
f 873 877 874
f 875 874 876
f 876 874 877
f 876 504 503
f 878 504 876
f 877 879 876
f 876 879 878
f 878 879 880
f 873 879 877
f 505 881 529
f 504 882 505
f 878 880 504
f 505 882 881
f 882 883 886
f 529 881 532
f 532 881 884
f 532 884 885
f 881 886 884
f 882 886 881
f 885 884 887
f 537 887 740
f 314 871 870
f 348 888 314
f 355 359 357
f 358 355 357
f 871 894 879
f 871 314 894
f 314 889 894
f 314 888 889
f 888 890 889
f 359 355 891
f 357 892 888
f 357 359 892
f 888 892 890
f 891 893 359
f 359 893 892
f 879 894 896
f 894 895 896
f 894 889 895
f 879 927 924
f 879 896 927
f 879 924 897
f 890 898 889
f 892 903 890
f 896 889 927
f 896 895 889
f 889 898 899
f 927 889 899
f 893 901 892
f 892 902 903
f 892 901 902
f 890 903 898
f 898 903 899
f 899 903 904
f 903 941 904
f 903 906 941
f 903 907 906
f 902 907 903
f 902 905 907
f 905 909 907
f 905 908 909
f 356 910 355
f 355 910 891
f 363 912 910
f 910 912 911
f 910 911 891
f 375 913 363
f 363 913 912
f 913 919 912
f 891 911 900
f 891 900 893
f 911 912 900
f 901 893 900
f 375 914 915
f 913 375 915
f 375 378 914
f 912 919 900
f 900 920 917
f 900 917 901
f 917 920 901
f 900 919 920
f 913 915 919
f 915 914 919
f 914 916 919
f 920 919 918
f 901 920 902
f 920 918 902
f 902 918 905
f 918 919 1404
f 880 882 504
f 880 921 882
f 882 921 883
f 879 897 922
f 879 922 880
f 924 927 897
f 897 925 922
f 897 923 925
f 880 922 921
f 921 922 883
f 883 922 925
f 883 925 923
f 935 883 938
f 923 938 883
f 897 927 923
f 927 899 926
f 927 926 923
f 926 928 923
f 923 929 934
f 923 928 929
f 883 935 886
f 884 931 887
f 884 930 931
f 887 931 740
f 884 933 930
f 930 932 957
f 886 933 884
f 930 933 932
f 886 937 933
f 886 935 937
f 937 935 936
f 933 937 932
f 936 932 937
f 938 923 935
f 923 934 935
f 934 929 936
f 935 934 936
f 936 929 939
f 899 904 926
f 904 941 926
f 926 941 945
f 945 928 926
f 941 943 945
f 941 944 943
f 941 906 944
f 906 907 944
f 907 909 944
f 945 943 942
f 942 943 951
f 951 943 944
f 944 940 951
f 942 947 945
f 939 945 946
f 947 946 945
f 936 948 958
f 936 939 948
f 948 950 949
f 948 939 950
f 939 949 950
f 946 949 939
f 946 947 949
f 951 953 942
f 951 940 953
f 953 940 954
f 940 952 954
f 954 810 953
f 942 949 947
f 939 929 928
f 945 939 928
f 930 956 931
f 930 957 956
f 779 931 780
f 740 931 779
f 956 780 931
f 780 956 957
f 932 786 957
f 936 786 932
f 936 958 786
f 958 804 786
f 957 784 780
f 957 786 784
f 949 805 958
f 809 805 949
f 948 949 958
f 958 805 804
f 949 942 809
f 942 953 809
f 810 809 953
f 287 980 979
f 287 961 980
f 283 289 288
f 288 551 960
f 288 960 287
f 287 960 961
f 960 959 961
f 959 962 986
f 966 313 965
f 311 966 967
f 311 964 263
f 311 967 964
f 966 965 968
f 967 966 974
f 966 968 974
f 974 968 969
f 263 971 265
f 263 964 971
f 265 971 972
f 972 971 976
f 972 976 973
f 967 974 964
f 974 975 964
f 976 971 977
f 964 977 971
f 976 977 973
f 974 978 975
f 975 977 964
f 974 970 978
f 974 969 970
f 978 970 975
f 970 985 992
f 987 970 992
f 970 977 975
f 970 987 977
f 313 279 979
f 279 287 979
f 979 980 313
f 313 980 965
f 980 961 981
f 981 982 980
f 965 982 968
f 965 980 982
f 961 959 981
f 981 959 982
f 982 959 986
f 968 970 969
f 968 984 970
f 968 982 984
f 970 984 985
f 983 984 982
f 983 990 984
f 986 983 982
f 986 988 983
f 986 1154 988
f 963 1154 986
f 985 984 992
f 987 1031 977
f 984 990 993
f 990 983 988
f 989 990 988
f 989 988 1184
f 1184 990 989
f 984 993 992
f 987 1038 1031
f 1038 987 994
f 992 994 987
f 994 992 995
f 993 995 992
f 990 991 993
f 993 991 996
f 993 996 995
f 991 998 996
f 991 997 998
f 996 998 999
f 333 1001 324
f 267 1004 327
f 267 265 1002
f 265 972 1002
f 267 1002 1004
f 1002 972 1003
f 328 1014 330
f 328 327 1014
f 327 1006 1014
f 327 1004 1006
f 1014 1006 1004
f 330 1014 1010
f 1004 1007 1014
f 1007 1004 1008
f 1002 1003 1004
f 1003 1005 1004
f 1004 1005 1008
f 332 1009 330
f 332 1010 1009
f 333 330 1009
f 1009 1012 333
f 1001 333 1018
f 333 1013 1018
f 333 1012 1013
f 1009 1010 1012
f 1012 1010 1013
f 1010 1011 1015
f 1013 1010 1015
f 1010 1014 1011
f 1007 1011 1014
f 1008 1011 1007
f 1011 1016 1015
f 334 324 1001
f 334 1017 336
f 1017 1020 343
f 336 1017 343
f 1001 1018 334
f 1018 1013 1019
f 1018 1019 334
f 1017 334 1020
f 1020 337 343
f 337 1021 1024
f 1020 1021 337
f 1020 1022 1021
f 334 1022 1020
f 1019 1023 334
f 1023 1022 334
f 1021 1022 1024
f 1023 1049 1022
f 1022 1046 1024
f 1013 1025 1019
f 1013 1015 1025
f 1019 1025 1023
f 1023 1025 1049
f 337 1024 335
f 1024 1026 335
f 335 1026 370
f 1026 1024 370
f 972 973 1003
f 977 1028 973
f 1005 1003 973
f 1005 1029 1008
f 1011 1065 1016
f 1008 1029 1011
f 1011 1029 1065
f 1028 1030 1032
f 977 1031 1028
f 1028 1031 1030
f 1028 1032 973
f 973 1033 1005
f 973 1032 1033
f 1030 1031 1032
f 1005 1033 1029
f 1033 1032 1034
f 1032 1072 1034
f 1033 1034 1035
f 1029 1033 1036
f 1036 1037 1029
f 1036 1033 1035
f 1038 994 995
f 1038 995 1039
f 1031 1040 1032
f 1031 1038 1040
f 1032 1043 1072
f 1032 1040 1043
f 1038 1039 1040
f 995 1041 1039
f 996 1042 995
f 996 999 1042
f 995 1042 1041
f 1041 1076 1039
f 1042 1076 1041
f 1043 1040 1044
f 1035 1034 1045
f 1034 1072 1045
f 1043 1044 1072
f 1044 1079 1072
f 1046 1022 1049
f 1015 1016 1025
f 1025 1016 1047
f 1025 1047 1048
f 1016 1065 1048
f 1016 1048 1047
f 1049 1051 1046
f 1025 1051 1049
f 1025 1050 1051
f 1048 1050 1025
f 370 1024 1027
f 1027 371 370
f 1024 1046 1027
f 370 371 373
f 1051 1027 1046
f 1051 371 1027
f 372 1052 377
f 372 1055 1052
f 378 377 1052
f 1052 1053 378
f 1052 1394 1053
f 1052 1055 1394
f 1051 1067 1056
f 1050 1067 1051
f 373 371 372
f 372 371 1058
f 372 1058 1055
f 1055 1058 371
f 1055 371 1054
f 1051 1056 371
f 371 1056 1059
f 371 1060 1054
f 1055 1060 1057
f 1054 1060 1055
f 1059 1061 371
f 371 1062 1060
f 371 1061 1062
f 1037 1065 1029
f 1065 1050 1048
f 1037 1063 1065
f 1036 1035 1037
f 1037 1035 1063
f 1050 1065 1067
f 1065 1066 1067
f 1067 1069 1068
f 1065 1063 1066
f 1063 1064 1066
f 1066 1069 1067
f 1067 1068 1070
f 1069 1066 1068
f 1068 1066 1070
f 1063 1035 1064
f 1045 1064 1035
f 1064 1071 1066
f 1045 1072 1064
f 1064 1073 1071
f 1066 1071 1070
f 1073 1416 1071
f 1067 1059 1056
f 1067 1070 1059
f 999 1074 1210
f 999 1075 1042
f 1075 999 1210
f 1039 1077 1040
f 1039 1076 1077
f 1077 1078 1040
f 1042 1077 1076
f 1040 1079 1044
f 1040 1078 1079
f 1079 1078 1072
f 1072 1485 1064
f 1072 1078 1485
f 1064 1485 1073
f 444 445 1080
f 1083 444 1080
f 1083 1080 1081
f 1083 1081 1084
f 1084 1085 1083
f 1084 1081 1085
f 1081 1080 1082
f 1087 1086 447
f 452 1088 1087
f 452 453 1088
f 1088 1089 1087
f 1088 453 1090
f 447 1086 445
f 445 1086 1080
f 1086 1082 1080
f 1086 1091 1082
f 1086 1087 1089
f 1089 1091 1086
f 1082 1085 1081
f 1082 1091 1085
f 1091 1093 1085
f 1093 1155 1085
f 1093 1091 1096
f 1164 1155 1093
f 1089 1092 1091
f 1092 1094 1091
f 1089 1095 1092
f 1094 1096 1091
f 1164 1093 1099
f 1093 1096 1098
f 1099 1093 1098
f 1101 475 1100
f 1100 1116 1101
f 479 1100 478
f 470 479 478
f 478 1100 475
f 1116 1100 1102
f 479 1102 1100
f 470 1104 1103
f 1103 1110 470
f 483 482 1105
f 1104 483 1103
f 1103 1106 1110
f 470 1110 479
f 479 1107 1102
f 1110 1107 479
f 1107 1108 1102
f 1108 1107 1109
f 1107 1112 1111
f 1102 1108 1109
f 1107 1111 1109
f 1101 1113 477
f 452 477 453
f 477 1113 453
f 1101 1114 1113
f 453 1115 1090
f 1113 1115 453
f 1113 1114 1116
f 1101 1116 1114
f 1115 1095 1090
f 1090 1089 1088
f 1090 1095 1089
f 1115 1113 1117
f 1117 1095 1115
f 1118 1095 1117
f 1116 1120 1113
f 1116 1102 1121
f 1116 1123 1120
f 1116 1121 1123
f 1117 1113 1118
f 1118 1113 1120
f 1095 1118 1119
f 1119 1092 1095
f 1102 1123 1121
f 1109 1123 1102
f 1109 1122 1123
f 1120 1123 1131
f 1118 1120 1119
f 1122 1109 1124
f 1124 1123 1122
f 1123 1125 1131
f 1123 1124 1125
f 1092 1126 1094
f 1096 1094 1129
f 1092 1119 1126
f 1126 1129 1094
f 1127 1096 1128
f 1096 1127 1098
f 1126 1119 1132
f 1126 1132 1129
f 1129 1128 1096
f 1098 1128 1193
f 1127 1128 1098
f 1120 1131 1130
f 1119 1134 1132
f 1119 1120 1134
f 1129 1132 1133
f 1120 1130 1134
f 1134 1135 1132
f 1132 1135 1136
f 1132 1136 1133
f 1129 1133 1128
f 1133 1137 1128
f 444 1083 1139
f 444 1139 550
f 1139 1141 550
f 549 1142 551
f 550 1142 549
f 550 1143 1142
f 550 1141 1140
f 1143 550 1140
f 1083 1085 1139
f 1085 1144 1139
f 1141 1143 1140
f 1141 1147 1143
f 1139 1148 1141
f 1139 1144 1148
f 1085 1148 1144
f 1148 1085 1149
f 1149 1145 1148
f 1149 1150 1145
f 1148 1145 1141
f 1141 1146 1147
f 1141 1145 1146
f 289 551 288
f 551 1142 960
f 960 1142 1151
f 960 1152 959
f 1151 1152 960
f 1151 1142 1152
f 1142 1147 1152
f 1142 1143 1147
f 1147 1153 1154
f 959 1152 962
f 1152 1154 962
f 962 963 986
f 1154 1152 1147
f 962 1154 963
f 1154 1153 1182
f 1155 1149 1085
f 1150 1156 1145
f 1147 1159 1153
f 1147 1158 1159
f 1153 1159 1157
f 1153 1157 1160
f 1145 1158 1146
f 1145 1156 1158
f 1146 1158 1147
f 1158 1156 1159
f 1156 1161 1159
f 1159 1162 1157
f 1159 1161 1162
f 1149 1155 1164
f 1150 1149 1164
f 1150 1164 1165
f 1097 1168 1164
f 1164 1167 1165
f 1164 1168 1167
f 1165 1166 1150
f 1165 1169 1166
f 1169 1165 1168
f 1166 1169 1156
f 1150 1166 1156
f 1165 1167 1168
f 1164 1099 1097
f 1099 1098 1170
f 1168 1097 1099
f 1099 1171 1168
f 1169 1168 1171
f 1156 1169 1161
f 1161 1174 1173
f 1161 1169 1174
f 1173 1174 1175
f 1173 1176 1162
f 1173 1162 1161
f 1173 1175 1176
f 1175 1177 1176
f 1175 1178 1177
f 1174 1179 1175
f 1169 1180 1174
f 1174 1180 1179
f 1179 1181 1175
f 1181 1178 1175
f 1154 1182 988
f 1182 1183 988
f 1182 1184 1183
f 1182 1185 1184
f 1182 1153 1160
f 1182 1160 1185
f 1183 1184 988
f 1184 1185 1160
f 1160 1186 1184
f 990 1184 991
f 1184 1186 991
f 1160 1188 1186
f 1160 1157 1188
f 1162 1163 1188
f 1157 1162 1188
f 1162 1190 1163
f 1188 1163 1189
f 1186 1188 1189
f 1187 1186 1189
f 1187 1189 1211
f 997 991 1186
f 997 1186 1191
f 1191 998 997
f 1000 998 1192
f 1186 1187 1191
f 1191 1192 998
f 998 1000 999
f 1000 1074 999
f 1187 1211 1191
f 1162 1176 1190
f 1177 1190 1176
f 1170 1171 1099
f 1171 1170 1193
f 1098 1193 1170
f 1171 1193 1172
f 1172 1169 1171
f 1172 1194 1169
f 1193 1194 1172
f 1193 1195 1194
f 1193 1196 1195
f 1180 1169 1194
f 1180 1194 1179
f 1179 1194 1222
f 1194 1197 1222
f 1195 1203 1194
f 1194 1203 1225
f 1193 1137 1196
f 1128 1137 1193
f 1196 1137 1198
f 1196 1198 1199
f 1196 1199 1195
f 1199 1198 1202
f 1198 1200 1202
f 1195 1199 1203
f 1199 1202 1203
f 1203 1202 1201
f 1203 1204 1226
f 1243 1205 1242
f 1179 1222 1181
f 1178 1181 1217
f 1211 1189 1209
f 1000 1192 1210
f 1210 1192 1212
f 1211 1192 1191
f 1211 1209 1213
f 1211 1213 1192
f 1192 1214 1212
f 1192 1213 1214
f 1214 1213 1212
f 1212 1216 1215
f 1212 1213 1216
f 1190 1189 1163
f 1190 1217 1189
f 1209 1189 1218
f 1217 1218 1189
f 1178 1190 1177
f 1190 1178 1217
f 1218 1229 1220
f 1209 1220 1213
f 1209 1218 1220
f 1213 1220 1219
f 1219 1216 1213
f 1220 1236 1219
f 1216 1219 1221
f 1221 1477 1216
f 1197 1224 1222
f 1194 1224 1197
f 1194 1225 1224
f 1224 1223 1222
f 1224 1230 1223
f 1225 1226 1224
f 1226 1227 1224
f 1203 1226 1225
f 1217 1181 1218
f 1181 1222 1228
f 1181 1228 1218
f 1218 1233 1229
f 1228 1233 1218
f 1222 1223 1228
f 1223 1230 1228
f 1228 1230 1241
f 1228 1241 1231
f 1231 1232 1228
f 1228 1232 1233
f 1220 1229 1235
f 1244 1234 1233
f 1229 1234 1235
f 1229 1233 1234
f 1220 1235 1236
f 1219 1237 1221
f 1219 1236 1237
f 1234 1238 1236
f 1235 1234 1236
f 1224 1239 1240
f 1224 1240 1230
f 1224 1243 1239
f 1224 1227 1243
f 1230 1240 1241
f 1240 1239 1241
f 1242 1241 1239
f 1242 1246 1241
f 1226 1243 1227
f 1242 1239 1243
f 1231 1241 1244
f 1232 1244 1233
f 1232 1231 1244
f 1244 1246 1245
f 1241 1246 1244
f 1245 1249 1244
f 1246 1242 1205
f 1207 1246 1205
f 1207 1208 1247
f 1207 1247 1246
f 1247 1248 1246
f 1244 1250 1234
f 1238 1234 1250
f 1244 1249 1250
f 1238 1250 1236
f 482 185 1252
f 482 1252 1251
f 482 1251 1105
f 1105 1251 483
f 1251 1253 483
f 483 1254 1103
f 483 1253 1254
f 1103 1254 1106
f 1252 185 1251
f 1251 185 1262
f 1253 1251 1254
f 1251 1255 1254
f 1106 1260 1110
f 1107 1261 1112
f 1110 1261 1107
f 1110 1258 1261
f 1110 1259 1258
f 1254 1257 1106
f 1110 1260 1259
f 1111 1112 1109
f 1255 1263 1262
f 1251 1262 1263
f 1251 1263 1255
f 1254 1255 1257
f 1255 1264 1269
f 1262 227 1255
f 659 227 1265
f 1266 1255 227
f 1257 1255 1267
f 1257 1256 1106
f 1106 1256 1260
f 1257 1267 1256
f 1260 1256 1259
f 1255 1269 1268
f 1255 1268 1256
f 1267 1255 1256
f 1256 1268 1301
f 1112 1270 1109
f 1112 1274 1270
f 1125 1124 1131
f 1124 1271 1131
f 1131 1271 1272
f 1274 1112 1261
f 1274 1261 1273
f 1109 1270 1124
f 1270 1274 1124
f 1124 1274 1271
f 1271 1296 1293
f 1271 1275 1296
f 1301 1276 1256
f 1259 1277 1276
f 1256 1277 1259
f 1256 1276 1277
f 1258 1259 1261
f 1261 1279 1273
f 1274 1273 1271
f 1271 1273 1283
f 1259 1281 1261
f 1279 1261 1281
f 1259 1276 1281
f 1276 1278 1281
f 1281 1280 1279
f 1276 1306 1278
f 1306 1281 1278
f 1306 1280 1281
f 1271 1283 1275
f 1273 1279 1283
f 1279 1284 1283
f 1283 1284 1275
f 1275 1285 1295
f 1280 1286 1279
f 1286 1280 1287
f 1279 1286 1289
f 1284 1289 1275
f 1279 1289 1284
f 1286 1308 1288
f 1275 1289 1285
f 1285 1289 1295
f 1286 1309 1289
f 1295 1289 1309
f 1272 1290 1131
f 1131 1290 1130
f 1130 1291 1134
f 1290 1291 1130
f 1134 1291 1135
f 1272 1271 1290
f 1271 1293 1290
f 1290 1293 1291
f 1135 1292 1136
f 1291 1292 1135
f 1291 1293 1292
f 1293 1296 1294
f 1296 1295 1294
f 1296 1275 1295
f 1295 1297 1294
f 227 659 1266
f 1266 1264 1255
f 659 661 1266
f 1266 661 1264
f 661 1299 1264
f 1264 1299 1269
f 1299 661 1298
f 1299 1298 1269
f 1269 1298 1268
f 1298 661 665
f 665 1300 1298
f 1298 1301 1268
f 1298 1302 1301
f 1298 1300 1302
f 1301 1302 1300
f 1301 1306 1276
f 1306 1301 1303
f 1300 1304 1303
f 666 1304 1300
f 1301 1300 1303
f 1303 1304 1307
f 1306 1303 1280
f 1305 1304 666
f 1305 666 708
f 1307 1304 1286
f 1280 1303 1307
f 1280 1307 1287
f 1304 1305 1286
f 1287 1307 1286
f 1282 1305 1387
f 708 709 1305
f 709 707 1305
f 1305 707 855
f 1286 1305 1282
f 1282 1308 1286
f 1387 1308 1282
f 1288 1309 1286
f 1295 1309 1331
f 1311 857 775
f 1312 1311 775
f 778 1312 775
f 1308 1388 1311
f 1308 1311 1310
f 1312 1314 1311
f 1311 1314 1317
f 1312 1313 1314
f 1308 1310 1316
f 1308 1316 1288
f 1311 1317 1310
f 1315 1288 1316
f 1316 1310 1317
f 1317 1318 1316
f 1318 1352 1316
f 1352 1319 1316
f 1137 1133 1138
f 1133 1136 1138
f 1138 1320 1137
f 1137 1321 1198
f 1320 1321 1137
f 1200 1322 1202
f 1198 1321 1200
f 1202 1322 1201
f 1200 1323 1322
f 1136 1292 1138
f 1138 1325 1321
f 1138 1321 1320
f 1138 1292 1325
f 1293 1324 1292
f 1200 1321 1323
f 1325 1323 1321
f 1203 1201 1204
f 1226 1204 1327
f 1204 1201 1327
f 1323 1328 1329
f 1201 1322 1329
f 1322 1323 1329
f 1201 1329 1330
f 1328 1330 1329
f 1331 1333 1297
f 1294 1334 1293
f 1294 1297 1334
f 1293 1334 1324
f 1297 1332 1334
f 1334 1332 1333
f 1297 1333 1332
f 1334 1335 1337
f 1334 1333 1335
f 1295 1331 1297
f 1331 1309 1335
f 1331 1335 1333
f 1288 1336 1309
f 1309 1336 1337
f 1335 1309 1337
f 1292 1324 1325
f 1325 1324 1334
f 1325 1334 1337
f 1337 1338 1340
f 1337 1340 1328
f 1328 1338 1339
f 1328 1340 1338
f 1341 1338 1319
f 1341 1328 1339
f 1330 1328 1341
f 1326 1330 1341
f 1339 1338 1341
f 1288 1315 1336
f 1337 1336 1315
f 1337 1315 1338
f 1338 1315 1316
f 1319 1338 1316
f 1325 1337 1323
f 1323 1337 1328
f 812 1343 815
f 815 1345 1342
f 1342 1345 1346
f 1346 1345 1355
f 1343 1344 1345
f 1343 1345 815
f 1345 1344 1347
f 824 1312 778
f 778 823 824
f 1348 824 823
f 1312 1348 1313
f 1312 824 1348
f 1313 1348 1349
f 815 1342 826
f 823 826 1348
f 826 1342 1348
f 1346 1355 1342
f 1342 1349 1348
f 1342 1350 1349
f 1313 1349 1314
f 1349 1351 1353
f 1314 1353 1317
f 1314 1354 1353
f 1349 1354 1314
f 1349 1353 1354
f 1317 1352 1318
f 1317 1353 1352
f 1355 1356 1342
f 1345 1347 1356
f 1355 1345 1356
f 1342 1356 1350
f 1349 1350 1351
f 1356 1358 1350
f 1356 1347 1358
f 1350 1360 1357
f 1358 1360 1350
f 1357 1385 1350
f 1360 1358 1357
f 1361 1382 1364
f 1361 1364 1363
f 1330 1327 1201
f 1327 1366 1226
f 1226 1366 1243
f 1366 1327 1330
f 1369 1243 1330
f 1366 1330 1243
f 1206 1365 1362
f 1369 1365 1243
f 1365 1367 1243
f 1205 1243 1367
f 1205 1367 1365
f 1361 1368 1330
f 1330 1368 1369
f 1361 1369 1368
f 1326 1361 1330
f 1369 1361 1365
f 1361 1362 1365
f 1373 1362 1361
f 1363 1373 1361
f 1363 1364 1370
f 1373 1363 1371
f 1372 1551 1363
f 1363 1370 1372
f 1206 1362 1373
f 1206 1205 1365
f 1206 1207 1205
f 1206 1377 1207
f 1373 1371 1206
f 1377 1206 1378
f 1206 1375 1378
f 1206 1374 1375
f 1377 1208 1376
f 1207 1376 1208
f 1207 1377 1376
f 1208 1377 1378
f 1371 1374 1206
f 1363 1374 1371
f 1379 1341 1319
f 1319 1352 1379
f 1326 1341 1380
f 1361 1380 1341
f 1326 1380 1361
f 1379 1381 1341
f 1361 1341 1381
f 1361 1381 1379
f 1352 1382 1379
f 1352 1353 1382
f 1384 1382 1353
f 1361 1379 1382
f 1364 1382 1384
f 1364 1384 1370
f 1370 1384 1372
f 1384 1353 1383
f 1383 1353 1351
f 1350 1383 1351
f 1372 1384 1383
f 1372 1383 1385
f 1372 1385 1386
f 1385 1383 1350
f 1305 855 1387
f 1387 855 1388
f 1388 855 858
f 1308 1387 1388
f 858 857 1311
f 1388 858 1311
f 905 1389 908
f 908 1391 1390
f 908 1392 1391
f 378 1053 1394
f 914 378 916
f 1394 1393 378
f 916 1395 1405
f 916 378 1393
f 916 1393 1395
f 1395 1393 1400
f 1394 1055 1396
f 1055 1057 1396
f 1396 1397 1394
f 1394 1397 1399
f 1060 1398 1396
f 1394 1399 1393
f 1393 1399 1397
f 1393 1397 1400
f 1396 1398 1401
f 1401 1402 1396
f 1402 1397 1396
f 1396 1057 1060
f 918 1404 1403
f 1404 919 1403
f 916 1403 919
f 916 1405 1403
f 918 1403 1389
f 918 1389 905
f 1406 1403 1407
f 1403 1405 1407
f 1405 1395 1407
f 1389 1403 908
f 908 1408 1392
f 908 1403 1408
f 1403 1392 1408
f 1403 1406 1392
f 1395 1400 1407
f 1407 1400 1410
f 1407 1410 1409
f 1409 1410 1400
f 1397 1402 1400
f 1402 1411 1400
f 1400 1411 1409
f 1407 1409 1412
f 1406 1407 1392
f 1407 1412 1392
f 1401 1398 1422
f 1070 1071 1415
f 1059 1415 1398
f 1415 1414 1398
f 1071 1417 1415
f 1416 1417 1071
f 1398 1414 1418
f 1414 1415 1418
f 1415 1491 1418
f 1060 1062 1398
f 1415 1059 1070
f 1398 1062 1061
f 1398 1061 1059
f 1401 1419 1402
f 1411 1402 1409
f 1419 1409 1402
f 1401 1422 1419
f 1409 1420 1412
f 1409 1419 1420
f 1412 1420 1413
f 1419 1421 1420
f 1421 1448 1420
f 1398 1418 1422
f 1418 1423 1422
f 1422 1423 1424
f 1418 1424 1423
f 1421 1419 1448
f 1419 1422 1463
f 1463 1422 1424
f 908 1390 909
f 909 1426 944
f 909 1390 1426
f 1391 1392 1390
f 944 1428 940
f 944 1426 1428
f 1426 1390 1428
f 1390 1427 1428
f 1427 1432 1428
f 1425 1438 1428
f 1392 1429 1390
f 1390 1429 1427
f 1429 1430 1427
f 1429 1392 1430
f 1412 1431 1392
f 1392 1431 1430
f 1428 1432 1425
f 1432 1433 1425
f 1432 1450 1433
f 1427 1430 1434
f 1427 1434 1432
f 1430 1432 1434
f 1430 1435 1432
f 1450 1432 1435
f 954 952 810
f 1436 810 952
f 1437 952 940
f 940 1428 1437
f 1428 1438 1437
f 1438 1440 1437
f 1438 1425 1440
f 952 1437 1436
f 810 1436 955
f 955 812 810
f 1437 1440 1436
f 1436 1439 1540
f 1425 1441 1440
f 1440 1441 1442
f 1439 1436 1440
f 1440 1442 1439
f 1425 1444 1441
f 1425 1433 1444
f 1441 1444 1442
f 1442 1445 1554
f 1442 1444 1445
f 1446 1447 1431
f 1430 1431 1435
f 1431 1447 1435
f 1435 1451 1450
f 1435 1447 1451
f 1447 1452 1451
f 1447 1449 1454
f 1447 1454 1452
f 1454 1453 1455
f 1450 1444 1433
f 1451 1456 1450
f 1450 1456 1457
f 1450 1457 1459
f 1451 1452 1458
f 1456 1451 1458
f 1450 1459 1444
f 1444 1459 1558
f 1452 1454 1458
f 1454 1455 1460
f 1460 1559 1454
f 1559 1457 1456
f 1458 1559 1456
f 1458 1454 1559
f 1431 1462 1446
f 1412 1446 1462
f 1412 1413 1446
f 1412 1462 1431
f 1446 1413 1447
f 1447 1413 1448
f 1420 1448 1413
f 1448 1419 1463
f 1449 1448 1454
f 1449 1447 1448
f 1448 1453 1454
f 1448 1463 1453
f 1453 1463 1464
f 1502 1453 1464
f 1074 1000 1210
f 1210 1465 1075
f 1210 1469 1465
f 1075 1465 1466
f 1465 1469 1467
f 1467 1466 1465
f 1210 1212 1469
f 1212 1215 1469
f 1467 1469 1466
f 1466 1469 1470
f 1470 1469 1468
f 1075 1472 1042
f 1042 1472 1471
f 1042 1471 1077
f 1075 1466 1472
f 1077 1471 1473
f 1473 1484 1077
f 1466 1470 1474
f 1466 1474 1472
f 1474 1475 1472
f 1215 1476 1469
f 1469 1476 1468
f 1215 1216 1477
f 1215 1477 1476
f 1468 1474 1470
f 1468 1478 1474
f 1476 1477 1533
f 1476 1533 1468
f 1474 1478 1481
f 1472 1475 1479
f 1474 1480 1475
f 1474 1481 1480
f 1480 1481 1475
f 1475 1481 1506
f 1468 1482 1478
f 1478 1482 1481
f 1468 1483 1482
f 1482 1504 1481
f 1078 1077 1484
f 1078 1484 1485
f 1073 1485 1416
f 1417 1416 1415
f 1485 1486 1416
f 1485 1488 1486
f 1484 1488 1485
f 1415 1416 1486
f 1486 1491 1415
f 1488 1487 1486
f 1473 1471 1493
f 1484 1473 1490
f 1484 1490 1488
f 1473 1493 1490
f 1490 1493 1488
f 1487 1491 1486
f 1418 1491 1424
f 1488 1489 1487
f 1491 1487 1492
f 1491 1495 1424
f 1492 1494 1491
f 1424 1495 1494
f 1491 1494 1495
f 1492 1487 1494
f 1471 1472 1496
f 1472 1479 1496
f 1471 1496 1493
f 1497 1493 1496
f 1493 1497 1487
f 1493 1487 1489
f 1488 1493 1489
f 1497 1503 1536
f 1487 1497 1494
f 1479 1475 1496
f 1496 1475 1497
f 1475 1506 1497
f 1498 1477 1221
f 1477 1498 1499
f 1477 1499 1532
f 1221 1237 1498
f 1498 1515 1500
f 1455 1453 1502
f 1502 1501 1522
f 1481 1504 1506
f 1504 1505 1506
f 1503 1506 1501
f 1505 1507 1506
f 1507 1501 1506
f 1507 1508 1501
f 1246 1509 1245
f 1245 1510 1249
f 1248 1509 1246
f 1245 1509 1510
f 1510 1509 1519
f 1511 1519 1509
f 1236 1515 1237
f 1236 1250 1515
f 1237 1515 1498
f 1250 1249 1513
f 1250 1513 1515
f 1515 1513 1249
f 1500 1515 1514
f 1249 1512 1515
f 1515 1512 1520
f 1515 1530 1516
f 1515 1516 1514
f 1510 1517 1249
f 1249 1517 1518
f 1249 1518 1512
f 1512 1518 1520
f 1518 1519 1520
f 1517 1510 1518
f 1518 1510 1519
f 1521 1455 1502
f 1521 1502 1522
f 1523 1526 1525
f 1523 1524 1526
f 1460 1455 1559
f 1559 1455 1461
f 1461 1455 1523
f 1523 1455 1527
f 1455 1521 1527
f 1521 1523 1527
f 1521 1522 1523
f 1522 1524 1523
f 1507 1529 1531
f 1520 1530 1515
f 1531 1529 1530
f 1514 1530 1529
f 1514 1516 1530
f 1501 1531 1528
f 1501 1528 1522
f 1507 1531 1508
f 1501 1508 1531
f 1528 1531 1530
f 1530 1524 1528
f 1530 1520 1524
f 1524 1520 1519
f 1528 1524 1522
f 1526 1524 1519
f 1526 1519 1525
f 1499 1498 1532
f 1533 1477 1532
f 1468 1533 1483
f 1532 1498 1500
f 1500 1514 1532
f 1532 1514 1533
f 1504 1482 1505
f 1533 1529 1483
f 1483 1529 1534
f 1505 1482 1507
f 1483 1507 1482
f 1483 1534 1507
f 1529 1507 1534
f 1529 1533 1514
f 1424 1535 1463
f 1535 1424 1494
f 1463 1535 1464
f 1464 1535 1502
f 1494 1503 1535
f 1502 1503 1501
f 1502 1535 1503
f 1536 1494 1497
f 1503 1494 1536
f 1503 1497 1537
f 1506 1537 1497
f 1506 1503 1537
f 955 1343 812
f 955 1436 1343
f 1436 1540 1343
f 1343 1540 1344
f 1439 1538 1540
f 1439 1443 1539
f 1439 1442 1443
f 1439 1542 1538
f 1443 1442 1539
f 1344 1540 1347
f 1540 1538 1359
f 1359 1542 1541
f 1538 1542 1359
f 1439 1539 1542
f 1442 1554 1539
f 1347 1540 1358
f 1540 1359 1358
f 1359 1541 1543
f 1359 1543 1358
f 1358 1543 1357
f 1541 1357 1543
f 1541 1544 1357
f 1374 1363 1551
f 1372 1546 1551
f 1542 1539 1547
f 1541 1542 1547
f 1549 1547 1548
f 1548 1547 1556
f 1378 1550 1208
f 1374 1551 1546
f 1374 1546 1545
f 1545 1566 1374
f 1374 1550 1375
f 1378 1375 1550
f 1545 1552 1566
f 1549 1552 1545
f 1550 1374 1566
f 1552 1560 1566
f 1552 1553 1560
f 1554 1445 1555
f 1444 1556 1445
f 1444 1557 1556
f 1444 1558 1557
f 1445 1556 1555
f 1554 1555 1547
f 1539 1554 1547
f 1547 1555 1556
f 1459 1457 1558
f 1457 1559 1558
f 1556 1559 1548
f 1557 1558 1556
f 1558 1559 1556
f 1559 1561 1548
f 1559 1560 1561
f 1549 1553 1552
f 1549 1548 1553
f 1548 1561 1553
f 1560 1553 1561
f 1386 1385 1562
f 1357 1562 1385
f 1562 1357 1544
f 1546 1386 1545
f 1546 1372 1386
f 1545 1386 1562
f 1545 1562 1549
f 1544 1541 1549
f 1547 1549 1541
f 1549 1562 1544
f 1247 1208 1248
f 1509 1248 1208
f 1550 1564 1208
f 1509 1208 1563
f 1208 1567 1563
f 1550 1566 1564
f 1564 1567 1208
f 1564 1566 1567
f 1567 1566 1565
f 1563 1567 1509
f 1509 1567 1511
f 1511 1567 1519
f 1461 1523 1565
f 1559 1461 1560
f 1461 1568 1560
f 1565 1568 1461
f 1568 1566 1560
f 1568 1565 1566
f 1523 1567 1565
f 1523 1525 1567
f 1525 1569 1567
f 1525 1519 1569
f 1519 1567 1569
f 1572 1571 1573
f 1578 1571 1570
f 1579 1578 1570
f 1575 1573 1571
f 1571 1574 1575
f 1578 1579 1577
f 1581 1577 1579
f 1581 1592 1591
f 1581 1805 1592
f 1580 1577 1581
f 1580 1581 1591
f 1580 1591 1582
f 1571 1578 1583
f 1583 1577 1580
f 1571 1583 1584
f 1571 1584 1574
f 1578 1577 1583
f 1583 1582 1598
f 1583 1580 1582
f 1586 1585 1584
f 1584 1588 1586
f 1587 1588 1584
f 1588 1589 1590
f 1591 1592 1593
f 1591 1597 1594
f 1591 1593 1597
f 1592 1595 1596
f 1592 1818 1595
f 1592 1597 1593
f 1592 1596 1597
f 1598 1582 1589
f 1587 1598 1589
f 1587 1589 1588
f 1587 1584 1583
f 1587 1583 1598
f 1589 1582 1591
f 1599 1591 1594
f 1591 1599 1589
f 1572 1573 1602
f 1769 1572 1601
f 1602 1601 1572
f 1603 1574 1629
f 1603 1602 1573
f 1604 1602 1603
f 1629 1604 1603
f 1575 1603 1573
f 1575 1574 1603
f 1601 1602 1605
f 1601 1605 1600
f 1600 1605 1606
f 1602 1604 1605
f 1600 1606 1607
f 1606 1608 1607
f 1609 1605 1604
f 1606 1605 1608
f 1609 1608 1605
f 1609 1611 1608
f 1608 1611 1610
f 1607 1857 1600
f 1607 1608 1612
f 1607 1612 1613
f 1610 1642 1608
f 1610 1623 1642
f 1642 1615 1608
f 1608 1615 1616
f 1612 1608 1616
f 1613 1612 1616
f 1613 1616 1617
f 1604 1618 1619
f 1619 1620 1604
f 1619 1628 1622
f 1620 1622 1604
f 1620 1619 1622
f 1604 1622 1621
f 1622 1624 1621
f 1625 1626 1621
f 1621 1624 1625
f 1627 1629 1574
f 1627 1574 1584
f 1629 1627 1619
f 1628 1627 1630
f 1584 1630 1627
f 1584 1585 1630
f 1619 1627 1628
f 1629 1618 1604
f 1629 1619 1618
f 1630 1585 1628
f 1585 1586 1628
f 1604 1621 1609
f 1621 1611 1609
f 1621 1610 1611
f 1621 1623 1610
f 1586 1632 1628
f 1628 1631 1622
f 1628 1632 1631
f 1588 1590 1633
f 1633 1634 1588
f 1588 1634 1586
f 1635 1632 1586
f 1635 1586 1634
f 1631 1632 1635
f 1635 1686 1631
f 1631 1686 1638
f 1622 1631 1624
f 1624 1631 1625
f 1636 1625 1631
f 1636 1626 1625
f 1636 1637 1626
f 1631 1638 1639
f 1631 1639 1636
f 1641 1640 1626
f 1648 1641 1626
f 1623 1621 1626
f 1623 1626 1640
f 1623 1640 1642
f 1642 1640 1641
f 1642 1616 1615
f 1642 1645 1616
f 1642 1641 1645
f 1641 1643 1645
f 1645 1643 1646
f 1645 1617 1616
f 1617 1645 2461
f 1643 1652 1646
f 1646 1653 2221
f 1646 1652 1653
f 1646 2220 1645
f 1645 2220 1644
f 1626 1647 1648
f 1626 1637 1647
f 1641 1649 1643
f 1648 1649 1641
f 1637 1636 1647
f 1636 1700 1647
f 1648 1650 1649
f 1647 1650 1648
f 1649 1651 1652
f 1643 1649 1652
f 1589 1655 1590
f 1589 1654 1655
f 1655 1687 1590
f 1654 1656 1655
f 1657 1594 1658
f 1594 1595 1658
f 1596 1594 1597
f 1596 1595 1594
f 1595 1659 1658
f 1657 1658 1654
f 1658 1659 1660
f 1658 1660 1663
f 1599 1654 1589
f 1599 1594 1654
f 1594 1657 1654
f 1662 1654 1658
f 1658 1663 1662
f 1656 1654 1662
f 1664 1665 1662
f 1662 1665 1667
f 1656 1662 1666
f 1663 1664 1662
f 1660 2062 1663
f 1662 1667 1666
f 1666 1667 1668
f 1665 1669 1667
f 1669 1670 1667
f 1670 1671 1667
f 1671 1668 1667
f 1673 1674 1675
f 1672 1702 1675
f 1675 1678 1672
f 1672 1678 1677
f 1677 1678 1679
f 1715 1678 1675
f 1675 1674 1715
f 1715 1679 1678
f 1715 1718 1679
f 1677 1681 1680
f 1677 1679 1681
f 1679 1680 1681
f 1680 1706 1677
f 1680 1685 1682
f 1683 1680 1679
f 1684 1683 1679
f 1680 1683 1685
f 1590 1687 1688
f 1590 1688 1633
f 1635 1634 1686
f 1688 1698 1633
f 1633 1698 1686
f 1687 1655 1688
f 1655 1656 1695
f 1689 1638 1686
f 1639 1638 1689
f 1689 1691 1693
f 1689 1693 1690
f 1690 1636 1689
f 1639 1689 1636
f 1686 1634 1633
f 1686 1691 1689
f 1691 1686 1673
f 1691 1673 1693
f 1693 1675 1690
f 1693 1673 1675
f 1655 1694 1688
f 1698 1688 1694
f 1699 1698 1694
f 1695 1694 1655
f 1695 1656 1697
f 1694 1695 1696
f 1694 1696 1699
f 1696 1731 1699
f 1695 1697 1696
f 1697 1656 1666
f 1686 1698 1673
f 1674 1698 1699
f 1698 1674 1673
f 1699 1676 1674
f 1697 1666 1668
f 1636 1690 1700
f 1700 1701 1647
f 1647 1701 1650
f 1690 1692 1700
f 1692 1702 1700
f 1690 1675 1692
f 1692 1675 1702
f 1702 1701 1700
f 1702 1672 1677
f 1702 1677 1704
f 1650 1703 1649
f 1703 1651 1649
f 1705 1652 1651
f 1651 1703 1704
f 1651 1704 1705
f 1701 1702 1704
f 1704 1650 1701
f 1650 1704 1703
f 1705 1704 1708
f 1706 1708 1704
f 1704 1677 1706
f 1706 1680 1708
f 1708 1680 1682
f 1682 1685 1709
f 1709 2239 1682
f 1676 1713 1674
f 1674 1713 1710
f 1674 1711 1715
f 1674 1710 1711
f 1742 1712 1713
f 1710 1713 1712
f 1716 1715 1711
f 1715 1716 1717
f 1716 1711 1710
f 1715 1717 1718
f 1679 1718 1721
f 1718 1722 1725
f 1710 1712 1716
f 1716 1718 1717
f 1716 1722 1718
f 1716 1712 1723
f 1716 1723 1722
f 1679 1721 1684
f 1684 1719 1683
f 1719 2229 1683
f 1718 1720 1721
f 1684 1721 1719
f 1721 2275 1719
f 1721 1720 2275
f 1712 2170 1723
f 1712 1714 2170
f 1723 1725 1722
f 1723 1724 1725
f 1723 2170 1724
f 1714 1750 2170
f 1724 2170 1725
f 2170 1726 1725
f 1727 1720 1718
f 1727 1718 1728
f 1725 1729 1718
f 1729 1728 1718
f 2275 1720 1727
f 1729 1725 1728
f 1726 2174 1725
f 1725 2174 1728
f 1727 1728 1730
f 1730 2290 1727
f 2734 2284 1730
f 1696 1732 1731
f 1697 1668 1733
f 1696 1733 1734
f 1696 1697 1733
f 1734 1732 1696
f 1699 1713 1676
f 1699 1731 1713
f 1731 1742 1713
f 1731 1732 1734
f 1734 1742 1731
f 1742 1734 1740
f 1742 1714 1712
f 1668 1738 1733
f 1668 1735 1736
f 1668 1737 1738
f 1733 1738 1734
f 1668 1736 1737
f 1740 1741 1742
f 1744 1741 1740
f 1742 1745 1714
f 1742 1741 1745
f 1745 1750 1714
f 1743 1741 1744
f 1741 1743 1745
f 1738 1740 1734
f 1738 1739 1740
f 1739 1738 1747
f 1738 1737 1747
f 1740 1739 1747
f 1747 1744 1740
f 1743 1746 1745
f 1743 1744 1746
f 1744 1747 1746
f 1746 1748 1745
f 1747 1749 1746
f 1751 11 1752
f 1758 1751 1753
f 1754 1753 1751
f 1751 1752 1754
f 1752 1789 1755
f 1752 1755 1754
f 1756 1758 1781
f 1757 1803 1781
f 1781 1759 1757
f 1758 1753 1754
f 1781 1758 1759
f 1758 1754 1759
f 1755 1762 1754
f 1754 1796 1759
f 1760 1761 1759
f 1762 1796 1754
f 1759 1796 1760
f 1778 1758 1756
f 1774 1778 1766
f 1763 1774 1766
f 1766 1765 1764
f 1770 1763 1766
f 10 1770 1771
f 1771 1767 1850
f 1767 1771 1764
f 1768 1850 1767
f 1572 1769 1768
f 1768 1767 1764
f 1770 1766 1764
f 1771 1770 1764
f 1776 1772 1775
f 1772 12 1773
f 1772 1773 1775
f 1775 1763 1776
f 1775 1774 1763
f 1774 1775 1773
f 1776 1763 1770
f 11 1774 1773
f 11 1751 1774
f 12 11 1773
f 1751 1778 1774
f 1778 1751 1758
f 1770 1777 1776
f 10 1777 1770
f 1778 1756 1765
f 1765 1766 1778
f 1756 1779 1765
f 1779 1781 1780
f 1779 1756 1781
f 1576 1779 1780
f 1576 1781 1803
f 1782 1576 1579
f 1779 1576 1782
f 1781 1576 1780
f 1782 1570 1779
f 1782 1579 1570
f 1764 1783 1768
f 1764 1571 1783
f 1764 1784 1571
f 1784 1765 1779
f 1784 1779 1570
f 1784 1764 1765
f 1784 1570 1571
f 1768 1571 1572
f 1768 1783 1571
f 11 45 1752
f 45 1785 1789
f 1752 45 1789
f 17 1789 1785
f 17 1788 1789
f 17 1787 1788
f 17 1786 1787
f 45 17 1785
f 1789 1788 1755
f 1788 1790 1755
f 17 22 1791
f 17 1791 1786
f 1791 22 1786
f 21 1786 22
f 21 1909 1786
f 1787 1786 1788
f 1790 1797 1755
f 1755 1797 1795
f 1755 1794 1762
f 1762 1794 1796
f 1755 1795 1794
f 1788 1786 1790
f 1792 1793 1786
f 1786 1797 1790
f 1786 1793 1797
f 1797 1793 1799
f 1794 1795 1796
f 1799 1800 1797
f 1797 1801 1795
f 1797 1800 1801
f 1801 1802 1795
f 1803 1757 1804
f 1757 1810 1804
f 1804 1805 1803
f 1804 1810 1807
f 1804 1807 1808
f 1804 1806 1805
f 1759 1809 1757
f 1761 1809 1759
f 1809 1810 1757
f 1810 1809 1760
f 1761 1760 1809
f 1810 1760 1815
f 1810 1815 1807
f 1807 1815 1813
f 1805 1806 1813
f 1804 1808 1813
f 1806 1804 1813
f 1805 1813 1812
f 1808 1807 1813
f 1813 1815 1814
f 1576 1803 1579
f 1803 1816 1579
f 1816 1803 1805
f 1816 1581 1579
f 1805 1581 1816
f 1592 1805 1817
f 1817 1818 1592
f 1812 1818 1817
f 1817 1805 1812
f 1818 1812 2056
f 1812 1813 1819
f 1813 1814 1819
f 1812 1821 1820
f 1812 1819 1821
f 1760 1796 1822
f 1760 1823 1815
f 1822 1825 1760
f 1796 1824 1822
f 1760 1825 1823
f 1815 1823 1811
f 1811 1823 1831
f 1825 1826 1823
f 1824 1796 1795
f 1795 1798 1824
f 1822 1827 1825
f 1822 1824 1827
f 1795 1802 1798
f 1824 1798 1827
f 1831 1814 1815
f 1811 1831 1815
f 1827 1828 1825
f 1825 1828 1826
f 1827 1798 1828
f 1964 1829 1828
f 1829 1837 1828
f 1823 1826 1831
f 1814 1830 1819
f 1814 1831 1830
f 1819 1830 1833
f 1819 1833 1821
f 1831 1832 1830
f 1832 1833 1830
f 1833 1832 1834
f 1831 1826 1836
f 1826 1828 1836
f 1836 1832 1831
f 1828 1837 1836
f 1837 1841 1836
f 1836 1838 1832
f 1832 1838 1839
f 1832 1839 1834
f 1836 1840 1838
f 1829 1841 1837
f 1841 1840 1836
f 1842 1841 1978
f 1839 1838 1834
f 1834 1844 1843
f 1838 1844 1834
f 1834 1843 1835
f 1838 1843 1844
f 1838 1840 1843
f 1840 1845 1843
f 1841 1845 1840
f 1841 1842 1845
f 1843 1842 1883
f 1843 1845 1842
f 1848 1849 1771
f 1771 1850 1847
f 1771 1847 1848
f 1848 1847 1850
f 1771 54 58
f 1771 1849 54
f 1850 1601 1848
f 1769 1850 1768
f 1769 1601 1850
f 1851 1848 1601
f 1846 1849 1851
f 1848 1851 1849
f 1601 1846 1851
f 1849 55 54
f 55 1849 1846
f 55 1846 1852
f 1852 1853 55
f 1852 1855 1853
f 1846 1601 1854
f 1846 1856 1852
f 1600 1854 1601
f 1600 1846 1854
f 1600 1856 1846
f 1852 1856 1855
f 1856 1857 1855
f 1856 1600 1857
f 55 1853 1858
f 55 64 63
f 55 1858 64
f 1855 1859 1853
f 1858 1853 64
f 1853 1859 64
f 1860 1859 1855
f 1855 1857 1860
f 1859 1860 1857
f 1857 1861 1864
f 1859 1864 1862
f 1859 1857 1864
f 65 1865 66
f 65 1859 1865
f 65 64 1859
f 1865 1866 1863
f 1865 1867 66
f 1867 67 66
f 1865 1863 1867
f 67 1867 1868
f 1867 1869 1868
f 1859 1866 1865
f 1859 1863 1866
f 1859 1862 1863
f 1862 1871 1863
f 1862 1870 1871
f 1863 1869 1867
f 1863 1871 1869
f 1872 1857 1607
f 1857 1872 1861
f 1861 1872 1607
f 1607 1614 1861
f 1614 1864 1861
f 1613 1614 1607
f 1864 1870 1862
f 1864 1873 1870
f 1617 1614 1613
f 1614 1617 1864
f 1617 1873 1864
f 1873 1617 1875
f 1617 2461 1875
f 1870 1873 1871
f 1871 1873 2388
f 1874 2384 1873
f 1868 90 67
f 2414 1878 1876
f 2461 1645 1644
f 1842 1879 1883
f 2100 1883 1879
f 2100 1879 1881
f 1879 1880 1881
f 1884 1885 1880
f 1881 1880 1882
f 1880 1885 1882
f 1882 1885 1886
f 1876 1878 1891
f 1878 2414 1891
f 2414 1892 2507
f 2507 1891 2414
f 1894 1888 1876
f 1891 1894 1876
f 1876 1888 1893
f 1894 1887 1902
f 2504 1887 1891
f 1887 1894 1891
f 1888 1894 1889
f 1894 1903 1889
f 1887 2504 1896
f 2504 1895 1896
f 1895 1899 1896
f 1899 1897 1896
f 1884 1890 1900
f 1889 1900 1890
f 1884 1900 1885
f 1900 1901 1885
f 1886 1901 2122
f 1885 1901 1886
f 1902 1903 1894
f 1900 1903 1901
f 1903 1904 1901
f 1902 1897 1903
f 1896 1902 1887
f 1896 1897 1902
f 1900 1889 1903
f 1897 1905 1901
f 1897 1904 1903
f 1897 1901 1904
f 1897 1899 1905
f 1907 23 21
f 23 1908 1909
f 1906 1909 1792
f 1792 1909 1908
f 21 23 1909
f 1786 1909 1906
f 1786 1906 1792
f 135 1907 21
f 135 137 1907
f 137 1910 1907
f 137 138 1910
f 1907 1910 23
f 23 1910 1908
f 1908 1910 1911
f 1792 1913 1793
f 1792 1914 1913
f 1913 1914 1793
f 1793 1914 1799
f 1800 1799 1801
f 1799 1915 1801
f 1799 1914 1916
f 1799 1916 1915
f 1792 1908 1914
f 1908 1919 1914
f 1911 1919 1908
f 1911 1910 1919
f 1920 1918 1919
f 1916 1919 1921
f 1914 1919 1916
f 1919 1918 1921
f 1921 1922 1916
f 1916 1922 1917
f 1915 1916 1917
f 1918 1922 1921
f 1922 1918 1924
f 1922 1924 1923
f 1923 1925 1926
f 1924 1925 1923
f 1910 138 1912
f 138 148 1929
f 148 149 1928
f 148 1928 1929
f 138 1929 1912
f 1929 1930 1912
f 1912 1930 1920
f 149 151 1928
f 1929 1928 1933
f 1928 1931 1933
f 1928 151 1931
f 1929 1933 1932
f 1929 1932 1930
f 1920 1930 1932
f 1932 1933 1934
f 1933 2969 1934
f 1912 1920 1919
f 1910 1912 1919
f 1920 1935 1918
f 1918 1936 1937
f 1935 1936 1918
f 1920 1937 1935
f 1920 1932 1937
f 1936 1935 1937
f 1937 1938 1918
f 1932 1934 1939
f 1932 1939 1937
f 1934 1940 1939
f 1934 2969 1940
f 1918 1938 1924
f 1937 1941 1938
f 1924 1943 1925
f 1925 1927 1926
f 1938 1941 1924
f 1924 1941 1942
f 1924 1942 1943
f 1942 1945 1943
f 1925 1943 1927
f 1927 1943 1944
f 1943 1945 1944
f 1945 1949 1944
f 1944 2030 1946
f 1944 1949 2030
f 1939 1941 1937
f 1939 1947 1941
f 1941 1947 1942
f 1942 1947 1948
f 1942 1948 1945
f 1949 1948 1947
f 1939 1940 1950
f 1940 1951 1950
f 2969 1950 1951
f 2969 1951 1940
f 1950 2969 1952
f 1950 1952 1939
f 1947 1939 1952
f 1952 1953 1947
f 1947 1955 1949
f 1947 1953 1955
f 1945 1948 1949
f 1956 2030 1949
f 1949 1955 1953
f 1949 1953 2984
f 2984 1957 1949
f 1956 1949 1957
f 1798 1802 1958
f 1801 1915 1802
f 1798 1958 1828
f 1958 1959 1828
f 1917 1961 1915
f 1961 1962 1915
f 1802 1915 1970
f 1962 1970 1915
f 1802 1970 1958
f 1958 1970 1959
f 1970 1963 1959
f 1828 1959 1964
f 1829 1964 1965
f 1959 1960 1964
f 1841 1829 1965
f 1841 1965 1967
f 1966 1967 1969
f 1965 1964 1967
f 1964 1960 1967
f 1969 1967 1960
f 1917 1922 1961
f 1923 1961 1922
f 1961 1971 1970
f 1962 1961 1970
f 1970 1971 1963
f 1959 1963 1960
f 1961 1923 1971
f 1923 1926 1971
f 1927 1973 1971
f 1926 1927 1971
f 1963 1972 1960
f 1972 1969 1960
f 1963 1971 1972
f 1973 1972 1971
f 1972 1974 1969
f 1927 1975 1973
f 1927 1944 1975
f 1973 1975 1972
f 1944 1972 1975
f 2021 1974 1944
f 1974 1972 1944
f 1841 1976 1978
f 1841 1977 1976
f 1967 1976 1977
f 1967 1966 1976
f 1967 1977 1841
f 1966 1978 1976
f 1983 1982 1984
f 1985 1980 2049
f 1985 1981 1980
f 1983 1980 1981
f 1981 1986 1983
f 1981 1982 1986
f 1982 1983 1986
f 2006 1982 1981
f 195 1990 194
f 195 1991 1990
f 1991 1993 1988
f 1991 1988 1990
f 1992 1991 2591
f 1991 195 2591
f 1992 1993 1991
f 2004 1995 2009
f 2009 1994 1996
f 2009 1995 1994
f 1999 2000 1998
f 1999 1997 2002
f 1876 2003 2002
f 2002 2003 1995
f 1876 2002 2414
f 2002 1998 2414
f 1998 2595 2414
f 2002 1997 1998
f 1999 1998 1997
f 1999 2004 2010
f 2004 2002 1995
f 1999 2002 2004
f 1987 2004 2005
f 2006 2007 1982
f 2007 1989 1982
f 1989 2005 2009
f 1987 2005 1989
f 1984 1982 1989
f 1989 2008 1984
f 2009 2008 1989
f 1984 2008 2009
f 2004 2009 2005
f 1993 2010 1987
f 1987 2010 2004
f 2010 2001 1999
f 2000 1999 2001
f 2000 2001 1992
f 1993 1992 2001
f 2010 1993 2001
f 1988 1993 1987
f 2018 2027 2011
f 2017 2019 2011
f 2038 2011 2019
f 2038 2019 2016
f 2032 2015 2017
f 2019 2017 2015
f 2014 2020 2032
f 2013 2020 2014
f 2015 2020 2013
f 2015 2032 2020
f 2016 2019 2015
f 1946 2021 1944
f 2024 1979 2023
f 2024 2050 1979
f 1985 2050 2024
f 2021 2025 1979
f 2023 2025 2021
f 1979 2025 2023
f 2026 2027 1981
f 2027 2028 1981
f 2028 2006 1981
f 2023 2022 2029
f 2026 2029 2011
f 2017 2011 2029
f 2024 2023 2026
f 2026 2023 2029
f 2011 2027 2026
f 1981 2024 2026
f 1981 1985 2024
f 2031 2021 1946
f 2031 1946 2030
f 2023 2032 2022
f 2014 2032 2031
f 2021 2031 2023
f 2023 2031 2032
f 2030 1956 2012
f 2030 2014 2031
f 1956 1957 2012
f 2014 2030 2012
f 2032 2017 2022
f 2029 2022 2017
f 200 2036 2033
f 200 2033 201
f 201 2033 2034
f 2018 201 2034
f 2034 2035 2027
f 2035 2034 2033
f 2033 2036 2035
f 2035 2036 1989
f 2036 1987 1989
f 1988 1987 2036
f 2035 1989 2007
f 2027 2018 2034
f 194 1990 2037
f 194 2037 2036
f 194 2036 204
f 2036 2037 1990
f 2036 1990 1988
f 206 205 2039
f 2011 2038 2018
f 2039 2018 2038
f 2038 2016 2039
f 200 201 2018
f 205 2018 2039
f 200 2018 205
f 2016 206 2039
f 2007 2006 2035
f 2027 2035 2028
f 2028 2035 2006
f 1969 2043 1966
f 2043 1969 2044
f 1974 1968 1969
f 1968 2044 1969
f 1968 2043 2044
f 2043 1968 2040
f 1968 2041 2040
f 2052 2040 2041
f 2040 2052 2045
f 1984 2009 2052
f 2040 2045 2047
f 2040 2047 2043
f 1880 2043 2047
f 2047 2045 1880
f 2045 1884 1880
f 2052 2048 2045
f 2048 1884 2045
f 2052 2046 2048
f 2048 2046 1884
f 1974 2051 1968
f 2051 2049 1968
f 2041 1968 2049
f 1974 2050 2051
f 2050 2021 1979
f 2050 1974 2021
f 2049 2050 1985
f 2049 2051 2050
f 1983 2052 2049
f 2052 2041 2049
f 1983 2053 2052
f 1983 1984 2053
f 1984 2052 2053
f 1983 2049 1980
f 1966 2043 1978
f 2043 2042 1978
f 2042 1842 1978
f 2042 1879 1842
f 2042 2043 1879
f 1880 1879 2043
f 1994 2054 1996
f 2003 1994 1995
f 2003 1893 1994
f 2054 1888 1996
f 1888 2054 1994
f 1893 1888 1994
f 1996 2046 2009
f 2009 2046 2052
f 2046 1996 1890
f 2046 1890 1884
f 1890 1996 1889
f 1888 1889 1996
f 2003 1876 1893
f 2056 1595 1818
f 1595 2056 2055
f 2055 2057 1595
f 1812 1820 2056
f 1595 2057 1659
f 1661 1660 1659
f 2057 1661 1659
f 2055 2058 2057
f 1820 2059 2056
f 1820 1821 2059
f 2056 2060 2055
f 2060 2058 2055
f 2056 2059 2060
f 2060 2061 2058
f 1660 1661 2062
f 2057 2058 2063
f 2062 2064 1663
f 1663 2064 1664
f 2062 1661 2064
f 1661 2057 2064
f 1664 2064 1665
f 2064 2065 1665
f 2065 2066 1665
f 2057 2063 2064
f 2063 2067 2064
f 2067 2069 2064
f 2058 2061 2063
f 2063 2061 2067
f 2061 2068 2067
f 2069 2067 2068
f 2064 2066 2065
f 2064 2069 2066
f 2068 2070 2069
f 1821 1833 2071
f 1821 2071 2059
f 1834 1835 1833
f 2071 1833 2072
f 1835 2072 1833
f 2072 2074 2073
f 2074 2075 2073
f 2059 2071 2060
f 2072 2073 2060
f 2071 2072 2060
f 2060 2073 2076
f 2060 2076 2061
f 2076 2073 2077
f 2073 2075 2077
f 2072 2078 2074
f 1835 1843 2078
f 1835 2078 2072
f 2074 2078 1843
f 1843 2079 2074
f 2061 2107 2068
f 2107 2061 2080
f 2076 2080 2061
f 1669 1665 1670
f 1671 1670 1668
f 1665 2081 1670
f 1665 2066 2081
f 2066 2069 2081
f 2107 2082 2068
f 2070 2083 2069
f 2069 2083 2135
f 2068 2082 2070
f 2082 2084 2070
f 2070 2084 2083
f 2083 2084 2135
f 2086 2085 2088
f 2086 2084 2085
f 2094 2129 2093
f 2090 2091 2095
f 2094 2091 2129
f 2077 2075 2096
f 2077 2096 2108
f 2108 2076 2077
f 2096 2075 2098
f 2075 2097 2098
f 2101 2097 2075
f 2097 2104 2099
f 1843 2100 2079
f 1843 1883 2100
f 2079 2100 2074
f 2100 2101 2074
f 2074 2101 2075
f 2102 2103 2100
f 2100 1881 2102
f 2100 2097 2101
f 1881 1882 2102
f 1886 2102 1882
f 1886 2105 2102
f 2100 2103 2097
f 2102 2104 2103
f 2097 2103 2104
f 2105 2104 2102
f 2105 1886 2104
f 1886 2106 2104
f 2112 2104 2106
f 2076 2108 2080
f 2082 2107 2084
f 2107 2085 2084
f 2096 2098 2108
f 2108 2107 2080
f 2098 2110 2108
f 2107 2108 2085
f 2108 2109 2085
f 2098 2109 2110
f 2108 2110 2109
f 2097 2099 2098
f 2098 2099 2109
f 2099 2111 2109
f 2109 2088 2085
f 2109 2111 2088
f 2112 2113 2104
f 2104 2113 2099
f 2113 2114 2115
f 2116 2117 1898
f 1898 2117 2118
f 1905 2118 2114
f 1905 2114 2125
f 1899 1895 2118
f 1898 2118 1895
f 2118 1905 1899
f 2114 2118 2119
f 2117 2119 2118
f 2117 2120 2119
f 2117 2093 2120
f 2119 2120 2093
f 2113 2121 2114
f 2125 2121 2113
f 2125 2114 2121
f 1886 2122 2106
f 2112 2106 2122
f 2123 2122 1901
f 2112 2123 2113
f 2112 2122 2123
f 2123 1901 2113
f 1901 2124 2113
f 1901 2125 2124
f 1905 2125 1901
f 2113 2124 2125
f 2113 2126 2099
f 2099 2126 2111
f 2127 2126 2113
f 2115 2127 2113
f 2127 2089 2126
f 2115 2090 2127
f 2115 2128 2090
f 2089 2111 2126
f 2090 2089 2127
f 2114 2119 2129
f 2119 2093 2129
f 2115 2114 2128
f 2114 2129 2128
f 2091 2128 2129
f 2090 2130 2091
f 2128 2130 2090
f 2128 2091 2130
f 1668 1670 1735
f 1670 2081 2131
f 1735 2131 2143
f 1735 1670 2131
f 1736 1735 1737
f 2132 2133 2131
f 2131 2133 2143
f 2069 2134 2081
f 2134 2135 2081
f 2069 2135 2134
f 2135 2084 2136
f 2135 2137 2131
f 2081 2135 2131
f 2084 2087 2136
f 2135 2138 2137
f 2136 2087 2138
f 2135 2136 2138
f 2084 2086 2087
f 2131 2137 2132
f 2137 2138 2132
f 2086 2088 2087
f 2087 2088 2139
f 2111 2141 2088
f 2139 2088 2140
f 2140 2088 2154
f 2141 2154 2088
f 2138 2087 2142
f 2138 2145 2132
f 2139 2142 2087
f 2139 2140 2142
f 2142 2140 2154
f 2142 2150 2138
f 1737 1735 2143
f 1737 2143 1747
f 2143 2133 2144
f 2143 2144 1747
f 1747 2144 2149
f 2149 2144 2147
f 2133 2145 2144
f 2132 2145 2133
f 2144 2145 2147
f 2145 2148 2147
f 2147 2148 2146
f 1747 2149 1749
f 2149 2147 2146
f 2146 1749 2149
f 2146 1746 1749
f 2146 2202 1746
f 2146 2148 2161
f 2146 2161 2204
f 2145 2138 2148
f 2148 2138 2150
f 2111 2151 2141
f 2111 2089 2151
f 2141 2151 2155
f 2090 2152 2089
f 2089 2152 2151
f 2151 2152 2153
f 2141 2155 2154
f 2153 2155 2151
f 2153 2152 2155
f 2155 2152 2167
f 2090 2095 2152
f 2091 2156 2095
f 2152 2158 2167
f 2152 2095 2158
f 2095 2157 2158
f 2150 2159 2148
f 2202 2146 2204
f 2148 2159 2160
f 2148 2160 2161
f 2161 2160 2159
f 2159 2164 2161
f 2161 2164 2163
f 2161 2163 2162
f 2142 2154 2150
f 2154 2165 2150
f 2154 2155 2166
f 2154 2166 2165
f 2165 2166 2155
f 2165 2168 2150
f 2165 2155 2168
f 2155 2167 2168
f 2150 2164 2159
f 2150 2168 2164
f 2157 2169 2158
f 2168 2167 2164
f 2164 2167 2212
f 2158 2169 2212
f 2167 2158 2212
f 2170 2171 1726
f 2171 2172 1726
f 2174 1726 2175
f 1726 2172 2175
f 2175 2176 2174
f 1730 1728 2734
f 2734 1728 2174
f 2174 2177 2734
f 2175 2173 2176
f 2177 2174 2176
f 2734 2177 2739
f 2175 2172 2173
f 2176 2178 2745
f 2176 2173 2178
f 2745 2178 2180
f 2180 2178 2181
f 1748 2186 1745
f 1746 2183 1748
f 2202 1748 2183
f 1746 2202 2183
f 2202 2184 1748
f 1748 2184 2182
f 1750 1745 2186
f 1750 2185 2170
f 1750 2186 2185
f 2185 2187 2170
f 2186 2190 2185
f 2171 2189 2172
f 2170 2189 2171
f 2170 2187 2189
f 2172 2188 2173
f 2185 2190 2187
f 2186 1748 2182
f 2186 2182 2190
f 2190 2182 2191
f 2184 2192 2182
f 2182 2192 2191
f 2192 2207 2191
f 2172 2189 2188
f 2189 2187 2188
f 2173 2188 2179
f 2173 2179 2178
f 2179 2194 2178
f 2188 2193 2179
f 2178 2194 2181
f 2179 2193 2195
f 2187 2190 2188
f 2193 2188 2196
f 2190 2191 2197
f 2190 2196 2188
f 2190 2197 2196
f 2191 2207 2197
f 2196 2195 2193
f 2179 2195 2194
f 2195 2199 2194
f 2196 2198 2195
f 2198 2199 2195
f 2199 2795 2194
f 2194 2201 2181
f 2194 2795 2201
f 2202 2204 2203
f 2202 2203 2184
f 2203 2204 2184
f 2204 2192 2184
f 2161 2205 2204
f 2161 2162 2205
f 2164 2209 2163
f 2163 2209 2162
f 2162 2206 2205
f 2205 2192 2204
f 2164 2212 2209
f 2162 2209 2206
f 2209 2899 2206
f 2192 2213 2207
f 2192 2208 2213
f 2192 2205 2206
f 2192 2206 2208
f 2210 2211 2206
f 2212 2899 2209
f 2207 2214 2197
f 2207 2213 2214
f 2208 2206 2213
f 2196 2197 2214
f 2196 2216 2198
f 2196 2214 2216
f 2206 2215 2213
f 2213 2216 2214
f 2213 2215 2216
f 2206 2211 2215
f 2211 2210 2215
f 2199 2198 2216
f 2199 2216 2200
f 1646 2221 2220
f 2220 2221 2219
f 1652 2230 1653
f 1653 2230 2223
f 2221 1653 2219
f 2223 2224 1653
f 2219 1653 2225
f 2222 2220 2219
f 2222 2471 2220
f 2220 2471 2470
f 2222 2219 2225
f 2471 2222 2226
f 2222 2233 2226
f 2222 2225 2233
f 2226 2227 2472
f 2493 2492 2252
f 2229 2228 1685
f 1652 1705 2231
f 1652 2231 2230
f 1707 1708 1682
f 1707 1682 2240
f 1708 1707 1705
f 1705 1707 2240
f 2231 1705 2232
f 2223 2230 2224
f 1653 2224 2225
f 2225 2224 2234
f 2231 2232 2230
f 2225 2234 2233
f 2234 2224 2237
f 2233 2235 2226
f 2226 2235 2236
f 2230 2237 2224
f 2230 2232 2237
f 2237 2232 2243
f 2234 2237 2233
f 2233 2237 2235
f 2237 2238 2235
f 2235 2238 2267
f 2235 2267 2254
f 2239 2240 1682
f 2239 2241 2240
f 1705 2240 2232
f 2232 2240 2243
f 2240 2241 2243
f 1709 2228 2239
f 1709 1685 2228
f 2239 2228 2241
f 2241 2228 2274
f 2274 2242 2241
f 2241 2242 2243
f 2243 2238 2237
f 2249 2244 2238
f 2243 2242 2245
f 2274 2245 2242
f 2245 2274 2246
f 2274 2247 2249
f 2274 2249 2246
f 2243 2245 2238
f 2238 2245 2246
f 2238 2246 2249
f 2236 2227 2226
f 2236 2492 2227
f 2236 2250 2492
f 2250 2236 2235
f 2250 2251 2492
f 2251 2252 2492
f 2250 2252 2251
f 2250 2253 2252
f 2250 2235 2254
f 2254 2255 2253
f 2250 2254 2253
f 2252 2253 2257
f 2252 2259 2260
f 2252 2257 2259
f 2252 2258 2256
f 2252 2260 2258
f 2253 2255 2259
f 2257 2253 2259
f 2320 2258 2260
f 2259 2261 2260
f 2261 2320 2260
f 2244 2267 2238
f 2244 2262 2267
f 2249 2248 2244
f 2244 2248 2262
f 2248 2263 2262
f 2269 2262 2265
f 2265 2264 2270
f 2267 2268 2254
f 2254 2268 2262
f 2268 2267 2262
f 2254 2262 2255
f 2262 2269 2255
f 2270 2255 2269
f 2270 2271 2255
f 2255 2261 2259
f 2255 2271 2261
f 2270 2269 2265
f 2270 2313 2271
f 2271 2266 2272
f 2271 2313 2266
f 2229 1685 1683
f 2275 2229 1719
f 2228 2229 2273
f 2273 2274 2228
f 2229 2280 2273
f 2229 2276 2277
f 2275 2276 2229
f 2277 2280 2229
f 2273 2307 2274
f 2280 2277 2281
f 2280 2307 2273
f 2307 2280 2283
f 2283 2280 2281
f 2307 2283 2279
f 2283 2281 2282
f 2285 2737 2286
f 2275 1727 2276
f 2288 2276 1727
f 2288 1727 2284
f 2276 2289 2277
f 2288 2285 2276
f 2276 2285 2289
f 1727 2290 2284
f 1730 2284 2290
f 2277 2289 2281
f 2289 2291 2281
f 2292 2281 2293
f 2289 2286 2291
f 2289 2285 2286
f 2291 2293 2281
f 2292 2282 2281
f 2292 2294 2299
f 2291 2286 2293
f 2293 2295 2292
f 2295 2294 2292
f 2293 2287 2748
f 2293 2748 2295
f 2263 2279 2296
f 2279 2312 2296
f 2283 2297 2279
f 2283 2282 2297
f 2297 2312 2279
f 2297 2282 2312
f 2282 2298 2312
f 2292 2299 2282
f 2299 2298 2282
f 2298 2299 2300
f 2299 2302 2300
f 2299 2294 2302
f 2302 2301 2300
f 2302 2294 2303
f 2298 2300 2301
f 2301 2304 2298
f 2303 2301 2302
f 2301 2306 2304
f 2301 2303 2306
f 2304 2306 2752
f 2274 2307 2278
f 2274 2278 2247
f 2247 2278 2249
f 2307 2249 2278
f 2307 2263 2249
f 2307 2279 2263
f 2248 2249 2263
f 2308 2263 2296
f 2308 2309 2263
f 2263 2265 2262
f 2263 2310 2265
f 2263 2309 2310
f 2265 2310 2309
f 2308 2296 2312
f 2308 2312 2311
f 2308 2311 2309
f 2264 2265 2309
f 2264 2313 2270
f 2264 2314 2313
f 2311 2316 2309
f 2312 2298 2311
f 2316 2311 2317
f 2316 2317 2309
f 2264 2309 2317
f 2264 2317 2314
f 2314 2317 2344
f 2311 2304 2317
f 2311 2298 2304
f 2317 2304 2318
f 2317 2318 2319
f 2318 2304 2305
f 2322 2673 2321
f 2324 2323 2673
f 2271 2326 2261
f 2261 2321 2320
f 2261 2322 2321
f 2322 2327 2673
f 2261 2327 2322
f 2261 2329 2327
f 2261 2326 2329
f 2272 2326 2271
f 2326 2332 2329
f 2272 2266 2328
f 2328 2326 2272
f 2328 2332 2326
f 2327 2324 2673
f 2327 2333 2324
f 2329 2333 2327
f 2333 2323 2324
f 2333 2330 2323
f 2331 2330 2333
f 2332 2333 2329
f 2334 2333 2332
f 2334 2335 2333
f 2335 2331 2333
f 2331 2336 2330
f 2330 2336 2338
f 2330 2338 2337
f 2331 2335 2336
f 2336 2340 2338
f 2336 2339 2340
f 2340 2339 2338
f 2338 2341 2337
f 2338 2339 2341
f 2337 2342 2708
f 2337 2341 2342
f 2304 2354 2305
f 2266 2313 2343
f 2343 2328 2266
f 2313 2314 2315
f 2313 2346 2343
f 2315 2314 2344
f 2344 2313 2315
f 2344 2345 2313
f 2344 2317 2319
f 2313 2345 2346
f 2343 2332 2328
f 2343 2346 2332
f 2346 2347 2334
f 2346 2349 2347
f 2347 2349 2350
f 2332 2346 2334
f 2336 2335 2334
f 2351 2336 2334
f 2351 2348 2336
f 2351 2347 2348
f 2351 2334 2347
f 2319 2318 2305
f 2305 2355 2319
f 2355 2344 2319
f 2353 2344 2352
f 2355 2352 2344
f 2344 2353 2345
f 2305 2354 2355
f 2355 2356 2357
f 2352 2355 2357
f 2355 2358 2356
f 2355 2354 2358
f 2353 2346 2345
f 2353 2359 2346
f 2353 2352 2359
f 2349 2346 2360
f 2346 2359 2360
f 2349 2360 2361
f 2352 2357 2359
f 2356 2362 2357
f 2357 2362 2359
f 2359 2362 2377
f 2360 2359 2377
f 2347 2350 2348
f 2350 2363 2348
f 2348 2363 2364
f 2348 2364 2369
f 2336 2365 2339
f 2336 2348 2366
f 2366 2365 2336
f 2339 2367 2370
f 2365 2367 2339
f 2365 2366 2348
f 2365 2348 2368
f 2365 2368 2373
f 2368 2348 2373
f 2373 2348 2369
f 2370 2342 2339
f 2339 2342 2341
f 2371 2372 2370
f 2365 2373 2367
f 2367 2379 2370
f 2367 2373 2379
f 2370 2379 2374
f 2370 2374 2371
f 2379 2375 2374
f 2349 2363 2350
f 2349 2361 2363
f 2363 2376 2364
f 2360 2377 2361
f 2363 2378 2376
f 2363 2361 2378
f 2373 2369 2379
f 2369 2380 2379
f 2379 2380 2375
f 2381 2727 2374
f 2374 2375 2381
f 2369 2364 2380
f 2364 2849 2380
f 2375 2380 2381
f 2380 2851 2381
f 1869 2403 1868
f 2383 2403 1869
f 1871 2383 1869
f 1873 2386 2385
f 1873 2385 1874
f 1875 2386 1873
f 1873 2389 2388
f 1873 2384 2389
f 2383 1871 2388
f 2383 2388 2389
f 2389 2384 2392
f 2390 2389 2392
f 2390 2391 2389
f 2384 2385 2393
f 2384 1874 2385
f 2393 2385 2386
f 2393 2386 2387
f 2393 2392 2384
f 2393 2394 2392
f 2392 2412 2390
f 2387 2394 2393
f 2394 2412 2392
f 2394 2396 2412
f 2396 2395 2412
f 2396 2397 2395
f 2397 2396 2398
f 2394 2398 2396
f 2397 2398 2443
f 211 90 2401
f 90 1868 2401
f 211 2401 2405
f 2401 2402 2405
f 2403 2401 1868
f 2403 2389 2404
f 2403 2383 2389
f 2404 2389 2391
f 2405 212 211
f 2401 2406 2402
f 2401 2408 2406
f 2401 2403 2408
f 2403 2404 2408
f 2404 2391 2408
f 2390 2407 2408
f 2406 2408 2402
f 2408 2407 2402
f 212 2410 218
f 2410 212 2405
f 2410 217 218
f 2410 2405 2411
f 2402 2411 2405
f 2411 2402 2407
f 2408 2391 2390
f 2412 2413 2390
f 2413 2412 2395
f 2415 2416 2414
f 1877 1892 2414
f 2414 2418 1877
f 2414 2416 2418
f 2416 2422 2417
f 2416 2511 2422
f 2419 2511 2416
f 2420 2423 2419
f 2420 2421 2423
f 2419 2424 2511
f 2419 2423 2424
f 2421 2424 2423
f 2425 2411 2407
f 2390 2413 2409
f 2409 2425 2407
f 2409 221 2425
f 2407 2390 2409
f 2426 221 2409
f 2426 2427 221
f 2426 2433 2427
f 2429 2426 2447
f 2428 2433 2429
f 2426 2429 2433
f 2411 222 2410
f 2411 2425 2430
f 2411 2430 222
f 2430 220 222
f 2430 2425 220
f 220 2425 221
f 220 221 2432
f 2431 221 2427
f 221 2431 2432
f 2431 2433 2432
f 2431 2427 2433
f 220 223 222
f 220 2432 223
f 2432 2434 223
f 2432 2433 2434
f 223 2434 2435
f 2428 2436 2433
f 2433 2436 2434
f 2428 2438 2436
f 2434 2436 2439
f 2435 2434 2439
f 2439 2436 2441
f 2443 2426 2409
f 2413 2442 2409
f 2395 2442 2413
f 2442 2443 2409
f 2443 2444 2426
f 2442 2395 2397
f 2442 2397 2443
f 2444 2447 2426
f 2444 2443 2445
f 2444 2445 2446
f 2446 2447 2444
f 2428 2429 2438
f 2447 2448 2429
f 2443 2449 2445
f 2443 2399 2449
f 2445 2449 2446
f 2450 2451 2446
f 2446 2449 2450
f 2450 2449 2400
f 2451 2538 2446
f 2452 2453 2421
f 2421 2453 2424
f 2453 2454 2424
f 2438 2437 2436
f 2441 2455 2439
f 2440 2453 2452
f 2440 2439 2460
f 2439 2455 2460
f 2460 2453 2440
f 2437 2441 2436
f 2441 2437 2455
f 2437 2456 2455
f 2458 2455 2456
f 2460 2457 2453
f 2460 2455 2457
f 2453 2457 2454
f 2461 2462 1875
f 2461 1644 2217
f 2217 2462 2461
f 2462 2386 1875
f 2386 2462 2463
f 2218 2462 2217
f 2386 2463 2387
f 2218 2463 2462
f 2463 2467 2464
f 2463 2218 2467
f 1644 2465 2217
f 1644 2220 2465
f 2217 2468 2466
f 2217 2470 2488
f 2488 2468 2217
f 2467 2218 2217
f 2467 2217 2466
f 2466 2468 2467
f 2463 2464 2387
f 2387 2464 2394
f 2464 2467 2476
f 2476 2398 2464
f 2464 2398 2394
f 2465 2469 2217
f 2469 2470 2217
f 2465 2220 2469
f 2469 2220 2470
f 2470 2471 2488
f 2471 2472 2488
f 2471 2226 2472
f 2476 2467 2468
f 2476 2468 2477
f 2477 2468 2478
f 2477 2478 2479
f 2476 2481 2398
f 2476 2477 2481
f 2398 2481 2399
f 2481 2477 2482
f 2481 2482 2399
f 2398 2399 2443
f 2482 2483 2399
f 2483 2482 2484
f 2400 2449 2399
f 2400 2399 2483
f 2483 2450 2400
f 2483 2484 2450
f 2484 2544 2450
f 2482 2477 2479
f 2482 2479 2485
f 2485 2486 2482
f 2482 2486 2484
f 2485 2480 2486
f 2487 2478 2468
f 2488 2487 2468
f 2487 2490 2478
f 2478 2490 2489
f 2472 2227 2488
f 2227 2492 2488
f 2492 2487 2488
f 2487 2493 2490
f 2487 2492 2493
f 2490 2493 2491
f 2490 2491 2489
f 2489 2479 2478
f 2479 2496 2495
f 2479 2495 2485
f 2491 2479 2489
f 2491 2494 2479
f 2494 2496 2479
f 2485 2495 2496
f 2485 2552 2480
f 2485 2497 2552
f 2494 2485 2496
f 2494 2497 2485
f 2494 2491 2499
f 2493 2498 2491
f 2493 2252 2498
f 2498 2499 2491
f 2499 2500 2494
f 2498 2500 2499
f 2504 1891 2507
f 2503 2506 2507
f 2509 2508 2503
f 2503 2508 2519
f 2509 2530 2508
f 2509 2510 2530
f 1877 2507 1892
f 1877 2418 2507
f 2418 2503 2507
f 2416 2503 2418
f 2503 2417 2509
f 2416 2417 2503
f 2417 2422 2511
f 2417 2511 2509
f 2424 2512 2511
f 2511 2510 2509
f 2511 2512 2510
f 2505 2513 2504
f 2504 2514 2505
f 2504 2507 2514
f 2504 2513 1895
f 2505 1895 2513
f 2506 2514 2507
f 2514 2506 2515
f 1895 2505 1898
f 2505 2473 1898
f 2473 2474 1898
f 2473 2505 2514
f 2515 2518 2514
f 2503 2519 2506
f 2519 2508 2516
f 2508 2517 2516
f 2514 2518 2473
f 2515 2519 2518
f 2515 2506 2519
f 2519 2516 2520
f 2519 2521 2518
f 2519 2520 2521
f 2524 2523 2522
f 2522 2574 2524
f 2424 2525 2512
f 2424 2454 2525
f 2510 2525 2523
f 2510 2512 2525
f 2523 2525 2527
f 2454 2527 2525
f 2454 2526 2527
f 2454 2457 2526
f 2455 2458 2457
f 2458 2459 2457
f 2457 2574 2526
f 2574 2522 2526
f 2457 2459 2574
f 2523 2527 2526
f 2522 2523 2528
f 2526 2528 2523
f 2522 2528 2526
f 2508 2530 2531
f 2516 2517 2533
f 2508 2533 2517
f 2508 2531 2533
f 2530 2510 2531
f 2533 2531 2510
f 2510 2523 2532
f 2532 2533 2510
f 2533 2532 2529
f 2533 2619 2516
f 2529 2534 2535
f 2532 2523 2529
f 2523 2534 2529
f 2523 2524 2534
f 2524 2576 2534
f 2533 2529 2501
f 2529 2502 2536
f 2529 2535 2502
f 2529 2536 2501
f 2535 2580 2502
f 2450 2544 2451
f 2429 2537 2438
f 2447 2446 2448
f 2448 2537 2429
f 2446 2538 2448
f 2538 2539 2540
f 2437 2541 2456
f 2537 2541 2437
f 2438 2537 2437
f 2537 2448 2541
f 2448 2538 2541
f 2456 2541 2458
f 2538 2458 2541
f 2486 2544 2484
f 2486 2543 2544
f 2543 2542 2544
f 2543 2486 2546
f 2480 2546 2486
f 2545 2546 2480
f 2480 2547 2545
f 2545 2547 2546
f 2546 2550 2543
f 2546 2549 2550
f 2543 2550 2542
f 2548 2551 2546
f 2551 2549 2546
f 2550 2549 2551
f 2497 2553 2552
f 2552 2553 2554
f 2500 2555 2494
f 2500 2671 2555
f 2497 2554 2553
f 2497 2494 2555
f 2497 2555 2554
f 2555 2556 2554
f 2556 2558 2554
f 2554 2558 2564
f 2558 2556 2672
f 2564 2559 2557
f 2547 2480 2552
f 2552 2554 2547
f 2547 2548 2546
f 2548 2562 2563
f 2547 2554 2564
f 2547 2562 2548
f 2547 2564 2562
f 2551 2548 2566
f 2563 2566 2548
f 2566 2565 2551
f 2562 2564 2557
f 2562 2567 2563
f 2557 2559 2562
f 2562 2568 2567
f 2560 2565 2566
f 2566 2569 2560
f 2563 2567 2569
f 2563 2569 2566
f 2567 2568 2569
f 2451 2539 2538
f 2542 2571 2544
f 2544 2571 2451
f 2451 2571 2570
f 2459 2458 2538
f 2459 2538 2572
f 2538 2573 2572
f 2540 2573 2538
f 2459 2572 2574
f 2573 2574 2572
f 2539 2573 2540
f 2451 2570 2539
f 2542 2570 2571
f 2570 2542 2575
f 2570 2576 2539
f 2539 2576 2573
f 2570 2575 2576
f 2574 2573 2576
f 2574 2576 2524
f 2542 2550 2575
f 2550 2577 2575
f 2550 2551 2577
f 2534 2580 2535
f 2534 2576 2580
f 2580 2576 2579
f 2578 2579 2576
f 2575 2578 2576
f 2565 2578 2575
f 2561 2502 2580
f 2579 2561 2580
f 2579 2578 2561
f 2561 2581 2560
f 2561 2578 2581
f 2578 2565 2581
f 2560 2581 2565
f 2551 2575 2577
f 2551 2565 2575
f 250 248 2589
f 2585 2589 2586
f 2589 2587 2586
f 2585 250 2589
f 2587 2590 2588
f 248 2590 2587
f 2587 2589 248
f 248 2588 2590
f 248 249 2588
f 2593 2592 2591
f 2594 2593 245
f 2593 250 2585
f 2593 2594 250
f 244 195 243
f 2593 2591 244
f 195 244 2591
f 2591 2592 2583
f 1992 2591 2583
f 2582 2583 2592
f 2593 2585 2582
f 2585 2584 2582
f 2593 2582 2592
f 245 247 2594
f 246 250 247
f 247 250 2594
f 2414 2595 2415
f 2595 1998 2582
f 2584 2586 2419
f 2582 2584 2415
f 2585 2586 2584
f 2415 2596 2416
f 2584 2596 2415
f 2419 2596 2584
f 2419 2416 2596
f 1998 2000 2582
f 2415 2595 2582
f 1992 2583 2000
f 2583 2582 2000
f 2586 2420 2419
f 2587 2420 2586
f 2420 2587 2421
f 2587 2588 2421
f 2588 2601 2421
f 249 2598 2599
f 249 254 2598
f 2597 2598 254
f 253 2597 254
f 2599 2598 2597
f 2599 2600 2588
f 2588 2600 2601
f 2600 2599 2601
f 2597 2602 2599
f 2599 2602 2452
f 249 2599 2588
f 253 223 2603
f 223 2435 2603
f 253 2603 2602
f 253 2602 2597
f 2603 2439 2602
f 2603 2435 2439
f 2439 2440 2602
f 2602 2440 2452
f 2601 2599 2421
f 2599 2452 2421
f 1898 2474 2116
f 2475 2474 2473
f 2117 2116 2474
f 2117 2474 2604
f 2474 2606 2604
f 2474 2475 2606
f 2606 2608 2604
f 2607 2117 2604
f 2607 2092 2117
f 2604 2092 2607
f 2117 2092 2093
f 2604 2608 2092
f 2473 2609 2475
f 2473 2518 2609
f 2609 2605 2475
f 2475 2605 2606
f 2609 2611 2612
f 2609 2610 2611
f 2609 2612 2605
f 2608 2606 2615
f 2092 2094 2093
f 2092 2616 2094
f 2094 2616 2091
f 2608 2615 2617
f 2092 2608 2617
f 2092 2617 2616
f 2606 2605 2615
f 2605 2614 2615
f 2605 2612 2614
f 2615 2639 2617
f 2615 2614 2628
f 2613 2615 2628
f 2498 2252 2256
f 2498 2256 2258
f 2498 2258 2500
f 2533 2501 2619
f 2618 2619 2622
f 2619 2501 2622
f 2611 2610 2618
f 2618 2622 2620
f 2611 2618 2620
f 2622 2621 2620
f 2501 2621 2622
f 2536 2623 2501
f 2623 2536 2624
f 2621 2501 2625
f 2623 2625 2501
f 2625 2623 2626
f 2623 2624 2626
f 2626 2624 2680
f 2612 2628 2614
f 2628 2627 2630
f 2628 2629 2658
f 2628 2630 2629
f 2627 2631 2630
f 2612 2634 2633
f 2611 2620 2612
f 2620 2634 2612
f 2621 2634 2620
f 2633 2628 2612
f 2621 2635 2634
f 2628 2633 2634
f 2628 2634 2627
f 2634 2635 2627
f 2621 2636 2635
f 2621 2625 2636
f 2625 2626 2636
f 2636 2626 2687
f 2627 2635 2632
f 2635 2636 2632
f 2636 2637 2632
f 2636 2687 2637
f 2518 2521 2609
f 2609 2521 2610
f 2520 2610 2521
f 2520 2618 2610
f 2520 2516 2618
f 2619 2618 2516
f 2615 2613 2638
f 2613 2628 2638
f 2615 2638 2639
f 2628 2659 2638
f 2638 2640 2639
f 2638 2641 2640
f 2638 2642 2641
f 2617 2643 2616
f 2156 2091 2616
f 2156 2644 2095
f 2616 2644 2156
f 2616 2643 2644
f 2095 2645 2157
f 2095 2644 2645
f 2643 2645 2644
f 2639 2648 2617
f 2617 2648 2640
f 2639 2640 2648
f 2643 2617 2640
f 2643 2640 2645
f 2640 2652 2647
f 2649 2652 2640
f 2641 2649 2640
f 2649 2641 2651
f 2657 2652 2654
f 2649 2651 2652
f 2918 2650 2651
f 2657 2157 2645
f 2657 2169 2157
f 2645 2647 2657
f 2645 2646 2647
f 2640 2646 2645
f 2640 2647 2646
f 2657 2647 2652
f 2169 2655 2212
f 2212 2655 2656
f 2169 2657 2655
f 2655 2657 2654
f 2628 2658 2659
f 2659 2642 2638
f 2629 2630 2664
f 2629 2664 2658
f 2627 2661 2631
f 2627 2632 2661
f 2631 2661 2630
f 2630 2662 2664
f 2630 2661 2662
f 2658 2664 2663
f 2658 2663 2659
f 2659 2663 2660
f 2641 2642 2665
f 2659 2665 2642
f 2659 2660 2665
f 2918 2651 2666
f 2641 2666 2651
f 2641 2665 2666
f 2660 2669 2665
f 2669 2660 2663
f 2664 2669 2663
f 2664 2667 2669
f 2258 2321 2500
f 2670 2671 2500
f 2500 2321 2670
f 2670 2321 2671
f 2258 2320 2321
f 2555 2672 2556
f 2321 2555 2671
f 2555 2321 2673
f 2672 2564 2558
f 2672 2675 2564
f 2555 2675 2672
f 2555 2673 2674
f 2555 2674 2675
f 2675 2674 2325
f 2564 2675 2677
f 2677 2559 2564
f 2673 2678 2674
f 2673 2323 2678
f 2678 2323 2325
f 2325 2674 2678
f 2502 2624 2536
f 2561 2624 2502
f 2561 2682 2624
f 2560 2682 2561
f 2624 2682 2679
f 2626 2680 2688
f 2624 2679 2680
f 2562 2559 2685
f 2562 2685 2568
f 2559 2681 2685
f 2560 2685 2682
f 2560 2569 2685
f 2568 2685 2569
f 2685 2681 2683
f 2682 2684 2679
f 2684 2682 2683
f 2683 2682 2685
f 2687 2626 2688
f 2686 2688 2684
f 2680 2684 2688
f 2680 2679 2684
f 2688 2691 2687
f 2688 2686 2691
f 2687 2690 2637
f 2687 2691 2690
f 2684 2691 2686
f 2683 2692 2684
f 2683 2694 2692
f 2684 2692 2694
f 2691 2684 2694
f 2691 2716 2690
f 2691 2694 2716
f 2325 2676 2675
f 2676 2695 2675
f 2675 2695 2677
f 2325 2323 2330
f 2325 2330 2697
f 2330 2698 2697
f 2325 2697 2676
f 2697 2698 2695
f 2676 2697 2695
f 2698 2703 2695
f 2698 2699 2703
f 2677 2696 2559
f 2677 2695 2696
f 2681 2559 2696
f 2681 2693 2683
f 2681 2696 2693
f 2696 2695 2693
f 2330 2700 2698
f 2330 2337 2700
f 2337 2698 2700
f 2337 2702 2698
f 2698 2708 2701
f 2698 2702 2708
f 2698 2701 2699
f 2699 2704 2703
f 2707 2717 2704
f 2704 2699 2706
f 2701 2706 2699
f 2701 2725 2706
f 2706 2725 2707
f 2704 2706 2707
f 2337 2708 2702
f 2683 2693 2694
f 2703 2693 2695
f 2704 2693 2703
f 2704 2705 2693
f 2694 2693 2705
f 2704 2717 2705
f 2705 2717 2694
f 2632 2709 2661
f 2661 2710 2662
f 2664 2662 2710
f 2664 2710 2667
f 2661 2714 2710
f 2637 2689 2632
f 2632 2689 2709
f 2637 2690 2689
f 2709 2689 2661
f 2689 2714 2661
f 2689 2690 2714
f 2716 2694 2711
f 2717 2711 2694
f 2713 2711 2712
f 2690 2713 2714
f 2690 2716 2713
f 2716 2711 2713
f 2710 2668 2667
f 2667 2668 2669
f 2710 2718 2668
f 2710 2714 2718
f 2669 2668 2720
f 2929 2669 2719
f 2720 2719 2669
f 2720 2668 2719
f 2714 2723 2718
f 2714 2722 2723
f 2714 2721 2722
f 2714 2713 2721
f 2713 2715 2721
f 2668 2932 2719
f 2668 2718 2932
f 2932 2718 2723
f 2932 2723 2722
f 2711 2717 2712
f 2707 2712 2717
f 2725 2724 2707
f 2712 2707 2713
f 2726 2715 2707
f 2713 2707 2715
f 2707 2724 2726
f 2342 2701 2708
f 2370 2372 2342
f 2342 2372 2701
f 2725 2701 2727
f 2372 2727 2701
f 2725 2727 2724
f 2371 2374 2372
f 2726 2724 2729
f 2721 2715 2731
f 2728 2715 2730
f 2715 2728 2731
f 2726 2730 2715
f 2726 2729 2730
f 2728 2730 2731
f 2731 2732 2722
f 2730 2732 2731
f 2722 2721 2731
f 2727 2733 2730
f 2374 2727 2372
f 2727 2730 2724
f 2724 2730 2729
f 2733 2381 2730
f 2727 2381 2733
f 2382 2730 2381
f 2284 2735 2288
f 2735 2737 2288
f 2740 2734 2739
f 2734 2736 2284
f 2285 2288 2737
f 2286 2737 2738
f 2286 2738 2293
f 2293 2738 2287
f 2737 2735 2738
f 2736 2734 2741
f 2736 2743 2284
f 2734 2740 2741
f 2739 2741 2740
f 2284 2742 2735
f 2284 2743 2742
f 2738 2735 2757
f 2736 2741 2743
f 2177 2176 2739
f 2176 2746 2739
f 2176 2745 2746
f 2746 2764 2739
f 2745 2180 2746
f 2746 2180 2747
f 2748 2749 2754
f 2748 2287 2749
f 2748 2754 2750
f 2295 2750 2294
f 2750 2303 2294
f 2295 2748 2750
f 2750 2751 2303
f 2750 2754 2751
f 2306 2303 2752
f 2303 2751 2752
f 2751 2753 2752
f 2751 2756 2753
f 2754 2755 2751
f 2753 2756 2752
f 2751 2758 2756
f 2738 2757 2287
f 2287 2757 2749
f 2742 2757 2735
f 2749 2777 2754
f 2749 2757 2777
f 2754 2777 2755
f 2755 2758 2751
f 2777 2778 2755
f 2755 2778 2758
f 2200 2760 2199
f 2924 2762 2761
f 2744 2743 2741
f 2746 2747 2767
f 2739 2763 2741
f 2739 2764 2763
f 2763 2764 2765
f 2765 2764 2766
f 2764 2746 2766
f 2747 2180 2767
f 2746 2767 2768
f 2768 2766 2746
f 2741 2763 2744
f 2766 2769 2770
f 2766 2770 2765
f 2744 2774 2743
f 2744 2763 2765
f 2744 2765 2783
f 2770 2771 2765
f 2742 2743 2757
f 2757 2743 2772
f 2772 2773 2757
f 2757 2773 2777
f 2744 2783 2774
f 2743 2774 2772
f 2774 2776 2772
f 2774 2775 2776
f 2773 2772 2777
f 2772 2780 2777
f 2777 2780 2778
f 2780 2772 2781
f 2772 2776 2784
f 2784 2781 2772
f 2780 2781 2778
f 2778 2782 2779
f 2781 2782 2778
f 2776 2775 2785
f 2783 2765 2771
f 2775 2774 2783
f 2776 2785 2784
f 2784 2786 2781
f 2781 2786 2787
f 2781 2787 2870
f 2786 2784 2787
f 2180 2788 2759
f 2180 2181 2788
f 2759 2767 2180
f 2768 2767 2759
f 2181 2201 2788
f 2788 2789 2759
f 2768 2769 2766
f 2768 2759 2769
f 2759 2790 2769
f 2759 2789 2790
f 2769 2790 2791
f 2790 2789 2791
f 2770 2793 2771
f 2770 2792 2793
f 2769 2792 2770
f 2769 2794 2792
f 2769 2791 2794
f 2788 2799 2789
f 2199 2760 2795
f 2201 2795 2788
f 2795 2760 2797
f 2788 2795 2798
f 2795 2797 2798
f 2788 2798 2799
f 2789 2799 2791
f 2797 2796 2798
f 2791 2799 2800
f 2799 2802 2800
f 2798 2802 2799
f 2796 2802 2798
f 2796 2801 2802
f 2796 2928 2801
f 2928 2804 2801
f 2800 2802 2801
f 2792 2794 2793
f 2794 2803 2793
f 2791 2800 2794
f 2800 2801 2794
f 2803 2794 2801
f 2916 2805 2804
f 2805 2808 2804
f 2804 2808 2801
f 2801 2808 2806
f 2808 2807 2806
f 2809 2808 2805
f 2809 2807 2808
f 2761 2810 2916
f 2762 2810 2761
f 2916 2811 2805
f 2916 2810 2811
f 2811 2812 2805
f 2811 2810 2812
f 2805 2813 2809
f 2805 2812 2813
f 2771 2793 2783
f 2775 2783 2814
f 2775 2814 2817
f 2783 2815 2814
f 2793 2815 2783
f 2793 2806 2815
f 2793 2816 2806
f 2775 2817 2785
f 2785 2817 2784
f 2817 2819 2784
f 2784 2820 2818
f 2784 2819 2820
f 2817 2814 2827
f 2815 2821 2814
f 2827 2819 2817
f 2819 2827 2822
f 2803 2801 2806
f 2793 2803 2816
f 2806 2816 2803
f 2807 2824 2806
f 2815 2806 2825
f 2824 2825 2806
f 2815 2825 2824
f 2809 2824 2807
f 2809 2823 2824
f 2809 2813 2823
f 2815 2824 2826
f 2823 2826 2824
f 2815 2826 2823
f 2815 2823 2821
f 2813 2810 2827
f 2813 2821 2823
f 2813 2827 2821
f 2827 2814 2821
f 2752 2756 2354
f 2354 2304 2752
f 2756 2833 2354
f 2354 2834 2358
f 2354 2829 2834
f 2756 2830 2833
f 2830 2831 2833
f 2354 2833 2832
f 2354 2832 2829
f 2829 2832 2834
f 2756 2835 2830
f 2758 2835 2756
f 2830 2835 2831
f 2758 2779 2835
f 2831 2835 2836
f 2833 2831 2832
f 2834 2832 2837
f 2831 2838 2832
f 2358 2834 2356
f 2362 2356 2839
f 2362 2839 2377
f 2356 2840 2839
f 2356 2834 2840
f 2840 2842 2839
f 2834 2837 2840
f 2839 2842 2841
f 2832 2871 2837
f 2832 2838 2871
f 2837 2871 2840
f 2840 2871 2843
f 2840 2843 2842
f 2377 2845 2361
f 2361 2844 2378
f 2361 2845 2844
f 2839 2841 2377
f 2377 2841 2845
f 2845 2847 2844
f 2378 2844 2846
f 2378 2848 2376
f 2376 2848 2364
f 2364 2848 2849
f 2378 2846 2848
f 2849 2852 2380
f 2381 2850 2382
f 2850 2856 2382
f 2381 2853 2850
f 2851 2853 2381
f 2380 2852 2851
f 2848 2854 2849
f 2849 2854 2855
f 2849 2855 2852
f 2853 2851 2850
f 2851 2857 2850
f 2851 2852 2857
f 2857 2852 2850
f 2845 2841 2847
f 2847 2841 2887
f 2841 2842 2858
f 2841 2858 2887
f 2847 2887 2844
f 2844 2887 2846
f 2846 2859 2862
f 2887 2859 2846
f 2848 2846 2854
f 2855 2854 2852
f 2854 2864 2852
f 2852 2860 2850
f 2852 2861 2860
f 2846 2862 2854
f 2854 2863 2864
f 2852 2864 2861
f 2758 2778 2779
f 2865 2836 2835
f 2835 2779 2865
f 2865 2779 2782
f 2865 2867 2836
f 2865 2782 2867
f 2836 2867 2866
f 2831 2868 2838
f 2831 2869 2868
f 2836 2869 2831
f 2836 2866 2869
f 2781 2870 2782
f 2867 2782 2870
f 2867 2873 2866
f 2866 2868 2869
f 2838 2868 2872
f 2843 2871 2842
f 2838 2872 2871
f 2871 2872 2842
f 2866 2873 2868
f 2873 2874 2868
f 2868 2874 2875
f 2873 2875 2874
f 2868 2876 2872
f 2868 2875 2876
f 2872 2876 2886
f 2812 2810 2813
f 2877 2810 2878
f 2810 2879 2878
f 2879 2881 2878
f 2875 2880 2876
f 2882 2878 2881
f 2880 2882 2881
f 2784 2818 2787
f 2787 2818 2870
f 2870 2818 2884
f 2867 2870 2883
f 2870 2884 2883
f 2867 2883 2873
f 2873 2883 2884
f 2822 2820 2819
f 2818 2820 2822
f 2822 2884 2818
f 2884 2822 2873
f 2873 2822 2885
f 2873 2885 2875
f 2827 2828 2822
f 2810 2828 2827
f 2810 2877 2828
f 2877 2878 2828
f 2822 2878 2885
f 2878 2882 2885
f 2878 2822 2828
f 2882 2880 2885
f 2875 2885 2880
f 2842 2888 2858
f 2842 2886 2888
f 2888 2895 2858
f 2886 2842 2872
f 2886 2876 2888
f 2876 2889 2888
f 2889 2893 2888
f 2888 2890 2895
f 2888 2893 2890
f 2892 2876 2880
f 2892 2889 2876
f 2893 2895 2890
f 2891 2895 2893
f 2892 2893 2889
f 2887 2858 2862
f 2859 2887 2862
f 2895 2862 2858
f 2862 2894 2863
f 2862 2863 2854
f 2863 2894 2864
f 2861 2864 2897
f 2897 2864 2894
f 2895 2891 2894
f 2895 2894 2862
f 2894 2891 2897
f 2897 2891 2896
f 2655 2654 2901
f 2206 2899 2210
f 2901 2898 2899
f 2899 2898 2210
f 2901 2654 2900
f 2652 2653 2654
f 2902 2654 2653
f 2902 2900 2654
f 2902 2652 2650
f 2650 2652 2651
f 2653 2652 2902
f 2903 2900 2902
f 2903 2902 2913
f 2903 2901 2900
f 2903 2911 2901
f 2212 2656 2899
f 2655 2899 2656
f 2655 2901 2899
f 2904 2914 2910
f 2215 2905 2904
f 2215 2210 2905
f 2904 2905 2210
f 2904 2210 2898
f 2904 2898 2906
f 2901 2906 2898
f 2911 2906 2901
f 2911 2904 2906
f 2200 2216 2907
f 2215 2904 2216
f 2216 2908 2909
f 2904 2909 2908
f 2904 2908 2216
f 2760 2200 2907
f 2216 2909 2907
f 2907 2909 2797
f 2907 2797 2760
f 2910 2909 2904
f 2904 2911 2914
f 2903 2914 2911
f 2903 2913 2912
f 2903 2912 2914
f 2914 2912 2915
f 2916 2912 2761
f 2912 2913 2761
f 2912 2916 2915
f 2804 2915 2917
f 2916 2917 2915
f 2916 2804 2917
f 2804 2914 2915
f 2918 2921 2919
f 2918 2666 2921
f 2650 2913 2902
f 2922 2650 2918
f 2650 2922 2913
f 2918 2920 2922
f 2918 2919 2920
f 2665 2669 2666
f 2669 2921 2666
f 2920 2919 2923
f 2919 2921 2925
f 2921 2931 2925
f 2761 2913 2922
f 2922 2920 2761
f 2924 2761 2920
f 2920 2923 2924
f 2923 2919 2925
f 2925 2931 2937
f 2923 2926 2924
f 2923 2925 2926
f 2924 2926 2927
f 2762 2924 2927
f 2797 2909 2796
f 2909 2910 2796
f 2910 2928 2796
f 2910 2914 2928
f 2914 2804 2928
f 2669 2930 2921
f 2669 2929 2930
f 2921 2930 2931
f 2930 2940 2931
f 2719 2934 2929
f 2930 2929 2940
f 2933 2935 2932
f 2935 2719 2932
f 2925 2937 2926
f 2931 2936 2937
f 2926 2937 2952
f 2926 2952 2927
f 2937 2938 2939
f 2937 2939 2952
f 2931 2940 2936
f 2929 2934 2940
f 2934 2719 2949
f 2934 2949 2940
f 2936 2941 2937
f 2937 2941 2938
f 2936 2940 2941
f 2722 2943 2932
f 2943 2933 2932
f 2722 2732 2943
f 2382 2732 2730
f 2943 2732 2933
f 2933 2946 2935
f 2933 2942 2946
f 2935 2946 2719
f 2732 2944 2933
f 2732 2382 2944
f 2944 2382 2856
f 2933 2944 2942
f 2850 2944 2856
f 2850 2945 2944
f 2719 2946 2949
f 2947 2949 2946
f 2940 2957 2941
f 2940 2948 2957
f 2940 2949 2948
f 2942 2944 2945
f 2850 2860 2945
f 2946 2942 2947
f 2860 2942 2945
f 2942 2860 2947
f 2947 2951 2949
f 2861 2947 2860
f 2861 2950 2947
f 2947 2950 2951
f 2927 2810 2762
f 2810 2927 2954
f 2952 2953 2927
f 2879 2810 2954
f 2954 2927 2879
f 2953 2881 2927
f 2927 2881 2879
f 2938 2941 2939
f 2939 2953 2952
f 2941 2953 2939
f 2941 2957 2953
f 2953 2956 2955
f 2953 2957 2956
f 2953 2958 2881
f 2953 2955 2958
f 2881 2958 2880
f 2958 2955 2880
f 2880 2955 2956
f 2948 2959 2957
f 2957 2960 2956
f 2957 2959 2960
f 2880 2960 2892
f 2880 2956 2960
f 2892 2960 2893
f 2960 2948 2893
f 2891 2893 2948
f 2948 2960 2959
f 2948 2861 2961
f 2948 2950 2861
f 2949 2950 2948
f 2949 2951 2950
f 2948 2896 2891
f 2861 2897 2896
f 2948 2961 2896
f 2861 2896 2961
f 150 608 151
f 608 607 151
f 151 2962 1931
f 1931 2962 1933
f 607 610 151
f 610 2962 151
f 1933 2962 2969
f 2962 610 2963
f 614 615 2963
f 614 2963 610
f 2962 2963 2965
f 2962 2965 2964
f 2967 2968 2969
f 2962 2964 2967
f 2962 2967 2969
f 2968 2970 2969
f 2970 2971 2969
f 2971 1952 2969
f 2970 1952 2971
f 1952 2970 1954
f 2964 2968 2967
f 2964 2966 2968
f 2968 2972 2970
f 2966 2973 2968
f 2968 2973 2972
f 2970 2975 1954
f 2976 2975 2977
f 2975 2988 2977
f 2972 2975 2970
f 2972 2973 2974
f 2972 2988 2975
f 2974 2988 2972
f 2974 2998 2988
f 2965 2978 2964
f 2963 2978 2965
f 2978 2966 2964
f 2978 2973 2966
f 2978 2999 2973
f 616 2963 615
f 616 2978 2963
f 616 2999 2978
f 617 636 616
f 2974 2973 2999
f 2999 2979 2980
f 2980 2981 2999
f 2979 2982 2980
f 2980 653 2981
f 653 2980 639
f 1954 2975 1953
f 1954 1953 1952
f 2975 2983 1953
f 1953 2983 2984
f 2975 2984 2983
f 2975 2976 2984
f 2976 1957 2984
f 1957 2976 2977
f 636 2999 616
f 2999 636 2979
f 636 2985 2979
f 639 2979 2985
f 639 2982 2979
f 639 2980 2982
f 2012 1957 2977
f 2977 2988 2012
f 2986 2013 2988
f 2996 2986 2988
f 2989 2013 2986
f 2014 2012 2990
f 2988 2990 2012
f 2988 2013 2990
f 2013 2014 2990
f 2998 2987 2988
f 2987 2996 2988
f 2015 2013 2992
f 2015 2993 2016
f 672 2016 2993
f 2992 672 2015
f 672 2993 2015
f 2996 2989 2986
f 2996 2992 2989
f 2987 2994 2996
f 2992 2997 672
f 2992 2996 2997
f 651 2997 652
f 651 672 2997
f 652 2997 2996
f 2013 2989 2992
f 2998 2974 2981
f 2981 2974 2999
f 2987 2998 3000
f 653 3000 2998
f 3000 653 656
f 653 2998 2981
f 2987 3000 2994
f 655 2994 3000
f 655 2995 2994
f 655 652 2995
f 655 3000 656
f 2994 652 2996
f 2994 2995 652
f 672 2991 2016
f 206 2991 672
f 206 2016 2991

